[13Jan.2024 07:34:00.172] [ForkJoinPool-1-worker-1/DEBUG] [io.netty.util.internal.logging.InternalLoggerFactory/]: Using SLF4J as the default logging framework
[13Jan.2024 07:34:00.180] [ForkJoinPool-1-worker-1/DEBUG] [io.netty.util.internal.InternalThreadLocalMap/]: -Dio.netty.threadLocalMap.stringBuilder.initialSize: 1024
[13Jan.2024 07:34:00.181] [ForkJoinPool-1-worker-1/DEBUG] [io.netty.util.internal.InternalThreadLocalMap/]: -Dio.netty.threadLocalMap.stringBuilder.maxSize: 4096
[13Jan.2024 07:34:00.198] [ForkJoinPool-1-worker-1/DEBUG] [io.netty.util.internal.PlatformDependent0/]: -Dio.netty.noUnsafe: false
[13Jan.2024 07:34:00.198] [ForkJoinPool-1-worker-1/DEBUG] [io.netty.util.internal.PlatformDependent0/]: Java version: 17
[13Jan.2024 07:34:00.200] [ForkJoinPool-1-worker-1/DEBUG] [io.netty.util.internal.PlatformDependent0/]: sun.misc.Unsafe.theUnsafe: available
[13Jan.2024 07:34:00.201] [ForkJoinPool-1-worker-1/DEBUG] [io.netty.util.internal.PlatformDependent0/]: sun.misc.Unsafe.copyMemory: available
[13Jan.2024 07:34:00.201] [ForkJoinPool-1-worker-1/DEBUG] [io.netty.util.internal.PlatformDependent0/]: java.nio.Buffer.address: available
[13Jan.2024 07:34:00.202] [ForkJoinPool-1-worker-1/DEBUG] [io.netty.util.internal.PlatformDependent0/]: direct buffer constructor: unavailable
java.lang.UnsupportedOperationException: Reflective setAccessible(true) disabled
	at io.netty.util.internal.ReflectionUtil.trySetAccessible(ReflectionUtil.java:31) ~[netty-all-4.1.68.Final.jar:4.1.68.Final]
	at io.netty.util.internal.PlatformDependent0$4.run(PlatformDependent0.java:253) ~[netty-all-4.1.68.Final.jar:4.1.68.Final]
	at java.security.AccessController.doPrivileged(AccessController.java:318) ~[?:?]
	at io.netty.util.internal.PlatformDependent0.<clinit>(PlatformDependent0.java:247) ~[netty-all-4.1.68.Final.jar:4.1.68.Final]
	at io.netty.util.internal.PlatformDependent.isAndroid(PlatformDependent.java:294) ~[netty-all-4.1.68.Final.jar:4.1.68.Final]
	at io.netty.util.internal.PlatformDependent.<clinit>(PlatformDependent.java:88) ~[netty-all-4.1.68.Final.jar:4.1.68.Final]
	at io.netty.buffer.ByteBufUtil.<clinit>(ByteBufUtil.java:78) ~[netty-all-4.1.68.Final.jar:4.1.68.Final]
	at io.netty.buffer.ByteBufAllocator.<clinit>(ByteBufAllocator.java:24) ~[netty-all-4.1.68.Final.jar:4.1.68.Final]
	at dan200.computercraft.client.sound.DfpwmStreamTest.testDecodesBytes(DfpwmStreamTest.java:23) ~[test/:?]
	at jdk.internal.reflect.NativeMethodAccessorImpl.invoke0(Native Method) ~[?:?]
	at jdk.internal.reflect.NativeMethodAccessorImpl.invoke(NativeMethodAccessorImpl.java:77) ~[?:?]
	at jdk.internal.reflect.DelegatingMethodAccessorImpl.invoke(DelegatingMethodAccessorImpl.java:43) ~[?:?]
	at java.lang.reflect.Method.invoke(Method.java:568) ~[?:?]
	at org.junit.platform.commons.util.ReflectionUtils.invokeMethod(ReflectionUtils.java:727) ~[junit-platform-commons-1.9.1.jar:1.9.1]
	at org.junit.jupiter.engine.execution.MethodInvocation.proceed(MethodInvocation.java:60) ~[junit-jupiter-engine-5.9.1.jar:5.9.1]
	at org.junit.jupiter.engine.execution.InvocationInterceptorChain$ValidatingInvocation.proceed(InvocationInterceptorChain.java:131) ~[junit-jupiter-engine-5.9.1.jar:5.9.1]
	at org.junit.jupiter.engine.extension.TimeoutExtension.intercept(TimeoutExtension.java:156) ~[junit-jupiter-engine-5.9.1.jar:5.9.1]
	at org.junit.jupiter.engine.extension.TimeoutExtension.interceptTestableMethod(TimeoutExtension.java:147) ~[junit-jupiter-engine-5.9.1.jar:5.9.1]
	at org.junit.jupiter.engine.extension.TimeoutExtension.interceptTestMethod(TimeoutExtension.java:86) ~[junit-jupiter-engine-5.9.1.jar:5.9.1]
	at org.junit.jupiter.engine.execution.InterceptingExecutableInvoker$ReflectiveInterceptorCall.lambda$ofVoidMethod$0(InterceptingExecutableInvoker.java:103) ~[junit-jupiter-engine-5.9.1.jar:5.9.1]
	at org.junit.jupiter.engine.execution.InterceptingExecutableInvoker.lambda$invoke$0(InterceptingExecutableInvoker.java:93) ~[junit-jupiter-engine-5.9.1.jar:5.9.1]
	at org.junit.jupiter.engine.execution.InvocationInterceptorChain$InterceptedInvocation.proceed(InvocationInterceptorChain.java:106) ~[junit-jupiter-engine-5.9.1.jar:5.9.1]
	at org.junit.jupiter.engine.execution.InvocationInterceptorChain.proceed(InvocationInterceptorChain.java:64) ~[junit-jupiter-engine-5.9.1.jar:5.9.1]
	at org.junit.jupiter.engine.execution.InvocationInterceptorChain.chainAndInvoke(InvocationInterceptorChain.java:45) ~[junit-jupiter-engine-5.9.1.jar:5.9.1]
	at org.junit.jupiter.engine.execution.InvocationInterceptorChain.invoke(InvocationInterceptorChain.java:37) ~[junit-jupiter-engine-5.9.1.jar:5.9.1]
	at org.junit.jupiter.engine.execution.InterceptingExecutableInvoker.invoke(InterceptingExecutableInvoker.java:92) ~[junit-jupiter-engine-5.9.1.jar:5.9.1]
	at org.junit.jupiter.engine.execution.InterceptingExecutableInvoker.invoke(InterceptingExecutableInvoker.java:86) ~[junit-jupiter-engine-5.9.1.jar:5.9.1]
	at org.junit.jupiter.engine.descriptor.TestMethodTestDescriptor.lambda$invokeTestMethod$7(TestMethodTestDescriptor.java:217) ~[junit-jupiter-engine-5.9.1.jar:5.9.1]
	at org.junit.platform.engine.support.hierarchical.ThrowableCollector.execute(ThrowableCollector.java:73) ~[junit-platform-engine-1.9.1.jar:1.9.1]
	at org.junit.jupiter.engine.descriptor.TestMethodTestDescriptor.invokeTestMethod(TestMethodTestDescriptor.java:213) ~[junit-jupiter-engine-5.9.1.jar:5.9.1]
	at org.junit.jupiter.engine.descriptor.TestMethodTestDescriptor.execute(TestMethodTestDescriptor.java:138) ~[junit-jupiter-engine-5.9.1.jar:5.9.1]
	at org.junit.jupiter.engine.descriptor.TestMethodTestDescriptor.execute(TestMethodTestDescriptor.java:68) ~[junit-jupiter-engine-5.9.1.jar:5.9.1]
	at org.junit.platform.engine.support.hierarchical.NodeTestTask.lambda$executeRecursively$6(NodeTestTask.java:151) ~[junit-platform-engine-1.9.1.jar:1.9.1]
	at org.junit.platform.engine.support.hierarchical.ThrowableCollector.execute(ThrowableCollector.java:73) ~[junit-platform-engine-1.9.1.jar:1.9.1]
	at org.junit.platform.engine.support.hierarchical.NodeTestTask.lambda$executeRecursively$8(NodeTestTask.java:141) ~[junit-platform-engine-1.9.1.jar:1.9.1]
	at org.junit.platform.engine.support.hierarchical.Node.around(Node.java:137) ~[junit-platform-engine-1.9.1.jar:1.9.1]
	at org.junit.platform.engine.support.hierarchical.NodeTestTask.lambda$executeRecursively$9(NodeTestTask.java:139) ~[junit-platform-engine-1.9.1.jar:1.9.1]
	at org.junit.platform.engine.support.hierarchical.ThrowableCollector.execute(ThrowableCollector.java:73) ~[junit-platform-engine-1.9.1.jar:1.9.1]
	at org.junit.platform.engine.support.hierarchical.NodeTestTask.executeRecursively(NodeTestTask.java:138) ~[junit-platform-engine-1.9.1.jar:1.9.1]
	at org.junit.platform.engine.support.hierarchical.NodeTestTask.execute(NodeTestTask.java:95) ~[junit-platform-engine-1.9.1.jar:1.9.1]
	at org.junit.platform.engine.support.hierarchical.ForkJoinPoolHierarchicalTestExecutorService$ExclusiveTask.compute(ForkJoinPoolHierarchicalTestExecutorService.java:185) ~[junit-platform-engine-1.9.1.jar:1.9.1]
	at org.junit.platform.engine.support.hierarchical.ForkJoinPoolHierarchicalTestExecutorService.invokeAll(ForkJoinPoolHierarchicalTestExecutorService.java:129) ~[junit-platform-engine-1.9.1.jar:1.9.1]
	at org.junit.platform.engine.support.hierarchical.NodeTestTask.lambda$executeRecursively$6(NodeTestTask.java:155) ~[junit-platform-engine-1.9.1.jar:1.9.1]
	at org.junit.platform.engine.support.hierarchical.ThrowableCollector.execute(ThrowableCollector.java:73) ~[junit-platform-engine-1.9.1.jar:1.9.1]
	at org.junit.platform.engine.support.hierarchical.NodeTestTask.lambda$executeRecursively$8(NodeTestTask.java:141) ~[junit-platform-engine-1.9.1.jar:1.9.1]
	at org.junit.platform.engine.support.hierarchical.Node.around(Node.java:137) ~[junit-platform-engine-1.9.1.jar:1.9.1]
	at org.junit.platform.engine.support.hierarchical.NodeTestTask.lambda$executeRecursively$9(NodeTestTask.java:139) ~[junit-platform-engine-1.9.1.jar:1.9.1]
	at org.junit.platform.engine.support.hierarchical.ThrowableCollector.execute(ThrowableCollector.java:73) ~[junit-platform-engine-1.9.1.jar:1.9.1]
	at org.junit.platform.engine.support.hierarchical.NodeTestTask.executeRecursively(NodeTestTask.java:138) ~[junit-platform-engine-1.9.1.jar:1.9.1]
	at org.junit.platform.engine.support.hierarchical.NodeTestTask.execute(NodeTestTask.java:95) ~[junit-platform-engine-1.9.1.jar:1.9.1]
	at org.junit.platform.engine.support.hierarchical.ForkJoinPoolHierarchicalTestExecutorService$ExclusiveTask.compute(ForkJoinPoolHierarchicalTestExecutorService.java:185) ~[junit-platform-engine-1.9.1.jar:1.9.1]
	at org.junit.platform.engine.support.hierarchical.ForkJoinPoolHierarchicalTestExecutorService.executeNonConcurrentTasks(ForkJoinPoolHierarchicalTestExecutorService.java:155) ~[junit-platform-engine-1.9.1.jar:1.9.1]
	at org.junit.platform.engine.support.hierarchical.ForkJoinPoolHierarchicalTestExecutorService.invokeAll(ForkJoinPoolHierarchicalTestExecutorService.java:135) ~[junit-platform-engine-1.9.1.jar:1.9.1]
	at org.junit.platform.engine.support.hierarchical.NodeTestTask.lambda$executeRecursively$6(NodeTestTask.java:155) ~[junit-platform-engine-1.9.1.jar:1.9.1]
	at org.junit.platform.engine.support.hierarchical.ThrowableCollector.execute(ThrowableCollector.java:73) ~[junit-platform-engine-1.9.1.jar:1.9.1]
	at org.junit.platform.engine.support.hierarchical.NodeTestTask.lambda$executeRecursively$8(NodeTestTask.java:141) ~[junit-platform-engine-1.9.1.jar:1.9.1]
	at org.junit.platform.engine.support.hierarchical.Node.around(Node.java:137) ~[junit-platform-engine-1.9.1.jar:1.9.1]
	at org.junit.platform.engine.support.hierarchical.NodeTestTask.lambda$executeRecursively$9(NodeTestTask.java:139) ~[junit-platform-engine-1.9.1.jar:1.9.1]
	at org.junit.platform.engine.support.hierarchical.ThrowableCollector.execute(ThrowableCollector.java:73) [junit-platform-engine-1.9.1.jar:1.9.1]
	at org.junit.platform.engine.support.hierarchical.NodeTestTask.executeRecursively(NodeTestTask.java:138) [junit-platform-engine-1.9.1.jar:1.9.1]
	at org.junit.platform.engine.support.hierarchical.NodeTestTask.execute(NodeTestTask.java:95) [junit-platform-engine-1.9.1.jar:1.9.1]
	at org.junit.platform.engine.support.hierarchical.ForkJoinPoolHierarchicalTestExecutorService$ExclusiveTask.compute(ForkJoinPoolHierarchicalTestExecutorService.java:185) [junit-platform-engine-1.9.1.jar:1.9.1]
	at java.util.concurrent.RecursiveAction.exec(RecursiveAction.java:194) [?:?]
	at java.util.concurrent.ForkJoinTask.doExec(ForkJoinTask.java:373) [?:?]
	at java.util.concurrent.ForkJoinPool$WorkQueue.topLevelExec(ForkJoinPool.java:1182) [?:?]
	at java.util.concurrent.ForkJoinPool.scan(ForkJoinPool.java:1655) [?:?]
	at java.util.concurrent.ForkJoinPool.runWorker(ForkJoinPool.java:1622) [?:?]
	at java.util.concurrent.ForkJoinWorkerThread.run(ForkJoinWorkerThread.java:165) [?:?]
[13Jan.2024 07:34:00.211] [ForkJoinPool-1-worker-1/DEBUG] [io.netty.util.internal.PlatformDependent0/]: java.nio.Bits.unaligned: available, true
[13Jan.2024 07:34:00.212] [ForkJoinPool-1-worker-1/DEBUG] [io.netty.util.internal.PlatformDependent0/]: jdk.internal.misc.Unsafe.allocateUninitializedArray(int): unavailable
java.lang.IllegalAccessException: class io.netty.util.internal.PlatformDependent0$6 cannot access class jdk.internal.misc.Unsafe (in module java.base) because module java.base does not export jdk.internal.misc to unnamed module @52a86356
	at jdk.internal.reflect.Reflection.newIllegalAccessException(Reflection.java:392) ~[?:?]
	at java.lang.reflect.AccessibleObject.checkAccess(AccessibleObject.java:674) ~[?:?]
	at java.lang.reflect.Method.invoke(Method.java:560) ~[?:?]
	at io.netty.util.internal.PlatformDependent0$6.run(PlatformDependent0.java:375) ~[netty-all-4.1.68.Final.jar:4.1.68.Final]
	at java.security.AccessController.doPrivileged(AccessController.java:318) ~[?:?]
	at io.netty.util.internal.PlatformDependent0.<clinit>(PlatformDependent0.java:366) ~[netty-all-4.1.68.Final.jar:4.1.68.Final]
	at io.netty.util.internal.PlatformDependent.isAndroid(PlatformDependent.java:294) ~[netty-all-4.1.68.Final.jar:4.1.68.Final]
	at io.netty.util.internal.PlatformDependent.<clinit>(PlatformDependent.java:88) ~[netty-all-4.1.68.Final.jar:4.1.68.Final]
	at io.netty.buffer.ByteBufUtil.<clinit>(ByteBufUtil.java:78) ~[netty-all-4.1.68.Final.jar:4.1.68.Final]
	at io.netty.buffer.ByteBufAllocator.<clinit>(ByteBufAllocator.java:24) ~[netty-all-4.1.68.Final.jar:4.1.68.Final]
	at dan200.computercraft.client.sound.DfpwmStreamTest.testDecodesBytes(DfpwmStreamTest.java:23) ~[test/:?]
	at jdk.internal.reflect.NativeMethodAccessorImpl.invoke0(Native Method) ~[?:?]
	at jdk.internal.reflect.NativeMethodAccessorImpl.invoke(NativeMethodAccessorImpl.java:77) ~[?:?]
	at jdk.internal.reflect.DelegatingMethodAccessorImpl.invoke(DelegatingMethodAccessorImpl.java:43) ~[?:?]
	at java.lang.reflect.Method.invoke(Method.java:568) ~[?:?]
	at org.junit.platform.commons.util.ReflectionUtils.invokeMethod(ReflectionUtils.java:727) ~[junit-platform-commons-1.9.1.jar:1.9.1]
	at org.junit.jupiter.engine.execution.MethodInvocation.proceed(MethodInvocation.java:60) ~[junit-jupiter-engine-5.9.1.jar:5.9.1]
	at org.junit.jupiter.engine.execution.InvocationInterceptorChain$ValidatingInvocation.proceed(InvocationInterceptorChain.java:131) ~[junit-jupiter-engine-5.9.1.jar:5.9.1]
	at org.junit.jupiter.engine.extension.TimeoutExtension.intercept(TimeoutExtension.java:156) ~[junit-jupiter-engine-5.9.1.jar:5.9.1]
	at org.junit.jupiter.engine.extension.TimeoutExtension.interceptTestableMethod(TimeoutExtension.java:147) ~[junit-jupiter-engine-5.9.1.jar:5.9.1]
	at org.junit.jupiter.engine.extension.TimeoutExtension.interceptTestMethod(TimeoutExtension.java:86) ~[junit-jupiter-engine-5.9.1.jar:5.9.1]
	at org.junit.jupiter.engine.execution.InterceptingExecutableInvoker$ReflectiveInterceptorCall.lambda$ofVoidMethod$0(InterceptingExecutableInvoker.java:103) ~[junit-jupiter-engine-5.9.1.jar:5.9.1]
	at org.junit.jupiter.engine.execution.InterceptingExecutableInvoker.lambda$invoke$0(InterceptingExecutableInvoker.java:93) ~[junit-jupiter-engine-5.9.1.jar:5.9.1]
	at org.junit.jupiter.engine.execution.InvocationInterceptorChain$InterceptedInvocation.proceed(InvocationInterceptorChain.java:106) ~[junit-jupiter-engine-5.9.1.jar:5.9.1]
	at org.junit.jupiter.engine.execution.InvocationInterceptorChain.proceed(InvocationInterceptorChain.java:64) ~[junit-jupiter-engine-5.9.1.jar:5.9.1]
	at org.junit.jupiter.engine.execution.InvocationInterceptorChain.chainAndInvoke(InvocationInterceptorChain.java:45) ~[junit-jupiter-engine-5.9.1.jar:5.9.1]
	at org.junit.jupiter.engine.execution.InvocationInterceptorChain.invoke(InvocationInterceptorChain.java:37) ~[junit-jupiter-engine-5.9.1.jar:5.9.1]
	at org.junit.jupiter.engine.execution.InterceptingExecutableInvoker.invoke(InterceptingExecutableInvoker.java:92) ~[junit-jupiter-engine-5.9.1.jar:5.9.1]
	at org.junit.jupiter.engine.execution.InterceptingExecutableInvoker.invoke(InterceptingExecutableInvoker.java:86) ~[junit-jupiter-engine-5.9.1.jar:5.9.1]
	at org.junit.jupiter.engine.descriptor.TestMethodTestDescriptor.lambda$invokeTestMethod$7(TestMethodTestDescriptor.java:217) ~[junit-jupiter-engine-5.9.1.jar:5.9.1]
	at org.junit.platform.engine.support.hierarchical.ThrowableCollector.execute(ThrowableCollector.java:73) ~[junit-platform-engine-1.9.1.jar:1.9.1]
	at org.junit.jupiter.engine.descriptor.TestMethodTestDescriptor.invokeTestMethod(TestMethodTestDescriptor.java:213) ~[junit-jupiter-engine-5.9.1.jar:5.9.1]
	at org.junit.jupiter.engine.descriptor.TestMethodTestDescriptor.execute(TestMethodTestDescriptor.java:138) ~[junit-jupiter-engine-5.9.1.jar:5.9.1]
	at org.junit.jupiter.engine.descriptor.TestMethodTestDescriptor.execute(TestMethodTestDescriptor.java:68) ~[junit-jupiter-engine-5.9.1.jar:5.9.1]
	at org.junit.platform.engine.support.hierarchical.NodeTestTask.lambda$executeRecursively$6(NodeTestTask.java:151) ~[junit-platform-engine-1.9.1.jar:1.9.1]
	at org.junit.platform.engine.support.hierarchical.ThrowableCollector.execute(ThrowableCollector.java:73) ~[junit-platform-engine-1.9.1.jar:1.9.1]
	at org.junit.platform.engine.support.hierarchical.NodeTestTask.lambda$executeRecursively$8(NodeTestTask.java:141) ~[junit-platform-engine-1.9.1.jar:1.9.1]
	at org.junit.platform.engine.support.hierarchical.Node.around(Node.java:137) ~[junit-platform-engine-1.9.1.jar:1.9.1]
	at org.junit.platform.engine.support.hierarchical.NodeTestTask.lambda$executeRecursively$9(NodeTestTask.java:139) ~[junit-platform-engine-1.9.1.jar:1.9.1]
	at org.junit.platform.engine.support.hierarchical.ThrowableCollector.execute(ThrowableCollector.java:73) ~[junit-platform-engine-1.9.1.jar:1.9.1]
	at org.junit.platform.engine.support.hierarchical.NodeTestTask.executeRecursively(NodeTestTask.java:138) ~[junit-platform-engine-1.9.1.jar:1.9.1]
	at org.junit.platform.engine.support.hierarchical.NodeTestTask.execute(NodeTestTask.java:95) ~[junit-platform-engine-1.9.1.jar:1.9.1]
	at org.junit.platform.engine.support.hierarchical.ForkJoinPoolHierarchicalTestExecutorService$ExclusiveTask.compute(ForkJoinPoolHierarchicalTestExecutorService.java:185) ~[junit-platform-engine-1.9.1.jar:1.9.1]
	at org.junit.platform.engine.support.hierarchical.ForkJoinPoolHierarchicalTestExecutorService.invokeAll(ForkJoinPoolHierarchicalTestExecutorService.java:129) ~[junit-platform-engine-1.9.1.jar:1.9.1]
	at org.junit.platform.engine.support.hierarchical.NodeTestTask.lambda$executeRecursively$6(NodeTestTask.java:155) ~[junit-platform-engine-1.9.1.jar:1.9.1]
	at org.junit.platform.engine.support.hierarchical.ThrowableCollector.execute(ThrowableCollector.java:73) ~[junit-platform-engine-1.9.1.jar:1.9.1]
	at org.junit.platform.engine.support.hierarchical.NodeTestTask.lambda$executeRecursively$8(NodeTestTask.java:141) ~[junit-platform-engine-1.9.1.jar:1.9.1]
	at org.junit.platform.engine.support.hierarchical.Node.around(Node.java:137) ~[junit-platform-engine-1.9.1.jar:1.9.1]
	at org.junit.platform.engine.support.hierarchical.NodeTestTask.lambda$executeRecursively$9(NodeTestTask.java:139) ~[junit-platform-engine-1.9.1.jar:1.9.1]
	at org.junit.platform.engine.support.hierarchical.ThrowableCollector.execute(ThrowableCollector.java:73) ~[junit-platform-engine-1.9.1.jar:1.9.1]
	at org.junit.platform.engine.support.hierarchical.NodeTestTask.executeRecursively(NodeTestTask.java:138) ~[junit-platform-engine-1.9.1.jar:1.9.1]
	at org.junit.platform.engine.support.hierarchical.NodeTestTask.execute(NodeTestTask.java:95) ~[junit-platform-engine-1.9.1.jar:1.9.1]
	at org.junit.platform.engine.support.hierarchical.ForkJoinPoolHierarchicalTestExecutorService$ExclusiveTask.compute(ForkJoinPoolHierarchicalTestExecutorService.java:185) ~[junit-platform-engine-1.9.1.jar:1.9.1]
	at org.junit.platform.engine.support.hierarchical.ForkJoinPoolHierarchicalTestExecutorService.executeNonConcurrentTasks(ForkJoinPoolHierarchicalTestExecutorService.java:155) ~[junit-platform-engine-1.9.1.jar:1.9.1]
	at org.junit.platform.engine.support.hierarchical.ForkJoinPoolHierarchicalTestExecutorService.invokeAll(ForkJoinPoolHierarchicalTestExecutorService.java:135) ~[junit-platform-engine-1.9.1.jar:1.9.1]
	at org.junit.platform.engine.support.hierarchical.NodeTestTask.lambda$executeRecursively$6(NodeTestTask.java:155) ~[junit-platform-engine-1.9.1.jar:1.9.1]
	at org.junit.platform.engine.support.hierarchical.ThrowableCollector.execute(ThrowableCollector.java:73) ~[junit-platform-engine-1.9.1.jar:1.9.1]
	at org.junit.platform.engine.support.hierarchical.NodeTestTask.lambda$executeRecursively$8(NodeTestTask.java:141) ~[junit-platform-engine-1.9.1.jar:1.9.1]
	at org.junit.platform.engine.support.hierarchical.Node.around(Node.java:137) ~[junit-platform-engine-1.9.1.jar:1.9.1]
	at org.junit.platform.engine.support.hierarchical.NodeTestTask.lambda$executeRecursively$9(NodeTestTask.java:139) ~[junit-platform-engine-1.9.1.jar:1.9.1]
	at org.junit.platform.engine.support.hierarchical.ThrowableCollector.execute(ThrowableCollector.java:73) [junit-platform-engine-1.9.1.jar:1.9.1]
	at org.junit.platform.engine.support.hierarchical.NodeTestTask.executeRecursively(NodeTestTask.java:138) [junit-platform-engine-1.9.1.jar:1.9.1]
	at org.junit.platform.engine.support.hierarchical.NodeTestTask.execute(NodeTestTask.java:95) [junit-platform-engine-1.9.1.jar:1.9.1]
	at org.junit.platform.engine.support.hierarchical.ForkJoinPoolHierarchicalTestExecutorService$ExclusiveTask.compute(ForkJoinPoolHierarchicalTestExecutorService.java:185) [junit-platform-engine-1.9.1.jar:1.9.1]
	at java.util.concurrent.RecursiveAction.exec(RecursiveAction.java:194) [?:?]
	at java.util.concurrent.ForkJoinTask.doExec(ForkJoinTask.java:373) [?:?]
	at java.util.concurrent.ForkJoinPool$WorkQueue.topLevelExec(ForkJoinPool.java:1182) [?:?]
	at java.util.concurrent.ForkJoinPool.scan(ForkJoinPool.java:1655) [?:?]
	at java.util.concurrent.ForkJoinPool.runWorker(ForkJoinPool.java:1622) [?:?]
	at java.util.concurrent.ForkJoinWorkerThread.run(ForkJoinWorkerThread.java:165) [?:?]
[13Jan.2024 07:34:00.213] [ForkJoinPool-1-worker-1/DEBUG] [io.netty.util.internal.PlatformDependent0/]: java.nio.DirectByteBuffer.<init>(long, int): unavailable
[13Jan.2024 07:34:00.213] [ForkJoinPool-1-worker-1/DEBUG] [io.netty.util.internal.PlatformDependent/]: sun.misc.Unsafe: available
[13Jan.2024 07:34:00.214] [ForkJoinPool-1-worker-1/DEBUG] [io.netty.util.internal.PlatformDependent/]: maxDirectMemory: 536870912 bytes (maybe)
[13Jan.2024 07:34:00.214] [ForkJoinPool-1-worker-1/DEBUG] [io.netty.util.internal.PlatformDependent/]: -Dio.netty.tmpdir: /var/folders/3g/rxdhvbj96lv68y35t2cvghkr0000gn/T (java.io.tmpdir)
[13Jan.2024 07:34:00.214] [ForkJoinPool-1-worker-1/DEBUG] [io.netty.util.internal.PlatformDependent/]: -Dio.netty.bitMode: 64 (sun.arch.data.model)
[13Jan.2024 07:34:00.214] [ForkJoinPool-1-worker-1/DEBUG] [io.netty.util.internal.PlatformDependent/]: Platform: MacOS
[13Jan.2024 07:34:00.215] [ForkJoinPool-1-worker-1/DEBUG] [io.netty.util.internal.PlatformDependent/]: -Dio.netty.maxDirectMemory: -1 bytes
[13Jan.2024 07:34:00.215] [ForkJoinPool-1-worker-1/DEBUG] [io.netty.util.internal.PlatformDependent/]: -Dio.netty.uninitializedArrayAllocationThreshold: -1
[13Jan.2024 07:34:00.216] [ForkJoinPool-1-worker-1/DEBUG] [io.netty.util.internal.CleanerJava9/]: java.nio.ByteBuffer.cleaner(): available
[13Jan.2024 07:34:00.217] [ForkJoinPool-1-worker-1/DEBUG] [io.netty.util.internal.PlatformDependent/]: -Dio.netty.noPreferDirect: false
[13Jan.2024 07:34:00.233] [ForkJoinPool-1-worker-1/DEBUG] [io.netty.util.ResourceLeakDetector/]: -Dio.netty.leakDetection.level: simple
[13Jan.2024 07:34:00.233] [ForkJoinPool-1-worker-1/DEBUG] [io.netty.util.ResourceLeakDetector/]: -Dio.netty.leakDetection.targetRecords: 4
[13Jan.2024 07:34:00.236] [ForkJoinPool-1-worker-1/DEBUG] [io.netty.buffer.PooledByteBufAllocator/]: -Dio.netty.allocator.numHeapArenas: 5
[13Jan.2024 07:34:00.236] [ForkJoinPool-1-worker-1/DEBUG] [io.netty.buffer.PooledByteBufAllocator/]: -Dio.netty.allocator.numDirectArenas: 5
[13Jan.2024 07:34:00.237] [ForkJoinPool-1-worker-1/DEBUG] [io.netty.buffer.PooledByteBufAllocator/]: -Dio.netty.allocator.pageSize: 8192
[13Jan.2024 07:34:00.237] [ForkJoinPool-1-worker-1/DEBUG] [io.netty.buffer.PooledByteBufAllocator/]: -Dio.netty.allocator.maxOrder: 11
[13Jan.2024 07:34:00.237] [ForkJoinPool-1-worker-1/DEBUG] [io.netty.buffer.PooledByteBufAllocator/]: -Dio.netty.allocator.chunkSize: 16777216
[13Jan.2024 07:34:00.237] [ForkJoinPool-1-worker-1/DEBUG] [io.netty.buffer.PooledByteBufAllocator/]: -Dio.netty.allocator.smallCacheSize: 256
[13Jan.2024 07:34:00.237] [ForkJoinPool-1-worker-1/DEBUG] [io.netty.buffer.PooledByteBufAllocator/]: -Dio.netty.allocator.normalCacheSize: 64
[13Jan.2024 07:34:00.237] [ForkJoinPool-1-worker-1/DEBUG] [io.netty.buffer.PooledByteBufAllocator/]: -Dio.netty.allocator.maxCachedBufferCapacity: 32768
[13Jan.2024 07:34:00.237] [ForkJoinPool-1-worker-1/DEBUG] [io.netty.buffer.PooledByteBufAllocator/]: -Dio.netty.allocator.cacheTrimInterval: 8192
[13Jan.2024 07:34:00.238] [ForkJoinPool-1-worker-1/DEBUG] [io.netty.buffer.PooledByteBufAllocator/]: -Dio.netty.allocator.cacheTrimIntervalMillis: 0
[13Jan.2024 07:34:00.238] [ForkJoinPool-1-worker-1/DEBUG] [io.netty.buffer.PooledByteBufAllocator/]: -Dio.netty.allocator.useCacheForAllThreads: true
[13Jan.2024 07:34:00.238] [ForkJoinPool-1-worker-1/DEBUG] [io.netty.buffer.PooledByteBufAllocator/]: -Dio.netty.allocator.maxCachedByteBuffersPerChunk: 1023
[13Jan.2024 07:34:00.258] [ForkJoinPool-1-worker-1/DEBUG] [io.netty.buffer.ByteBufUtil/]: -Dio.netty.allocator.type: pooled
[13Jan.2024 07:34:00.258] [ForkJoinPool-1-worker-1/DEBUG] [io.netty.buffer.ByteBufUtil/]: -Dio.netty.threadLocalDirectBufferSize: 0
[13Jan.2024 07:34:00.258] [ForkJoinPool-1-worker-1/DEBUG] [io.netty.buffer.ByteBufUtil/]: -Dio.netty.maxThreadLocalCharBufferSize: 16384
[13Jan.2024 07:34:00.263] [ForkJoinPool-1-worker-1/DEBUG] [io.netty.util.Recycler/]: -Dio.netty.recycler.maxCapacityPerThread: 4096
[13Jan.2024 07:34:00.263] [ForkJoinPool-1-worker-1/DEBUG] [io.netty.util.Recycler/]: -Dio.netty.recycler.maxSharedCapacityFactor: 2
[13Jan.2024 07:34:00.263] [ForkJoinPool-1-worker-1/DEBUG] [io.netty.util.Recycler/]: -Dio.netty.recycler.linkCapacity: 16
[13Jan.2024 07:34:00.263] [ForkJoinPool-1-worker-1/DEBUG] [io.netty.util.Recycler/]: -Dio.netty.recycler.ratio: 8
[13Jan.2024 07:34:00.263] [ForkJoinPool-1-worker-1/DEBUG] [io.netty.util.Recycler/]: -Dio.netty.recycler.delayedQueue.ratio: 8
[13Jan.2024 07:34:00.271] [ForkJoinPool-1-worker-1/DEBUG] [io.netty.buffer.AbstractByteBuf/]: -Dio.netty.buffer.checkAccessible: true
[13Jan.2024 07:34:00.271] [ForkJoinPool-1-worker-1/DEBUG] [io.netty.buffer.AbstractByteBuf/]: -Dio.netty.buffer.checkBounds: true
[13Jan.2024 07:34:00.272] [ForkJoinPool-1-worker-1/DEBUG] [io.netty.util.ResourceLeakDetectorFactory/]: Loaded default ResourceLeakDetector: io.netty.util.ResourceLeakDetector@3381cf57
[13Jan.2024 07:34:00.341] [ForkJoinPool-1-worker-1/DEBUG] [computercraft/]: Generating method wrapper for dan200.computercraft.core.ComputerTestDelegate$FakeModem.isOpen.
[13Jan.2024 07:34:00.360] [ForkJoinPool-1-worker-1/DEBUG] [computercraft/]: Generating method wrapper for dan200.computercraft.core.ComputerTestDelegate$FakePeripheralHub.getNamesRemote.
[13Jan.2024 07:34:00.361] [ForkJoinPool-1-worker-1/DEBUG] [computercraft/]: Generating method wrapper for dan200.computercraft.core.ComputerTestDelegate$FakePeripheralHub.isPresentRemote.
[13Jan.2024 07:34:00.362] [ForkJoinPool-1-worker-1/DEBUG] [computercraft/]: Generating method wrapper for dan200.computercraft.core.ComputerTestDelegate$FakePeripheralHub.getTypeRemote.
[13Jan.2024 07:34:00.362] [ForkJoinPool-1-worker-1/DEBUG] [computercraft/]: Generating method wrapper for dan200.computercraft.core.ComputerTestDelegate$FakePeripheralHub.hasTypeRemote.
[13Jan.2024 07:34:00.362] [ForkJoinPool-1-worker-1/DEBUG] [computercraft/]: Generating method wrapper for dan200.computercraft.core.ComputerTestDelegate$FakePeripheralHub.getMethodsRemote.
[13Jan.2024 07:34:00.407] [ComputerCraft-Computer-Worker-4/DEBUG] [computercraft/]: Generating method wrapper for dan200.computercraft.core.apis.TermAPI.nativePaletteColour.
[13Jan.2024 07:34:00.408] [ComputerCraft-Computer-Worker-4/DEBUG] [computercraft/]: Generating method wrapper for dan200.computercraft.core.apis.TermMethods.clear.
[13Jan.2024 07:34:00.408] [ComputerCraft-Computer-Worker-4/DEBUG] [computercraft/]: Generating method wrapper for dan200.computercraft.core.apis.TermMethods.write.
[13Jan.2024 07:34:00.409] [ComputerCraft-Computer-Worker-4/DEBUG] [computercraft/]: Generating method wrapper for dan200.computercraft.core.apis.TermMethods.getSize.
[13Jan.2024 07:34:00.409] [ComputerCraft-Computer-Worker-4/DEBUG] [computercraft/]: Generating method wrapper for dan200.computercraft.core.apis.TermMethods.getCursorBlink.
[13Jan.2024 07:34:00.409] [ComputerCraft-Computer-Worker-4/DEBUG] [computercraft/]: Generating method wrapper for dan200.computercraft.core.apis.TermMethods.getTextColour.
[13Jan.2024 07:34:00.410] [ComputerCraft-Computer-Worker-4/DEBUG] [computercraft/]: Generating method wrapper for dan200.computercraft.core.apis.TermMethods.getBackgroundColour.
[13Jan.2024 07:34:00.410] [ComputerCraft-Computer-Worker-4/DEBUG] [computercraft/]: Generating method wrapper for dan200.computercraft.core.apis.TermMethods.setCursorPos.
[13Jan.2024 07:34:00.410] [ComputerCraft-Computer-Worker-4/DEBUG] [computercraft/]: Generating method wrapper for dan200.computercraft.core.apis.TermMethods.setCursorBlink.
[13Jan.2024 07:34:00.411] [ComputerCraft-Computer-Worker-4/DEBUG] [computercraft/]: Generating method wrapper for dan200.computercraft.core.apis.TermMethods.setTextColour.
[13Jan.2024 07:34:00.411] [ComputerCraft-Computer-Worker-4/DEBUG] [computercraft/]: Generating method wrapper for dan200.computercraft.core.apis.TermMethods.setBackgroundColour.
[13Jan.2024 07:34:00.411] [ComputerCraft-Computer-Worker-4/DEBUG] [computercraft/]: Generating method wrapper for dan200.computercraft.core.apis.TermMethods.getCursorPos.
[13Jan.2024 07:34:00.412] [ComputerCraft-Computer-Worker-4/DEBUG] [computercraft/]: Generating method wrapper for dan200.computercraft.core.apis.TermMethods.getIsColour.
[13Jan.2024 07:34:00.412] [ComputerCraft-Computer-Worker-4/DEBUG] [computercraft/]: Generating method wrapper for dan200.computercraft.core.apis.TermMethods.setPaletteColour.
[13Jan.2024 07:34:00.412] [ComputerCraft-Computer-Worker-4/DEBUG] [computercraft/]: Generating method wrapper for dan200.computercraft.core.apis.TermMethods.getPaletteColour.
[13Jan.2024 07:34:00.413] [ComputerCraft-Computer-Worker-4/DEBUG] [computercraft/]: Generating method wrapper for dan200.computercraft.core.apis.TermMethods.blit.
[13Jan.2024 07:34:00.413] [ComputerCraft-Computer-Worker-4/DEBUG] [computercraft/]: Generating method wrapper for dan200.computercraft.core.apis.TermMethods.scroll.
[13Jan.2024 07:34:00.413] [ComputerCraft-Computer-Worker-4/DEBUG] [computercraft/]: Generating method wrapper for dan200.computercraft.core.apis.TermMethods.clearLine.
[13Jan.2024 07:34:00.414] [ComputerCraft-Computer-Worker-4/DEBUG] [computercraft/]: Generating method wrapper for dan200.computercraft.core.apis.RedstoneAPI.getInput.
[13Jan.2024 07:34:00.414] [ComputerCraft-Computer-Worker-4/DEBUG] [computercraft/]: Generating method wrapper for dan200.computercraft.core.apis.RedstoneAPI.setAnalogOutput.
[13Jan.2024 07:34:00.415] [ComputerCraft-Computer-Worker-4/DEBUG] [computercraft/]: Generating method wrapper for dan200.computercraft.core.apis.RedstoneAPI.getAnalogOutput.
[13Jan.2024 07:34:00.415] [ComputerCraft-Computer-Worker-4/DEBUG] [computercraft/]: Generating method wrapper for dan200.computercraft.core.apis.RedstoneAPI.getAnalogInput.
[13Jan.2024 07:34:00.415] [ComputerCraft-Computer-Worker-4/DEBUG] [computercraft/]: Generating method wrapper for dan200.computercraft.core.apis.RedstoneAPI.testBundledInput.
[13Jan.2024 07:34:00.416] [ComputerCraft-Computer-Worker-4/DEBUG] [computercraft/]: Generating method wrapper for dan200.computercraft.core.apis.RedstoneAPI.setBundledOutput.
[13Jan.2024 07:34:00.416] [ComputerCraft-Computer-Worker-4/DEBUG] [computercraft/]: Generating method wrapper for dan200.computercraft.core.apis.RedstoneAPI.getBundledOutput.
[13Jan.2024 07:34:00.416] [ComputerCraft-Computer-Worker-4/DEBUG] [computercraft/]: Generating method wrapper for dan200.computercraft.core.apis.RedstoneAPI.getBundledInput.
[13Jan.2024 07:34:00.417] [ComputerCraft-Computer-Worker-4/DEBUG] [computercraft/]: Generating method wrapper for dan200.computercraft.core.apis.RedstoneAPI.getSides.
[13Jan.2024 07:34:00.418] [ComputerCraft-Computer-Worker-4/DEBUG] [computercraft/]: Generating method wrapper for dan200.computercraft.core.apis.RedstoneAPI.getOutput.
[13Jan.2024 07:34:00.419] [ComputerCraft-Computer-Worker-4/DEBUG] [computercraft/]: Generating method wrapper for dan200.computercraft.core.apis.RedstoneAPI.setOutput.
[13Jan.2024 07:34:00.419] [ComputerCraft-Computer-Worker-4/DEBUG] [computercraft/]: Generating method wrapper for dan200.computercraft.core.apis.FSAPI.move.
[13Jan.2024 07:34:00.420] [ComputerCraft-Computer-Worker-4/DEBUG] [computercraft/]: Generating method wrapper for dan200.computercraft.core.apis.FSAPI.getFreeSpace.
[13Jan.2024 07:34:00.420] [ComputerCraft-Computer-Worker-4/DEBUG] [computercraft/]: Generating method wrapper for dan200.computercraft.core.apis.FSAPI.attributes.
[13Jan.2024 07:34:00.420] [ComputerCraft-Computer-Worker-4/DEBUG] [computercraft/]: Generating method wrapper for dan200.computercraft.core.apis.FSAPI.getName.
[13Jan.2024 07:34:00.421] [ComputerCraft-Computer-Worker-4/DEBUG] [computercraft/]: Generating method wrapper for dan200.computercraft.core.apis.FSAPI.list.
[13Jan.2024 07:34:00.421] [ComputerCraft-Computer-Worker-4/DEBUG] [computercraft/]: Generating method wrapper for dan200.computercraft.core.apis.FSAPI.find.
[13Jan.2024 07:34:00.421] [ComputerCraft-Computer-Worker-4/DEBUG] [computercraft/]: Generating method wrapper for dan200.computercraft.core.apis.FSAPI.delete.
[13Jan.2024 07:34:00.422] [ComputerCraft-Computer-Worker-4/DEBUG] [computercraft/]: Generating method wrapper for dan200.computercraft.core.apis.FSAPI.combine.
[13Jan.2024 07:34:00.422] [ComputerCraft-Computer-Worker-4/DEBUG] [computercraft/]: Generating method wrapper for dan200.computercraft.core.apis.FSAPI.open.
[13Jan.2024 07:34:00.423] [ComputerCraft-Computer-Worker-4/DEBUG] [computercraft/]: Generating method wrapper for dan200.computercraft.core.apis.FSAPI.copy.
[13Jan.2024 07:34:00.423] [ComputerCraft-Computer-Worker-4/DEBUG] [computercraft/]: Generating method wrapper for dan200.computercraft.core.apis.FSAPI.getSize.
[13Jan.2024 07:34:00.424] [ComputerCraft-Computer-Worker-4/DEBUG] [computercraft/]: Generating method wrapper for dan200.computercraft.core.apis.FSAPI.isReadOnly.
[13Jan.2024 07:34:00.424] [ComputerCraft-Computer-Worker-4/DEBUG] [computercraft/]: Generating method wrapper for dan200.computercraft.core.apis.FSAPI.exists.
[13Jan.2024 07:34:00.424] [ComputerCraft-Computer-Worker-4/DEBUG] [computercraft/]: Generating method wrapper for dan200.computercraft.core.apis.FSAPI.getCapacity.
[13Jan.2024 07:34:00.425] [ComputerCraft-Computer-Worker-4/DEBUG] [computercraft/]: Generating method wrapper for dan200.computercraft.core.apis.FSAPI.isDir.
[13Jan.2024 07:34:00.425] [ComputerCraft-Computer-Worker-4/DEBUG] [computercraft/]: Generating method wrapper for dan200.computercraft.core.apis.FSAPI.makeDir.
[13Jan.2024 07:34:00.425] [ComputerCraft-Computer-Worker-4/DEBUG] [computercraft/]: Generating method wrapper for dan200.computercraft.core.apis.FSAPI.getDir.
[13Jan.2024 07:34:00.425] [ComputerCraft-Computer-Worker-4/DEBUG] [computercraft/]: Generating method wrapper for dan200.computercraft.core.apis.FSAPI.getDrive.
[13Jan.2024 07:34:00.426] [ComputerCraft-Computer-Worker-4/DEBUG] [computercraft/]: Generating method wrapper for dan200.computercraft.core.apis.PeripheralAPI.call.
[13Jan.2024 07:34:00.426] [ComputerCraft-Computer-Worker-4/DEBUG] [computercraft/]: Generating method wrapper for dan200.computercraft.core.apis.PeripheralAPI.getMethods.
[13Jan.2024 07:34:00.427] [ComputerCraft-Computer-Worker-4/DEBUG] [computercraft/]: Generating method wrapper for dan200.computercraft.core.apis.PeripheralAPI.isPresent.
[13Jan.2024 07:34:00.427] [ComputerCraft-Computer-Worker-4/DEBUG] [computercraft/]: Generating method wrapper for dan200.computercraft.core.apis.PeripheralAPI.getType.
[13Jan.2024 07:34:00.427] [ComputerCraft-Computer-Worker-4/DEBUG] [computercraft/]: Generating method wrapper for dan200.computercraft.core.apis.PeripheralAPI.hasType.
[13Jan.2024 07:34:00.428] [ComputerCraft-Computer-Worker-4/DEBUG] [computercraft/]: Generating method wrapper for dan200.computercraft.core.apis.OSAPI.day.
[13Jan.2024 07:34:00.463] [ComputerCraft-Computer-Worker-4/DEBUG] [computercraft/]: Generating method wrapper for dan200.computercraft.core.apis.OSAPI.date.
[13Jan.2024 07:34:00.464] [ComputerCraft-Computer-Worker-4/DEBUG] [computercraft/]: Generating method wrapper for dan200.computercraft.core.apis.OSAPI.time.
[13Jan.2024 07:34:00.464] [ComputerCraft-Computer-Worker-4/DEBUG] [computercraft/]: Generating method wrapper for dan200.computercraft.core.apis.OSAPI.clock.
[13Jan.2024 07:34:00.464] [ComputerCraft-Computer-Worker-4/DEBUG] [computercraft/]: Generating method wrapper for dan200.computercraft.core.apis.OSAPI.cancelAlarm.
[13Jan.2024 07:34:00.465] [ComputerCraft-Computer-Worker-4/DEBUG] [computercraft/]: Generating method wrapper for dan200.computercraft.core.apis.OSAPI.getComputerLabel.
[13Jan.2024 07:34:00.465] [ComputerCraft-Computer-Worker-4/DEBUG] [computercraft/]: Generating method wrapper for dan200.computercraft.core.apis.OSAPI.setComputerLabel.
[13Jan.2024 07:34:00.465] [ComputerCraft-Computer-Worker-4/DEBUG] [computercraft/]: Generating method wrapper for dan200.computercraft.core.apis.OSAPI.getComputerID.
[13Jan.2024 07:34:00.466] [ComputerCraft-Computer-Worker-4/DEBUG] [computercraft/]: Generating method wrapper for dan200.computercraft.core.apis.OSAPI.cancelTimer.
[13Jan.2024 07:34:00.466] [ComputerCraft-Computer-Worker-4/DEBUG] [computercraft/]: Generating method wrapper for dan200.computercraft.core.apis.OSAPI.setAlarm.
[13Jan.2024 07:34:00.466] [ComputerCraft-Computer-Worker-4/DEBUG] [computercraft/]: Generating method wrapper for dan200.computercraft.core.apis.OSAPI.doShutdown.
[13Jan.2024 07:34:00.467] [ComputerCraft-Computer-Worker-4/DEBUG] [computercraft/]: Generating method wrapper for dan200.computercraft.core.apis.OSAPI.doReboot.
[13Jan.2024 07:34:00.467] [ComputerCraft-Computer-Worker-4/DEBUG] [computercraft/]: Generating method wrapper for dan200.computercraft.core.apis.OSAPI.epoch.
[13Jan.2024 07:34:00.467] [ComputerCraft-Computer-Worker-4/DEBUG] [computercraft/]: Generating method wrapper for dan200.computercraft.core.apis.OSAPI.startTimer.
[13Jan.2024 07:34:00.468] [ComputerCraft-Computer-Worker-4/DEBUG] [computercraft/]: Generating method wrapper for dan200.computercraft.core.apis.OSAPI.queueEvent.
[13Jan.2024 07:34:00.468] [ComputerCraft-Computer-Worker-4/DEBUG] [computercraft/]: Generating method wrapper for dan200.computercraft.core.apis.HTTPAPI.request.
[13Jan.2024 07:34:00.469] [ComputerCraft-Computer-Worker-4/DEBUG] [computercraft/]: Generating method wrapper for dan200.computercraft.core.apis.HTTPAPI.checkURL.
[13Jan.2024 07:34:00.469] [ComputerCraft-Computer-Worker-4/DEBUG] [computercraft/]: Generating method wrapper for dan200.computercraft.core.apis.HTTPAPI.websocket.
[13Jan.2024 07:34:00.472] [ComputerCraft-Computer-Worker-4/DEBUG] [computercraft/]: Generating method wrapper for dan200.computercraft.core.ComputerTestDelegate$CctTestAPI.submit.
[13Jan.2024 07:34:00.472] [ComputerCraft-Computer-Worker-4/DEBUG] [computercraft/]: Generating method wrapper for dan200.computercraft.core.ComputerTestDelegate$CctTestAPI.finish.
[13Jan.2024 07:34:00.473] [ComputerCraft-Computer-Worker-4/DEBUG] [computercraft/]: Generating method wrapper for dan200.computercraft.core.ComputerTestDelegate$CctTestAPI.start.
[13Jan.2024 07:34:00.512] [ComputerCraft-Coroutine-0/DEBUG] [computercraft/]: Generating method wrapper for dan200.computercraft.core.apis.handles.EncodedReadableHandle.read.
[13Jan.2024 07:34:00.513] [ComputerCraft-Coroutine-0/DEBUG] [computercraft/]: Generating method wrapper for dan200.computercraft.core.apis.handles.EncodedReadableHandle.readLine.
[13Jan.2024 07:34:00.513] [ComputerCraft-Coroutine-0/DEBUG] [computercraft/]: Generating method wrapper for dan200.computercraft.core.apis.handles.EncodedReadableHandle.readAll.
[13Jan.2024 07:34:00.513] [ComputerCraft-Coroutine-0/DEBUG] [computercraft/]: Generating method wrapper for dan200.computercraft.core.apis.handles.HandleGeneric.doClose.
[13Jan.2024 07:34:00.632] [ComputerCraft-Coroutine-0/DEBUG] [computercraft/]: Generating method wrapper for dan200.computercraft.core.apis.handles.BinaryReadableHandle$Seekable.seek.
[13Jan.2024 07:34:00.632] [ComputerCraft-Coroutine-0/DEBUG] [computercraft/]: Generating method wrapper for dan200.computercraft.core.apis.handles.BinaryReadableHandle.read.
[13Jan.2024 07:34:00.633] [ComputerCraft-Coroutine-0/DEBUG] [computercraft/]: Generating method wrapper for dan200.computercraft.core.apis.handles.BinaryReadableHandle.readLine.
[13Jan.2024 07:34:00.633] [ComputerCraft-Coroutine-0/DEBUG] [computercraft/]: Generating method wrapper for dan200.computercraft.core.apis.handles.BinaryReadableHandle.readAll.
[13Jan.2024 07:34:00.852] [ComputerCraft-Coroutine-0/INFO] [dan200.computercraft.core.ComputerTestDelegate/]: Received tests from computer
[13Jan.2024 07:34:00.877] [ForkJoinPool-1-worker-1/INFO] [dan200.computercraft.core.ComputerTestDelegate/]: Starting 'The motd program -> displays MOTD'
[13Jan.2024 07:34:00.879] [ComputerCraft-Coroutine-0/DEBUG] [computercraft/]: Generating method wrapper for dan200.computercraft.core.apis.handles.EncodedWritableHandle.flush.
[13Jan.2024 07:34:00.880] [ComputerCraft-Coroutine-0/DEBUG] [computercraft/]: Generating method wrapper for dan200.computercraft.core.apis.handles.EncodedWritableHandle.write.
[13Jan.2024 07:34:00.880] [ComputerCraft-Coroutine-0/DEBUG] [computercraft/]: Generating method wrapper for dan200.computercraft.core.apis.handles.EncodedWritableHandle.writeLine.
[13Jan.2024 07:34:00.883] [ComputerCraft-Coroutine-0/INFO] [dan200.computercraft.core.ComputerTestDelegate/]: 'The motd program -> displays MOTD' finished with pass
[13Jan.2024 07:34:00.883] [ForkJoinPool-1-worker-1/INFO] [dan200.computercraft.core.ComputerTestDelegate/]: Finished 'The motd program -> displays MOTD'
[13Jan.2024 07:34:00.884] [ForkJoinPool-1-worker-1/INFO] [dan200.computercraft.core.ComputerTestDelegate/]: Starting 'The motd program -> displays date-specific MOTD (24 Dec)'
[13Jan.2024 07:34:00.886] [ComputerCraft-Coroutine-0/INFO] [dan200.computercraft.core.ComputerTestDelegate/]: 'The motd program -> displays date-specific MOTD (24 Dec)' finished with pass
[13Jan.2024 07:34:00.886] [ForkJoinPool-1-worker-1/INFO] [dan200.computercraft.core.ComputerTestDelegate/]: Finished 'The motd program -> displays date-specific MOTD (24 Dec)'
[13Jan.2024 07:34:00.887] [ForkJoinPool-1-worker-1/INFO] [dan200.computercraft.core.ComputerTestDelegate/]: Starting 'The motd program -> displays date-specific MOTD (1 Jan)'
[13Jan.2024 07:34:00.888] [ComputerCraft-Coroutine-0/INFO] [dan200.computercraft.core.ComputerTestDelegate/]: 'The motd program -> displays date-specific MOTD (1 Jan)' finished with pass
[13Jan.2024 07:34:00.888] [ForkJoinPool-1-worker-1/INFO] [dan200.computercraft.core.ComputerTestDelegate/]: Finished 'The motd program -> displays date-specific MOTD (1 Jan)'
[13Jan.2024 07:34:00.889] [ForkJoinPool-1-worker-1/INFO] [dan200.computercraft.core.ComputerTestDelegate/]: Starting 'The motd program -> displays date-specific MOTD (28 Apr)'
[13Jan.2024 07:34:00.890] [ComputerCraft-Coroutine-0/INFO] [dan200.computercraft.core.ComputerTestDelegate/]: 'The motd program -> displays date-specific MOTD (28 Apr)' finished with pass
[13Jan.2024 07:34:00.891] [ForkJoinPool-1-worker-1/INFO] [dan200.computercraft.core.ComputerTestDelegate/]: Finished 'The motd program -> displays date-specific MOTD (28 Apr)'
[13Jan.2024 07:34:00.892] [ForkJoinPool-1-worker-1/INFO] [dan200.computercraft.core.ComputerTestDelegate/]: Starting 'The motd program -> displays date-specific MOTD (31 Oct)'
[13Jan.2024 07:34:00.893] [ComputerCraft-Coroutine-0/INFO] [dan200.computercraft.core.ComputerTestDelegate/]: 'The motd program -> displays date-specific MOTD (31 Oct)' finished with pass
[13Jan.2024 07:34:00.894] [ForkJoinPool-1-worker-1/INFO] [dan200.computercraft.core.ComputerTestDelegate/]: Finished 'The motd program -> displays date-specific MOTD (31 Oct)'
[13Jan.2024 07:34:00.895] [ForkJoinPool-1-worker-1/INFO] [dan200.computercraft.core.ComputerTestDelegate/]: Starting 'The clear program -> clears the screen'
[13Jan.2024 07:34:00.897] [ComputerCraft-Coroutine-0/INFO] [dan200.computercraft.core.ComputerTestDelegate/]: 'The clear program -> clears the screen' finished with pass
[13Jan.2024 07:34:00.897] [ForkJoinPool-1-worker-1/INFO] [dan200.computercraft.core.ComputerTestDelegate/]: Finished 'The clear program -> clears the screen'
[13Jan.2024 07:34:00.899] [ForkJoinPool-1-worker-1/INFO] [dan200.computercraft.core.ComputerTestDelegate/]: Starting 'The multishell program -> multishell.setTitle -> validates arguments'
[13Jan.2024 07:34:00.903] [ComputerCraft-Coroutine-0/INFO] [dan200.computercraft.core.ComputerTestDelegate/]: 'The multishell program -> multishell.setTitle -> validates arguments' finished with pass
[13Jan.2024 07:34:00.903] [ForkJoinPool-1-worker-1/INFO] [dan200.computercraft.core.ComputerTestDelegate/]: Finished 'The multishell program -> multishell.setTitle -> validates arguments'
[13Jan.2024 07:34:00.906] [ForkJoinPool-1-worker-1/INFO] [dan200.computercraft.core.ComputerTestDelegate/]: Starting 'The multishell program -> multishell.setFocus -> validates arguments'
[13Jan.2024 07:34:00.907] [ComputerCraft-Coroutine-0/INFO] [dan200.computercraft.core.ComputerTestDelegate/]: 'The multishell program -> multishell.setFocus -> validates arguments' finished with pass
[13Jan.2024 07:34:00.907] [ForkJoinPool-1-worker-1/INFO] [dan200.computercraft.core.ComputerTestDelegate/]: Finished 'The multishell program -> multishell.setFocus -> validates arguments'
[13Jan.2024 07:34:00.908] [ForkJoinPool-1-worker-1/INFO] [dan200.computercraft.core.ComputerTestDelegate/]: Starting 'The multishell program -> multishell.getTitle -> validates arguments'
[13Jan.2024 07:34:00.910] [ComputerCraft-Coroutine-0/INFO] [dan200.computercraft.core.ComputerTestDelegate/]: 'The multishell program -> multishell.getTitle -> validates arguments' finished with pass
[13Jan.2024 07:34:00.910] [ForkJoinPool-1-worker-1/INFO] [dan200.computercraft.core.ComputerTestDelegate/]: Finished 'The multishell program -> multishell.getTitle -> validates arguments'
[13Jan.2024 07:34:00.911] [ForkJoinPool-1-worker-1/INFO] [dan200.computercraft.core.ComputerTestDelegate/]: Starting 'The multishell program -> multishell.launch -> validates arguments'
[13Jan.2024 07:34:00.913] [ComputerCraft-Coroutine-0/INFO] [dan200.computercraft.core.ComputerTestDelegate/]: 'The multishell program -> multishell.launch -> validates arguments' finished with pass
[13Jan.2024 07:34:00.913] [ForkJoinPool-1-worker-1/INFO] [dan200.computercraft.core.ComputerTestDelegate/]: Finished 'The multishell program -> multishell.launch -> validates arguments'
[13Jan.2024 07:34:00.914] [ForkJoinPool-1-worker-1/INFO] [dan200.computercraft.core.ComputerTestDelegate/]: Starting 'Coroutines -> allow yielding -> within table.foreach'
[13Jan.2024 07:34:00.916] [ComputerCraft-Coroutine-0/INFO] [dan200.computercraft.core.ComputerTestDelegate/]: 'Coroutines -> allow yielding -> within table.foreach' finished with pass
[13Jan.2024 07:34:00.916] [ForkJoinPool-1-worker-1/INFO] [dan200.computercraft.core.ComputerTestDelegate/]: Finished 'Coroutines -> allow yielding -> within table.foreach'
[13Jan.2024 07:34:00.917] [ForkJoinPool-1-worker-1/INFO] [dan200.computercraft.core.ComputerTestDelegate/]: Starting 'Coroutines -> allow yielding -> within string.gsub'
[13Jan.2024 07:34:00.918] [ComputerCraft-Coroutine-0/INFO] [dan200.computercraft.core.ComputerTestDelegate/]: 'Coroutines -> allow yielding -> within string.gsub' finished with pass
[13Jan.2024 07:34:00.918] [ForkJoinPool-1-worker-1/INFO] [dan200.computercraft.core.ComputerTestDelegate/]: Finished 'Coroutines -> allow yielding -> within string.gsub'
[13Jan.2024 07:34:00.919] [ForkJoinPool-1-worker-1/INFO] [dan200.computercraft.core.ComputerTestDelegate/]: Starting 'Coroutines -> allow yielding -> within table.foreachi'
[13Jan.2024 07:34:00.921] [ComputerCraft-Coroutine-0/INFO] [dan200.computercraft.core.ComputerTestDelegate/]: 'Coroutines -> allow yielding -> within table.foreachi' finished with pass
[13Jan.2024 07:34:00.921] [ForkJoinPool-1-worker-1/INFO] [dan200.computercraft.core.ComputerTestDelegate/]: Finished 'Coroutines -> allow yielding -> within table.foreachi'
[13Jan.2024 07:34:00.922] [ForkJoinPool-1-worker-1/INFO] [dan200.computercraft.core.ComputerTestDelegate/]: Starting 'Coroutines -> allow yielding -> within table.sort -> with a yielding comparator'
[13Jan.2024 07:34:00.923] [ComputerCraft-Coroutine-0/INFO] [dan200.computercraft.core.ComputerTestDelegate/]: 'Coroutines -> allow yielding -> within table.sort -> with a yielding comparator' finished with pass
[13Jan.2024 07:34:00.923] [ForkJoinPool-1-worker-1/INFO] [dan200.computercraft.core.ComputerTestDelegate/]: Finished 'Coroutines -> allow yielding -> within table.sort -> with a yielding comparator'
[13Jan.2024 07:34:00.924] [ForkJoinPool-1-worker-1/INFO] [dan200.computercraft.core.ComputerTestDelegate/]: Starting 'Coroutines -> allow yielding -> within table.sort -> within a yielding metatable comparator'
[13Jan.2024 07:34:00.925] [ComputerCraft-Coroutine-0/INFO] [dan200.computercraft.core.ComputerTestDelegate/]: 'Coroutines -> allow yielding -> within table.sort -> within a yielding metatable comparator' finished with pass
[13Jan.2024 07:34:00.925] [ForkJoinPool-1-worker-1/INFO] [dan200.computercraft.core.ComputerTestDelegate/]: Finished 'Coroutines -> allow yielding -> within table.sort -> within a yielding metatable comparator'
[13Jan.2024 07:34:00.926] [ForkJoinPool-1-worker-1/INFO] [dan200.computercraft.core.ComputerTestDelegate/]: Starting 'Coroutines -> allow yielding -> within debug hooks'
[13Jan.2024 07:34:00.928] [ComputerCraft-Coroutine-0/INFO] [dan200.computercraft.core.ComputerTestDelegate/]: 'Coroutines -> allow yielding -> within debug hooks' finished with pass
[13Jan.2024 07:34:00.928] [ForkJoinPool-1-worker-1/INFO] [dan200.computercraft.core.ComputerTestDelegate/]: Finished 'Coroutines -> allow yielding -> within debug hooks'
[13Jan.2024 07:34:00.929] [ForkJoinPool-1-worker-1/INFO] [dan200.computercraft.core.ComputerTestDelegate/]: Starting 'Coroutines -> allow yielding -> within pcall -> with an error'
[13Jan.2024 07:34:00.930] [ComputerCraft-Coroutine-0/INFO] [dan200.computercraft.core.ComputerTestDelegate/]: 'Coroutines -> allow yielding -> within pcall -> with an error' finished with pass
[13Jan.2024 07:34:00.930] [ForkJoinPool-1-worker-1/INFO] [dan200.computercraft.core.ComputerTestDelegate/]: Finished 'Coroutines -> allow yielding -> within pcall -> with an error'
[13Jan.2024 07:34:00.931] [ForkJoinPool-1-worker-1/INFO] [dan200.computercraft.core.ComputerTestDelegate/]: Starting 'Coroutines -> allow yielding -> within pcall -> with no error'
[13Jan.2024 07:34:00.932] [ComputerCraft-Coroutine-0/INFO] [dan200.computercraft.core.ComputerTestDelegate/]: 'Coroutines -> allow yielding -> within pcall -> with no error' finished with pass
[13Jan.2024 07:34:00.932] [ForkJoinPool-1-worker-1/INFO] [dan200.computercraft.core.ComputerTestDelegate/]: Finished 'Coroutines -> allow yielding -> within pcall -> with no error'
[13Jan.2024 07:34:00.933] [ForkJoinPool-1-worker-1/INFO] [dan200.computercraft.core.ComputerTestDelegate/]: Starting 'Coroutines -> allow yielding -> within metamethods'
[13Jan.2024 07:34:00.934] [ComputerCraft-Coroutine-0/INFO] [dan200.computercraft.core.ComputerTestDelegate/]: 'Coroutines -> allow yielding -> within metamethods' finished with pass
[13Jan.2024 07:34:00.935] [ForkJoinPool-1-worker-1/INFO] [dan200.computercraft.core.ComputerTestDelegate/]: Finished 'Coroutines -> allow yielding -> within metamethods'
[13Jan.2024 07:34:00.936] [ForkJoinPool-1-worker-1/INFO] [dan200.computercraft.core.ComputerTestDelegate/]: Starting 'Coroutines -> allow yielding -> within xpcall -> within the error handler'
[13Jan.2024 07:34:00.937] [ComputerCraft-Coroutine-0/INFO] [dan200.computercraft.core.ComputerTestDelegate/]: 'Coroutines -> allow yielding -> within xpcall -> within the error handler' finished with pass
[13Jan.2024 07:34:00.937] [ForkJoinPool-1-worker-1/INFO] [dan200.computercraft.core.ComputerTestDelegate/]: Finished 'Coroutines -> allow yielding -> within xpcall -> within the error handler'
[13Jan.2024 07:34:00.938] [ForkJoinPool-1-worker-1/INFO] [dan200.computercraft.core.ComputerTestDelegate/]: Starting 'Coroutines -> allow yielding -> within xpcall -> with an error in the error handler'
[13Jan.2024 07:34:00.939] [ComputerCraft-Coroutine-0/INFO] [dan200.computercraft.core.ComputerTestDelegate/]: 'Coroutines -> allow yielding -> within xpcall -> with an error in the error handler' finished with pass
[13Jan.2024 07:34:00.939] [ForkJoinPool-1-worker-1/INFO] [dan200.computercraft.core.ComputerTestDelegate/]: Finished 'Coroutines -> allow yielding -> within xpcall -> with an error in the error handler'
[13Jan.2024 07:34:00.940] [ForkJoinPool-1-worker-1/INFO] [dan200.computercraft.core.ComputerTestDelegate/]: Starting 'Coroutines -> allow yielding -> within xpcall -> within the error handler with an error'
[13Jan.2024 07:34:00.941] [ComputerCraft-Coroutine-0/INFO] [dan200.computercraft.core.ComputerTestDelegate/]: 'Coroutines -> allow yielding -> within xpcall -> within the error handler with an error' finished with pass
[13Jan.2024 07:34:00.941] [ForkJoinPool-1-worker-1/INFO] [dan200.computercraft.core.ComputerTestDelegate/]: Finished 'Coroutines -> allow yielding -> within xpcall -> within the error handler with an error'
[13Jan.2024 07:34:00.942] [ForkJoinPool-1-worker-1/INFO] [dan200.computercraft.core.ComputerTestDelegate/]: Starting 'Coroutines -> allow yielding -> within xpcall -> within the main function'
[13Jan.2024 07:34:00.943] [ComputerCraft-Coroutine-0/INFO] [dan200.computercraft.core.ComputerTestDelegate/]: 'Coroutines -> allow yielding -> within xpcall -> within the main function' finished with pass
[13Jan.2024 07:34:00.944] [ForkJoinPool-1-worker-1/INFO] [dan200.computercraft.core.ComputerTestDelegate/]: Finished 'Coroutines -> allow yielding -> within xpcall -> within the main function'
[13Jan.2024 07:34:00.944] [ForkJoinPool-1-worker-1/INFO] [dan200.computercraft.core.ComputerTestDelegate/]: Starting 'Coroutines -> allow yielding -> within xpcall -> within the main function (with an error)'
[13Jan.2024 07:34:00.945] [ComputerCraft-Coroutine-0/INFO] [dan200.computercraft.core.ComputerTestDelegate/]: 'Coroutines -> allow yielding -> within xpcall -> within the main function (with an error)' finished with pass
[13Jan.2024 07:34:00.946] [ForkJoinPool-1-worker-1/INFO] [dan200.computercraft.core.ComputerTestDelegate/]: Finished 'Coroutines -> allow yielding -> within xpcall -> within the main function (with an error)'
[13Jan.2024 07:34:00.947] [ForkJoinPool-1-worker-1/INFO] [dan200.computercraft.core.ComputerTestDelegate/]: Starting 'The gps library -> gps.locate -> validates arguments'
[13Jan.2024 07:34:00.949] [ComputerCraft-Coroutine-0/INFO] [dan200.computercraft.core.ComputerTestDelegate/]: 'The gps library -> gps.locate -> validates arguments' finished with pass
[13Jan.2024 07:34:00.949] [ForkJoinPool-1-worker-1/INFO] [dan200.computercraft.core.ComputerTestDelegate/]: Finished 'The gps library -> gps.locate -> validates arguments'
[13Jan.2024 07:34:00.951] [ForkJoinPool-1-worker-1/INFO] [dan200.computercraft.core.ComputerTestDelegate/]: Starting 'The time program -> displays time'
[13Jan.2024 07:34:00.953] [ComputerCraft-Coroutine-0/INFO] [dan200.computercraft.core.ComputerTestDelegate/]: 'The time program -> displays time' finished with pass
[13Jan.2024 07:34:00.953] [ForkJoinPool-1-worker-1/INFO] [dan200.computercraft.core.ComputerTestDelegate/]: Finished 'The time program -> displays time'
[13Jan.2024 07:34:00.954] [ForkJoinPool-1-worker-1/INFO] [dan200.computercraft.core.ComputerTestDelegate/]: Starting 'The textutils library -> textutils.pagedPrint -> validates arguments'
[13Jan.2024 07:34:00.955] [ComputerCraft-Coroutine-0/INFO] [dan200.computercraft.core.ComputerTestDelegate/]: 'The textutils library -> textutils.pagedPrint -> validates arguments' finished with pass
[13Jan.2024 07:34:00.956] [ForkJoinPool-1-worker-1/INFO] [dan200.computercraft.core.ComputerTestDelegate/]: Finished 'The textutils library -> textutils.pagedPrint -> validates arguments'
[13Jan.2024 07:34:00.956] [ForkJoinPool-1-worker-1/INFO] [dan200.computercraft.core.ComputerTestDelegate/]: Starting 'The textutils library -> textutils.empty_json_array -> is immutable'
[13Jan.2024 07:34:00.957] [ComputerCraft-Coroutine-0/INFO] [dan200.computercraft.core.ComputerTestDelegate/]: 'The textutils library -> textutils.empty_json_array -> is immutable' finished with pass
[13Jan.2024 07:34:00.958] [ForkJoinPool-1-worker-1/INFO] [dan200.computercraft.core.ComputerTestDelegate/]: Finished 'The textutils library -> textutils.empty_json_array -> is immutable'
[13Jan.2024 07:34:00.958] [ForkJoinPool-1-worker-1/INFO] [dan200.computercraft.core.ComputerTestDelegate/]: Starting 'The textutils library -> textutils.formatTime -> validates arguments'
[13Jan.2024 07:34:00.959] [ComputerCraft-Coroutine-0/INFO] [dan200.computercraft.core.ComputerTestDelegate/]: 'The textutils library -> textutils.formatTime -> validates arguments' finished with pass
[13Jan.2024 07:34:00.960] [ForkJoinPool-1-worker-1/INFO] [dan200.computercraft.core.ComputerTestDelegate/]: Finished 'The textutils library -> textutils.formatTime -> validates arguments'
[13Jan.2024 07:34:00.960] [ForkJoinPool-1-worker-1/INFO] [dan200.computercraft.core.ComputerTestDelegate/]: Starting 'The textutils library -> textutils.formatTime -> correctly formats 12 o'clock'
[13Jan.2024 07:34:00.961] [ComputerCraft-Coroutine-0/INFO] [dan200.computercraft.core.ComputerTestDelegate/]: 'The textutils library -> textutils.formatTime -> correctly formats 12 o'clock' finished with pass
[13Jan.2024 07:34:00.961] [ForkJoinPool-1-worker-1/INFO] [dan200.computercraft.core.ComputerTestDelegate/]: Finished 'The textutils library -> textutils.formatTime -> correctly formats 12 o'clock'
[13Jan.2024 07:34:00.962] [ForkJoinPool-1-worker-1/INFO] [dan200.computercraft.core.ComputerTestDelegate/]: Starting 'The textutils library -> textutils.urlEncode -> validates arguments'
[13Jan.2024 07:34:00.963] [ComputerCraft-Coroutine-0/INFO] [dan200.computercraft.core.ComputerTestDelegate/]: 'The textutils library -> textutils.urlEncode -> validates arguments' finished with pass
[13Jan.2024 07:34:00.963] [ForkJoinPool-1-worker-1/INFO] [dan200.computercraft.core.ComputerTestDelegate/]: Finished 'The textutils library -> textutils.urlEncode -> validates arguments'
[13Jan.2024 07:34:00.964] [ForkJoinPool-1-worker-1/INFO] [dan200.computercraft.core.ComputerTestDelegate/]: Starting 'The textutils library -> textutils.slowWrite -> wraps text correctly'
[13Jan.2024 07:34:00.966] [ComputerCraft-Coroutine-0/INFO] [dan200.computercraft.core.ComputerTestDelegate/]: 'The textutils library -> textutils.slowWrite -> wraps text correctly' finished with pass
[13Jan.2024 07:34:00.966] [ForkJoinPool-1-worker-1/INFO] [dan200.computercraft.core.ComputerTestDelegate/]: Finished 'The textutils library -> textutils.slowWrite -> wraps text correctly'
[13Jan.2024 07:34:00.967] [ForkJoinPool-1-worker-1/INFO] [dan200.computercraft.core.ComputerTestDelegate/]: Starting 'The textutils library -> textutils.slowWrite -> validates arguments'
[13Jan.2024 07:34:00.968] [ComputerCraft-Coroutine-0/INFO] [dan200.computercraft.core.ComputerTestDelegate/]: 'The textutils library -> textutils.slowWrite -> validates arguments' finished with pass
[13Jan.2024 07:34:00.968] [ForkJoinPool-1-worker-1/INFO] [dan200.computercraft.core.ComputerTestDelegate/]: Finished 'The textutils library -> textutils.slowWrite -> validates arguments'
[13Jan.2024 07:34:00.969] [ForkJoinPool-1-worker-1/INFO] [dan200.computercraft.core.ComputerTestDelegate/]: Starting 'The textutils library -> textutils.serialiseJSON -> serializes null'
[13Jan.2024 07:34:00.970] [ComputerCraft-Coroutine-0/INFO] [dan200.computercraft.core.ComputerTestDelegate/]: 'The textutils library -> textutils.serialiseJSON -> serializes null' finished with pass
[13Jan.2024 07:34:00.970] [ForkJoinPool-1-worker-1/INFO] [dan200.computercraft.core.ComputerTestDelegate/]: Finished 'The textutils library -> textutils.serialiseJSON -> serializes null'
[13Jan.2024 07:34:00.971] [ForkJoinPool-1-worker-1/INFO] [dan200.computercraft.core.ComputerTestDelegate/]: Starting 'The textutils library -> textutils.serialiseJSON -> validates arguments'
[13Jan.2024 07:34:00.972] [ComputerCraft-Coroutine-0/INFO] [dan200.computercraft.core.ComputerTestDelegate/]: 'The textutils library -> textutils.serialiseJSON -> validates arguments' finished with pass
[13Jan.2024 07:34:00.972] [ForkJoinPool-1-worker-1/INFO] [dan200.computercraft.core.ComputerTestDelegate/]: Finished 'The textutils library -> textutils.serialiseJSON -> validates arguments'
[13Jan.2024 07:34:00.973] [ForkJoinPool-1-worker-1/INFO] [dan200.computercraft.core.ComputerTestDelegate/]: Starting 'The textutils library -> textutils.serialiseJSON -> serializes strings'
[13Jan.2024 07:34:00.973] [ComputerCraft-Coroutine-0/INFO] [dan200.computercraft.core.ComputerTestDelegate/]: 'The textutils library -> textutils.serialiseJSON -> serializes strings' finished with pass
[13Jan.2024 07:34:00.974] [ForkJoinPool-1-worker-1/INFO] [dan200.computercraft.core.ComputerTestDelegate/]: Finished 'The textutils library -> textutils.serialiseJSON -> serializes strings'
[13Jan.2024 07:34:00.974] [ForkJoinPool-1-worker-1/INFO] [dan200.computercraft.core.ComputerTestDelegate/]: Starting 'The textutils library -> textutils.serialiseJSON -> serializes empty arrays'
[13Jan.2024 07:34:00.975] [ComputerCraft-Coroutine-0/INFO] [dan200.computercraft.core.ComputerTestDelegate/]: 'The textutils library -> textutils.serialiseJSON -> serializes empty arrays' finished with pass
[13Jan.2024 07:34:00.975] [ForkJoinPool-1-worker-1/INFO] [dan200.computercraft.core.ComputerTestDelegate/]: Finished 'The textutils library -> textutils.serialiseJSON -> serializes empty arrays'
[13Jan.2024 07:34:00.976] [ForkJoinPool-1-worker-1/INFO] [dan200.computercraft.core.ComputerTestDelegate/]: Starting 'The textutils library -> textutils.serialiseJSON -> serializes arrays until the last index with content'
[13Jan.2024 07:34:00.977] [ComputerCraft-Coroutine-0/INFO] [dan200.computercraft.core.ComputerTestDelegate/]: 'The textutils library -> textutils.serialiseJSON -> serializes arrays until the last index with content' finished with pass
[13Jan.2024 07:34:00.977] [ForkJoinPool-1-worker-1/INFO] [dan200.computercraft.core.ComputerTestDelegate/]: Finished 'The textutils library -> textutils.serialiseJSON -> serializes arrays until the last index with content'
[13Jan.2024 07:34:00.978] [ForkJoinPool-1-worker-1/INFO] [dan200.computercraft.core.ComputerTestDelegate/]: Starting 'The textutils library -> textutils.unserializeJSON -> passes nst/JSONTestSuite -> y_string_reservedCharacterInUTF-8_U+1BFFF'
[13Jan.2024 07:34:00.980] [ComputerCraft-Coroutine-0/INFO] [dan200.computercraft.core.ComputerTestDelegate/]: 'The textutils library -> textutils.unserializeJSON -> passes nst/JSONTestSuite -> y_string_reservedCharacterInUTF-8_U+1BFFF' finished with pass
[13Jan.2024 07:34:00.980] [ForkJoinPool-1-worker-1/INFO] [dan200.computercraft.core.ComputerTestDelegate/]: Finished 'The textutils library -> textutils.unserializeJSON -> passes nst/JSONTestSuite -> y_string_reservedCharacterInUTF-8_U+1BFFF'
[13Jan.2024 07:34:00.981] [ForkJoinPool-1-worker-1/INFO] [dan200.computercraft.core.ComputerTestDelegate/]: Starting 'The textutils library -> textutils.unserializeJSON -> passes nst/JSONTestSuite -> n_multidigit_number_then_00'
[13Jan.2024 07:34:00.982] [ComputerCraft-Coroutine-0/INFO] [dan200.computercraft.core.ComputerTestDelegate/]: 'The textutils library -> textutils.unserializeJSON -> passes nst/JSONTestSuite -> n_multidigit_number_then_00' finished with pass
[13Jan.2024 07:34:00.982] [ForkJoinPool-1-worker-1/INFO] [dan200.computercraft.core.ComputerTestDelegate/]: Finished 'The textutils library -> textutils.unserializeJSON -> passes nst/JSONTestSuite -> n_multidigit_number_then_00'
[13Jan.2024 07:34:00.983] [ForkJoinPool-1-worker-1/INFO] [dan200.computercraft.core.ComputerTestDelegate/]: Starting 'The textutils library -> textutils.unserializeJSON -> passes nst/JSONTestSuite -> y_tab_whitespace'
[13Jan.2024 07:34:00.984] [ComputerCraft-Coroutine-0/INFO] [dan200.computercraft.core.ComputerTestDelegate/]: 'The textutils library -> textutils.unserializeJSON -> passes nst/JSONTestSuite -> y_tab_whitespace' finished with pass
[13Jan.2024 07:34:00.984] [ForkJoinPool-1-worker-1/INFO] [dan200.computercraft.core.ComputerTestDelegate/]: Finished 'The textutils library -> textutils.unserializeJSON -> passes nst/JSONTestSuite -> y_tab_whitespace'
[13Jan.2024 07:34:00.985] [ForkJoinPool-1-worker-1/INFO] [dan200.computercraft.core.ComputerTestDelegate/]: Starting 'The textutils library -> textutils.unserializeJSON -> passes nst/JSONTestSuite -> i_number_pos_double_huge_exp'
[13Jan.2024 07:34:00.986] [ComputerCraft-Coroutine-0/INFO] [dan200.computercraft.core.ComputerTestDelegate/]: 'The textutils library -> textutils.unserializeJSON -> passes nst/JSONTestSuite -> i_number_pos_double_huge_exp' finished with pass
[13Jan.2024 07:34:00.986] [ForkJoinPool-1-worker-1/INFO] [dan200.computercraft.core.ComputerTestDelegate/]: Finished 'The textutils library -> textutils.unserializeJSON -> passes nst/JSONTestSuite -> i_number_pos_double_huge_exp'
[13Jan.2024 07:34:00.987] [ForkJoinPool-1-worker-1/INFO] [dan200.computercraft.core.ComputerTestDelegate/]: Starting 'The textutils library -> textutils.unserializeJSON -> passes nst/JSONTestSuite -> y_array_with_1_and_newline'
[13Jan.2024 07:34:00.988] [ComputerCraft-Coroutine-0/INFO] [dan200.computercraft.core.ComputerTestDelegate/]: 'The textutils library -> textutils.unserializeJSON -> passes nst/JSONTestSuite -> y_array_with_1_and_newline' finished with pass
[13Jan.2024 07:34:00.988] [ForkJoinPool-1-worker-1/INFO] [dan200.computercraft.core.ComputerTestDelegate/]: Finished 'The textutils library -> textutils.unserializeJSON -> passes nst/JSONTestSuite -> y_array_with_1_and_newline'
[13Jan.2024 07:34:00.988] [ForkJoinPool-1-worker-1/INFO] [dan200.computercraft.core.ComputerTestDelegate/]: Starting 'The textutils library -> textutils.unserializeJSON -> passes nst/JSONTestSuite -> n_string_with_trailing_garbage'
[13Jan.2024 07:34:00.990] [ComputerCraft-Coroutine-0/INFO] [dan200.computercraft.core.ComputerTestDelegate/]: 'The textutils library -> textutils.unserializeJSON -> passes nst/JSONTestSuite -> n_string_with_trailing_garbage' finished with pass
[13Jan.2024 07:34:00.990] [ForkJoinPool-1-worker-1/INFO] [dan200.computercraft.core.ComputerTestDelegate/]: Finished 'The textutils library -> textutils.unserializeJSON -> passes nst/JSONTestSuite -> n_string_with_trailing_garbage'
[13Jan.2024 07:34:00.990] [ForkJoinPool-1-worker-1/INFO] [dan200.computercraft.core.ComputerTestDelegate/]: Starting 'The textutils library -> textutils.unserializeJSON -> passes nst/JSONTestSuite -> y_string_last_surrogates_1_and_2'
[13Jan.2024 07:34:00.991] [ComputerCraft-Coroutine-0/INFO] [dan200.computercraft.core.ComputerTestDelegate/]: 'The textutils library -> textutils.unserializeJSON -> passes nst/JSONTestSuite -> y_string_last_surrogates_1_and_2' finished with pass
[13Jan.2024 07:34:00.991] [ForkJoinPool-1-worker-1/INFO] [dan200.computercraft.core.ComputerTestDelegate/]: Finished 'The textutils library -> textutils.unserializeJSON -> passes nst/JSONTestSuite -> y_string_last_surrogates_1_and_2'
[13Jan.2024 07:34:00.992] [ForkJoinPool-1-worker-1/INFO] [dan200.computercraft.core.ComputerTestDelegate/]: Starting 'The textutils library -> textutils.unserializeJSON -> passes nst/JSONTestSuite -> n_structure_open_array_open_string'
[13Jan.2024 07:34:00.994] [ComputerCraft-Coroutine-0/INFO] [dan200.computercraft.core.ComputerTestDelegate/]: 'The textutils library -> textutils.unserializeJSON -> passes nst/JSONTestSuite -> n_structure_open_array_open_string' finished with pass
[13Jan.2024 07:34:00.994] [ForkJoinPool-1-worker-1/INFO] [dan200.computercraft.core.ComputerTestDelegate/]: Finished 'The textutils library -> textutils.unserializeJSON -> passes nst/JSONTestSuite -> n_structure_open_array_open_string'
[13Jan.2024 07:34:00.994] [ForkJoinPool-1-worker-1/INFO] [dan200.computercraft.core.ComputerTestDelegate/]: Starting 'The textutils library -> textutils.unserializeJSON -> passes nst/JSONTestSuite -> n_number_hex_2_digits'
[13Jan.2024 07:34:00.996] [ComputerCraft-Coroutine-0/INFO] [dan200.computercraft.core.ComputerTestDelegate/]: 'The textutils library -> textutils.unserializeJSON -> passes nst/JSONTestSuite -> n_number_hex_2_digits' finished with pass
[13Jan.2024 07:34:00.996] [ForkJoinPool-1-worker-1/INFO] [dan200.computercraft.core.ComputerTestDelegate/]: Finished 'The textutils library -> textutils.unserializeJSON -> passes nst/JSONTestSuite -> n_number_hex_2_digits'
[13Jan.2024 07:34:00.996] [ForkJoinPool-1-worker-1/INFO] [dan200.computercraft.core.ComputerTestDelegate/]: Starting 'The textutils library -> textutils.unserializeJSON -> passes nst/JSONTestSuite -> n_array_comma_and_number'
[13Jan.2024 07:34:00.998] [ComputerCraft-Coroutine-0/INFO] [dan200.computercraft.core.ComputerTestDelegate/]: 'The textutils library -> textutils.unserializeJSON -> passes nst/JSONTestSuite -> n_array_comma_and_number' finished with pass
[13Jan.2024 07:34:00.998] [ForkJoinPool-1-worker-1/INFO] [dan200.computercraft.core.ComputerTestDelegate/]: Finished 'The textutils library -> textutils.unserializeJSON -> passes nst/JSONTestSuite -> n_array_comma_and_number'
[13Jan.2024 07:34:00.999] [ForkJoinPool-1-worker-1/INFO] [dan200.computercraft.core.ComputerTestDelegate/]: Starting 'The textutils library -> textutils.unserializeJSON -> passes nst/JSONTestSuite -> y_string_unicode_2'
[13Jan.2024 07:34:01.000] [ComputerCraft-Coroutine-0/INFO] [dan200.computercraft.core.ComputerTestDelegate/]: 'The textutils library -> textutils.unserializeJSON -> passes nst/JSONTestSuite -> y_string_unicode_2' finished with pass
[13Jan.2024 07:34:01.004] [ForkJoinPool-1-worker-1/INFO] [dan200.computercraft.core.ComputerTestDelegate/]: Finished 'The textutils library -> textutils.unserializeJSON -> passes nst/JSONTestSuite -> y_string_unicode_2'
[13Jan.2024 07:34:01.005] [ForkJoinPool-1-worker-1/INFO] [dan200.computercraft.core.ComputerTestDelegate/]: Starting 'The textutils library -> textutils.unserializeJSON -> passes nst/JSONTestSuite -> n_number_starting_with_dot'
[13Jan.2024 07:34:01.006] [ComputerCraft-Coroutine-0/INFO] [dan200.computercraft.core.ComputerTestDelegate/]: 'The textutils library -> textutils.unserializeJSON -> passes nst/JSONTestSuite -> n_number_starting_with_dot' finished with pass
[13Jan.2024 07:34:01.006] [ForkJoinPool-1-worker-1/INFO] [dan200.computercraft.core.ComputerTestDelegate/]: Finished 'The textutils library -> textutils.unserializeJSON -> passes nst/JSONTestSuite -> n_number_starting_with_dot'
[13Jan.2024 07:34:01.007] [ForkJoinPool-1-worker-1/INFO] [dan200.computercraft.core.ComputerTestDelegate/]: Starting 'The textutils library -> textutils.unserializeJSON -> passes nst/JSONTestSuite -> n_object_single_quote'
[13Jan.2024 07:34:01.008] [ComputerCraft-Coroutine-0/INFO] [dan200.computercraft.core.ComputerTestDelegate/]: 'The textutils library -> textutils.unserializeJSON -> passes nst/JSONTestSuite -> n_object_single_quote' finished with pass
[13Jan.2024 07:34:01.008] [ForkJoinPool-1-worker-1/INFO] [dan200.computercraft.core.ComputerTestDelegate/]: Finished 'The textutils library -> textutils.unserializeJSON -> passes nst/JSONTestSuite -> n_object_single_quote'
[13Jan.2024 07:34:01.009] [ForkJoinPool-1-worker-1/INFO] [dan200.computercraft.core.ComputerTestDelegate/]: Starting 'The textutils library -> textutils.unserializeJSON -> passes nst/JSONTestSuite -> y_number_real_capital_e_neg_exp'
[13Jan.2024 07:34:01.010] [ComputerCraft-Coroutine-0/INFO] [dan200.computercraft.core.ComputerTestDelegate/]: 'The textutils library -> textutils.unserializeJSON -> passes nst/JSONTestSuite -> y_number_real_capital_e_neg_exp' finished with pass
[13Jan.2024 07:34:01.010] [ForkJoinPool-1-worker-1/INFO] [dan200.computercraft.core.ComputerTestDelegate/]: Finished 'The textutils library -> textutils.unserializeJSON -> passes nst/JSONTestSuite -> y_number_real_capital_e_neg_exp'
[13Jan.2024 07:34:01.011] [ForkJoinPool-1-worker-1/INFO] [dan200.computercraft.core.ComputerTestDelegate/]: Starting 'The textutils library -> textutils.unserializeJSON -> passes nst/JSONTestSuite -> y_object'
[13Jan.2024 07:34:01.012] [ComputerCraft-Coroutine-0/INFO] [dan200.computercraft.core.ComputerTestDelegate/]: 'The textutils library -> textutils.unserializeJSON -> passes nst/JSONTestSuite -> y_object' finished with pass
[13Jan.2024 07:34:01.012] [ForkJoinPool-1-worker-1/INFO] [dan200.computercraft.core.ComputerTestDelegate/]: Finished 'The textutils library -> textutils.unserializeJSON -> passes nst/JSONTestSuite -> y_object'
[13Jan.2024 07:34:01.013] [ForkJoinPool-1-worker-1/INFO] [dan200.computercraft.core.ComputerTestDelegate/]: Starting 'The textutils library -> textutils.unserializeJSON -> passes nst/JSONTestSuite -> n_array_unclosed'
[13Jan.2024 07:34:01.014] [ComputerCraft-Coroutine-0/INFO] [dan200.computercraft.core.ComputerTestDelegate/]: 'The textutils library -> textutils.unserializeJSON -> passes nst/JSONTestSuite -> n_array_unclosed' finished with pass
[13Jan.2024 07:34:01.014] [ForkJoinPool-1-worker-1/INFO] [dan200.computercraft.core.ComputerTestDelegate/]: Finished 'The textutils library -> textutils.unserializeJSON -> passes nst/JSONTestSuite -> n_array_unclosed'
[13Jan.2024 07:34:01.015] [ForkJoinPool-1-worker-1/INFO] [dan200.computercraft.core.ComputerTestDelegate/]: Starting 'The textutils library -> textutils.unserializeJSON -> passes nst/JSONTestSuite -> n_structure_whitespace_U+2060_word_joiner'
[13Jan.2024 07:34:01.016] [ComputerCraft-Coroutine-0/INFO] [dan200.computercraft.core.ComputerTestDelegate/]: 'The textutils library -> textutils.unserializeJSON -> passes nst/JSONTestSuite -> n_structure_whitespace_U+2060_word_joiner' finished with pass
[13Jan.2024 07:34:01.016] [ForkJoinPool-1-worker-1/INFO] [dan200.computercraft.core.ComputerTestDelegate/]: Finished 'The textutils library -> textutils.unserializeJSON -> passes nst/JSONTestSuite -> n_structure_whitespace_U+2060_word_joiner'
[13Jan.2024 07:34:01.017] [ForkJoinPool-1-worker-1/INFO] [dan200.computercraft.core.ComputerTestDelegate/]: Starting 'The textutils library -> textutils.unserializeJSON -> passes nst/JSONTestSuite -> n_structure_open_array_object'
[13Jan.2024 07:34:01.017] [ComputerCraft-Coroutine-0/INFO] [dan200.computercraft.core.ComputerTestDelegate/]: 'The textutils library -> textutils.unserializeJSON -> passes nst/JSONTestSuite -> n_structure_open_array_object' finished with pending
[13Jan.2024 07:34:01.017] [ForkJoinPool-1-worker-1/INFO] [dan200.computercraft.core.ComputerTestDelegate/]: Finished 'The textutils library -> textutils.unserializeJSON -> passes nst/JSONTestSuite -> n_structure_open_array_object'
[13Jan.2024 07:34:01.018] [ForkJoinPool-1-worker-1/INFO] [dan200.computercraft.core.ComputerTestDelegate/]: Starting 'The textutils library -> textutils.unserializeJSON -> passes nst/JSONTestSuite -> n_object_bad_value'
[13Jan.2024 07:34:01.020] [ComputerCraft-Coroutine-0/INFO] [dan200.computercraft.core.ComputerTestDelegate/]: 'The textutils library -> textutils.unserializeJSON -> passes nst/JSONTestSuite -> n_object_bad_value' finished with pass
[13Jan.2024 07:34:01.020] [ForkJoinPool-1-worker-1/INFO] [dan200.computercraft.core.ComputerTestDelegate/]: Finished 'The textutils library -> textutils.unserializeJSON -> passes nst/JSONTestSuite -> n_object_bad_value'
[13Jan.2024 07:34:01.020] [ForkJoinPool-1-worker-1/INFO] [dan200.computercraft.core.ComputerTestDelegate/]: Starting 'The textutils library -> textutils.unserializeJSON -> passes nst/JSONTestSuite -> y_string_in_array_with_leading_space'
[13Jan.2024 07:34:01.021] [ComputerCraft-Coroutine-0/INFO] [dan200.computercraft.core.ComputerTestDelegate/]: 'The textutils library -> textutils.unserializeJSON -> passes nst/JSONTestSuite -> y_string_in_array_with_leading_space' finished with pass
[13Jan.2024 07:34:01.022] [ForkJoinPool-1-worker-1/INFO] [dan200.computercraft.core.ComputerTestDelegate/]: Finished 'The textutils library -> textutils.unserializeJSON -> passes nst/JSONTestSuite -> y_string_in_array_with_leading_space'
[13Jan.2024 07:34:01.023] [ForkJoinPool-1-worker-1/INFO] [dan200.computercraft.core.ComputerTestDelegate/]: Starting 'The textutils library -> textutils.unserializeJSON -> passes nst/JSONTestSuite -> y_object_duplicated_key'
[13Jan.2024 07:34:01.024] [ComputerCraft-Coroutine-0/INFO] [dan200.computercraft.core.ComputerTestDelegate/]: 'The textutils library -> textutils.unserializeJSON -> passes nst/JSONTestSuite -> y_object_duplicated_key' finished with pass
[13Jan.2024 07:34:01.024] [ForkJoinPool-1-worker-1/INFO] [dan200.computercraft.core.ComputerTestDelegate/]: Finished 'The textutils library -> textutils.unserializeJSON -> passes nst/JSONTestSuite -> y_object_duplicated_key'
[13Jan.2024 07:34:01.024] [ForkJoinPool-1-worker-1/INFO] [dan200.computercraft.core.ComputerTestDelegate/]: Starting 'The textutils library -> textutils.unserializeJSON -> passes nst/JSONTestSuite -> n_number_neg_with_garbage_at_end'
[13Jan.2024 07:34:01.025] [ComputerCraft-Coroutine-0/INFO] [dan200.computercraft.core.ComputerTestDelegate/]: 'The textutils library -> textutils.unserializeJSON -> passes nst/JSONTestSuite -> n_number_neg_with_garbage_at_end' finished with pass
[13Jan.2024 07:34:01.026] [ForkJoinPool-1-worker-1/INFO] [dan200.computercraft.core.ComputerTestDelegate/]: Finished 'The textutils library -> textutils.unserializeJSON -> passes nst/JSONTestSuite -> n_number_neg_with_garbage_at_end'
[13Jan.2024 07:34:01.026] [ForkJoinPool-1-worker-1/INFO] [dan200.computercraft.core.ComputerTestDelegate/]: Starting 'The textutils library -> textutils.unserializeJSON -> passes nst/JSONTestSuite -> n_object_lone_continuation_byte_in_key_and_trailing_comma'
[13Jan.2024 07:34:01.027] [ComputerCraft-Coroutine-0/INFO] [dan200.computercraft.core.ComputerTestDelegate/]: 'The textutils library -> textutils.unserializeJSON -> passes nst/JSONTestSuite -> n_object_lone_continuation_byte_in_key_and_trailing_comma' finished with pass
[13Jan.2024 07:34:01.028] [ForkJoinPool-1-worker-1/INFO] [dan200.computercraft.core.ComputerTestDelegate/]: Finished 'The textutils library -> textutils.unserializeJSON -> passes nst/JSONTestSuite -> n_object_lone_continuation_byte_in_key_and_trailing_comma'
[13Jan.2024 07:34:01.028] [ForkJoinPool-1-worker-1/INFO] [dan200.computercraft.core.ComputerTestDelegate/]: Starting 'The textutils library -> textutils.unserializeJSON -> passes nst/JSONTestSuite -> y_string_u+2029_par_sep'
[13Jan.2024 07:34:01.029] [ComputerCraft-Coroutine-0/INFO] [dan200.computercraft.core.ComputerTestDelegate/]: 'The textutils library -> textutils.unserializeJSON -> passes nst/JSONTestSuite -> y_string_u+2029_par_sep' finished with pass
[13Jan.2024 07:34:01.029] [ForkJoinPool-1-worker-1/INFO] [dan200.computercraft.core.ComputerTestDelegate/]: Finished 'The textutils library -> textutils.unserializeJSON -> passes nst/JSONTestSuite -> y_string_u+2029_par_sep'
[13Jan.2024 07:34:01.030] [ForkJoinPool-1-worker-1/INFO] [dan200.computercraft.core.ComputerTestDelegate/]: Starting 'The textutils library -> textutils.unserializeJSON -> passes nst/JSONTestSuite -> n_string_incomplete_escaped_character'
[13Jan.2024 07:34:01.031] [ComputerCraft-Coroutine-0/INFO] [dan200.computercraft.core.ComputerTestDelegate/]: 'The textutils library -> textutils.unserializeJSON -> passes nst/JSONTestSuite -> n_string_incomplete_escaped_character' finished with pass
[13Jan.2024 07:34:01.032] [ForkJoinPool-1-worker-1/INFO] [dan200.computercraft.core.ComputerTestDelegate/]: Finished 'The textutils library -> textutils.unserializeJSON -> passes nst/JSONTestSuite -> n_string_incomplete_escaped_character'
[13Jan.2024 07:34:01.032] [ForkJoinPool-1-worker-1/INFO] [dan200.computercraft.core.ComputerTestDelegate/]: Starting 'The textutils library -> textutils.unserializeJSON -> passes nst/JSONTestSuite -> y_string_escaped_noncharacter'
[13Jan.2024 07:34:01.033] [ComputerCraft-Coroutine-0/INFO] [dan200.computercraft.core.ComputerTestDelegate/]: 'The textutils library -> textutils.unserializeJSON -> passes nst/JSONTestSuite -> y_string_escaped_noncharacter' finished with pass
[13Jan.2024 07:34:01.033] [ForkJoinPool-1-worker-1/INFO] [dan200.computercraft.core.ComputerTestDelegate/]: Finished 'The textutils library -> textutils.unserializeJSON -> passes nst/JSONTestSuite -> y_string_escaped_noncharacter'
[13Jan.2024 07:34:01.034] [ForkJoinPool-1-worker-1/INFO] [dan200.computercraft.core.ComputerTestDelegate/]: Starting 'The textutils library -> textutils.unserializeJSON -> passes nst/JSONTestSuite -> y_number_negative_one'
[13Jan.2024 07:34:01.035] [ComputerCraft-Coroutine-0/INFO] [dan200.computercraft.core.ComputerTestDelegate/]: 'The textutils library -> textutils.unserializeJSON -> passes nst/JSONTestSuite -> y_number_negative_one' finished with pass
[13Jan.2024 07:34:01.035] [ForkJoinPool-1-worker-1/INFO] [dan200.computercraft.core.ComputerTestDelegate/]: Finished 'The textutils library -> textutils.unserializeJSON -> passes nst/JSONTestSuite -> y_number_negative_one'
[13Jan.2024 07:34:01.035] [ForkJoinPool-1-worker-1/INFO] [dan200.computercraft.core.ComputerTestDelegate/]: Starting 'The textutils library -> textutils.unserializeJSON -> passes nst/JSONTestSuite -> n_number_9.e+'
[13Jan.2024 07:34:01.036] [ComputerCraft-Coroutine-0/INFO] [dan200.computercraft.core.ComputerTestDelegate/]: 'The textutils library -> textutils.unserializeJSON -> passes nst/JSONTestSuite -> n_number_9.e+' finished with pass
[13Jan.2024 07:34:01.037] [ForkJoinPool-1-worker-1/INFO] [dan200.computercraft.core.ComputerTestDelegate/]: Finished 'The textutils library -> textutils.unserializeJSON -> passes nst/JSONTestSuite -> n_number_9.e+'
[13Jan.2024 07:34:01.037] [ForkJoinPool-1-worker-1/INFO] [dan200.computercraft.core.ComputerTestDelegate/]: Starting 'The textutils library -> textutils.unserializeJSON -> passes nst/JSONTestSuite -> n_structure_trailing_#'
[13Jan.2024 07:34:01.038] [ComputerCraft-Coroutine-0/INFO] [dan200.computercraft.core.ComputerTestDelegate/]: 'The textutils library -> textutils.unserializeJSON -> passes nst/JSONTestSuite -> n_structure_trailing_#' finished with pass
[13Jan.2024 07:34:01.038] [ForkJoinPool-1-worker-1/INFO] [dan200.computercraft.core.ComputerTestDelegate/]: Finished 'The textutils library -> textutils.unserializeJSON -> passes nst/JSONTestSuite -> n_structure_trailing_#'
[13Jan.2024 07:34:01.039] [ForkJoinPool-1-worker-1/INFO] [dan200.computercraft.core.ComputerTestDelegate/]: Starting 'The textutils library -> textutils.unserializeJSON -> passes nst/JSONTestSuite -> n_number_real_garbage_after_e'
[13Jan.2024 07:34:01.039] [ComputerCraft-Coroutine-0/INFO] [dan200.computercraft.core.ComputerTestDelegate/]: 'The textutils library -> textutils.unserializeJSON -> passes nst/JSONTestSuite -> n_number_real_garbage_after_e' finished with pass
[13Jan.2024 07:34:01.040] [ForkJoinPool-1-worker-1/INFO] [dan200.computercraft.core.ComputerTestDelegate/]: Finished 'The textutils library -> textutils.unserializeJSON -> passes nst/JSONTestSuite -> n_number_real_garbage_after_e'
[13Jan.2024 07:34:01.040] [ForkJoinPool-1-worker-1/INFO] [dan200.computercraft.core.ComputerTestDelegate/]: Starting 'The textutils library -> textutils.unserializeJSON -> passes nst/JSONTestSuite -> n_structure_100000_opening_arrays'
[13Jan.2024 07:34:01.041] [ComputerCraft-Coroutine-0/INFO] [dan200.computercraft.core.ComputerTestDelegate/]: 'The textutils library -> textutils.unserializeJSON -> passes nst/JSONTestSuite -> n_structure_100000_opening_arrays' finished with pending
[13Jan.2024 07:34:01.041] [ForkJoinPool-1-worker-1/INFO] [dan200.computercraft.core.ComputerTestDelegate/]: Finished 'The textutils library -> textutils.unserializeJSON -> passes nst/JSONTestSuite -> n_structure_100000_opening_arrays'
[13Jan.2024 07:34:01.041] [ForkJoinPool-1-worker-1/INFO] [dan200.computercraft.core.ComputerTestDelegate/]: Starting 'The textutils library -> textutils.unserializeJSON -> passes nst/JSONTestSuite -> n_object_missing_value'
[13Jan.2024 07:34:01.043] [ComputerCraft-Coroutine-0/INFO] [dan200.computercraft.core.ComputerTestDelegate/]: 'The textutils library -> textutils.unserializeJSON -> passes nst/JSONTestSuite -> n_object_missing_value' finished with pass
[13Jan.2024 07:34:01.043] [ForkJoinPool-1-worker-1/INFO] [dan200.computercraft.core.ComputerTestDelegate/]: Finished 'The textutils library -> textutils.unserializeJSON -> passes nst/JSONTestSuite -> n_object_missing_value'
[13Jan.2024 07:34:01.043] [ForkJoinPool-1-worker-1/INFO] [dan200.computercraft.core.ComputerTestDelegate/]: Starting 'The textutils library -> textutils.unserializeJSON -> passes nst/JSONTestSuite -> n_number_expression'
[13Jan.2024 07:34:01.045] [ComputerCraft-Coroutine-0/INFO] [dan200.computercraft.core.ComputerTestDelegate/]: 'The textutils library -> textutils.unserializeJSON -> passes nst/JSONTestSuite -> n_number_expression' finished with pass
[13Jan.2024 07:34:01.045] [ForkJoinPool-1-worker-1/INFO] [dan200.computercraft.core.ComputerTestDelegate/]: Finished 'The textutils library -> textutils.unserializeJSON -> passes nst/JSONTestSuite -> n_number_expression'
[13Jan.2024 07:34:01.045] [ForkJoinPool-1-worker-1/INFO] [dan200.computercraft.core.ComputerTestDelegate/]: Starting 'The textutils library -> textutils.unserializeJSON -> passes nst/JSONTestSuite -> n_string_invalid_backslash_esc'
[13Jan.2024 07:34:01.047] [ComputerCraft-Coroutine-0/INFO] [dan200.computercraft.core.ComputerTestDelegate/]: 'The textutils library -> textutils.unserializeJSON -> passes nst/JSONTestSuite -> n_string_invalid_backslash_esc' finished with pass
[13Jan.2024 07:34:01.047] [ForkJoinPool-1-worker-1/INFO] [dan200.computercraft.core.ComputerTestDelegate/]: Finished 'The textutils library -> textutils.unserializeJSON -> passes nst/JSONTestSuite -> n_string_invalid_backslash_esc'
[13Jan.2024 07:34:01.048] [ForkJoinPool-1-worker-1/INFO] [dan200.computercraft.core.ComputerTestDelegate/]: Starting 'The textutils library -> textutils.unserializeJSON -> passes nst/JSONTestSuite -> n_structure_open_object_open_string'
[13Jan.2024 07:34:01.049] [ComputerCraft-Coroutine-0/INFO] [dan200.computercraft.core.ComputerTestDelegate/]: 'The textutils library -> textutils.unserializeJSON -> passes nst/JSONTestSuite -> n_structure_open_object_open_string' finished with pass
[13Jan.2024 07:34:01.050] [ForkJoinPool-1-worker-1/INFO] [dan200.computercraft.core.ComputerTestDelegate/]: Finished 'The textutils library -> textutils.unserializeJSON -> passes nst/JSONTestSuite -> n_structure_open_object_open_string'
[13Jan.2024 07:34:01.051] [ForkJoinPool-1-worker-1/INFO] [dan200.computercraft.core.ComputerTestDelegate/]: Starting 'The textutils library -> textutils.unserializeJSON -> passes nst/JSONTestSuite -> y_string_unescaped_char_delete'
[13Jan.2024 07:34:01.052] [ComputerCraft-Coroutine-0/INFO] [dan200.computercraft.core.ComputerTestDelegate/]: 'The textutils library -> textutils.unserializeJSON -> passes nst/JSONTestSuite -> y_string_unescaped_char_delete' finished with pass
[13Jan.2024 07:34:01.052] [ForkJoinPool-1-worker-1/INFO] [dan200.computercraft.core.ComputerTestDelegate/]: Finished 'The textutils library -> textutils.unserializeJSON -> passes nst/JSONTestSuite -> y_string_unescaped_char_delete'
[13Jan.2024 07:34:01.053] [ForkJoinPool-1-worker-1/INFO] [dan200.computercraft.core.ComputerTestDelegate/]: Starting 'The textutils library -> textutils.unserializeJSON -> passes nst/JSONTestSuite -> y_string_nbsp_uescaped'
[13Jan.2024 07:34:01.054] [ComputerCraft-Coroutine-0/INFO] [dan200.computercraft.core.ComputerTestDelegate/]: 'The textutils library -> textutils.unserializeJSON -> passes nst/JSONTestSuite -> y_string_nbsp_uescaped' finished with pass
[13Jan.2024 07:34:01.054] [ForkJoinPool-1-worker-1/INFO] [dan200.computercraft.core.ComputerTestDelegate/]: Finished 'The textutils library -> textutils.unserializeJSON -> passes nst/JSONTestSuite -> y_string_nbsp_uescaped'
[13Jan.2024 07:34:01.054] [ForkJoinPool-1-worker-1/INFO] [dan200.computercraft.core.ComputerTestDelegate/]: Starting 'The textutils library -> textutils.unserializeJSON -> passes nst/JSONTestSuite -> n_structure_unclosed_array_unfinished_false'
[13Jan.2024 07:34:01.056] [ComputerCraft-Coroutine-0/INFO] [dan200.computercraft.core.ComputerTestDelegate/]: 'The textutils library -> textutils.unserializeJSON -> passes nst/JSONTestSuite -> n_structure_unclosed_array_unfinished_false' finished with pass
[13Jan.2024 07:34:01.056] [ForkJoinPool-1-worker-1/INFO] [dan200.computercraft.core.ComputerTestDelegate/]: Finished 'The textutils library -> textutils.unserializeJSON -> passes nst/JSONTestSuite -> n_structure_unclosed_array_unfinished_false'
[13Jan.2024 07:34:01.056] [ForkJoinPool-1-worker-1/INFO] [dan200.computercraft.core.ComputerTestDelegate/]: Starting 'The textutils library -> textutils.unserializeJSON -> passes nst/JSONTestSuite -> y_string_nonCharacterInUTF-8_U+10FFFF'
[13Jan.2024 07:34:01.057] [ComputerCraft-Coroutine-0/INFO] [dan200.computercraft.core.ComputerTestDelegate/]: 'The textutils library -> textutils.unserializeJSON -> passes nst/JSONTestSuite -> y_string_nonCharacterInUTF-8_U+10FFFF' finished with pass
[13Jan.2024 07:34:01.057] [ForkJoinPool-1-worker-1/INFO] [dan200.computercraft.core.ComputerTestDelegate/]: Finished 'The textutils library -> textutils.unserializeJSON -> passes nst/JSONTestSuite -> y_string_nonCharacterInUTF-8_U+10FFFF'
[13Jan.2024 07:34:01.058] [ForkJoinPool-1-worker-1/INFO] [dan200.computercraft.core.ComputerTestDelegate/]: Starting 'The textutils library -> textutils.unserializeJSON -> passes nst/JSONTestSuite -> n_structure_whitespace_formfeed'
[13Jan.2024 07:34:01.059] [ComputerCraft-Coroutine-0/INFO] [dan200.computercraft.core.ComputerTestDelegate/]: 'The textutils library -> textutils.unserializeJSON -> passes nst/JSONTestSuite -> n_structure_whitespace_formfeed' finished with pass
[13Jan.2024 07:34:01.059] [ForkJoinPool-1-worker-1/INFO] [dan200.computercraft.core.ComputerTestDelegate/]: Finished 'The textutils library -> textutils.unserializeJSON -> passes nst/JSONTestSuite -> n_structure_whitespace_formfeed'
[13Jan.2024 07:34:01.060] [ForkJoinPool-1-worker-1/INFO] [dan200.computercraft.core.ComputerTestDelegate/]: Starting 'The textutils library -> textutils.unserializeJSON -> passes nst/JSONTestSuite -> y_number_simple_int'
[13Jan.2024 07:34:01.060] [ComputerCraft-Coroutine-0/INFO] [dan200.computercraft.core.ComputerTestDelegate/]: 'The textutils library -> textutils.unserializeJSON -> passes nst/JSONTestSuite -> y_number_simple_int' finished with pass
[13Jan.2024 07:34:01.060] [ForkJoinPool-1-worker-1/INFO] [dan200.computercraft.core.ComputerTestDelegate/]: Finished 'The textutils library -> textutils.unserializeJSON -> passes nst/JSONTestSuite -> y_number_simple_int'
[13Jan.2024 07:34:01.061] [ForkJoinPool-1-worker-1/INFO] [dan200.computercraft.core.ComputerTestDelegate/]: Starting 'The textutils library -> textutils.unserializeJSON -> passes nst/JSONTestSuite -> y_array_ending_with_newline'
[13Jan.2024 07:34:01.062] [ComputerCraft-Coroutine-0/INFO] [dan200.computercraft.core.ComputerTestDelegate/]: 'The textutils library -> textutils.unserializeJSON -> passes nst/JSONTestSuite -> y_array_ending_with_newline' finished with pass
[13Jan.2024 07:34:01.062] [ForkJoinPool-1-worker-1/INFO] [dan200.computercraft.core.ComputerTestDelegate/]: Finished 'The textutils library -> textutils.unserializeJSON -> passes nst/JSONTestSuite -> y_array_ending_with_newline'
[13Jan.2024 07:34:01.062] [ForkJoinPool-1-worker-1/INFO] [dan200.computercraft.core.ComputerTestDelegate/]: Starting 'The textutils library -> textutils.unserializeJSON -> passes nst/JSONTestSuite -> n_object_trailing_comma'
[13Jan.2024 07:34:01.063] [ComputerCraft-Coroutine-0/INFO] [dan200.computercraft.core.ComputerTestDelegate/]: 'The textutils library -> textutils.unserializeJSON -> passes nst/JSONTestSuite -> n_object_trailing_comma' finished with pass
[13Jan.2024 07:34:01.063] [ForkJoinPool-1-worker-1/INFO] [dan200.computercraft.core.ComputerTestDelegate/]: Finished 'The textutils library -> textutils.unserializeJSON -> passes nst/JSONTestSuite -> n_object_trailing_comma'
[13Jan.2024 07:34:01.064] [ForkJoinPool-1-worker-1/INFO] [dan200.computercraft.core.ComputerTestDelegate/]: Starting 'The textutils library -> textutils.unserializeJSON -> passes nst/JSONTestSuite -> n_structure_unclosed_object'
[13Jan.2024 07:34:01.064] [ComputerCraft-Coroutine-0/INFO] [dan200.computercraft.core.ComputerTestDelegate/]: 'The textutils library -> textutils.unserializeJSON -> passes nst/JSONTestSuite -> n_structure_unclosed_object' finished with pass
[13Jan.2024 07:34:01.065] [ForkJoinPool-1-worker-1/INFO] [dan200.computercraft.core.ComputerTestDelegate/]: Finished 'The textutils library -> textutils.unserializeJSON -> passes nst/JSONTestSuite -> n_structure_unclosed_object'
[13Jan.2024 07:34:01.065] [ForkJoinPool-1-worker-1/INFO] [dan200.computercraft.core.ComputerTestDelegate/]: Starting 'The textutils library -> textutils.unserializeJSON -> passes nst/JSONTestSuite -> n_object_unterminated-value'
[13Jan.2024 07:34:01.066] [ComputerCraft-Coroutine-0/INFO] [dan200.computercraft.core.ComputerTestDelegate/]: 'The textutils library -> textutils.unserializeJSON -> passes nst/JSONTestSuite -> n_object_unterminated-value' finished with pass
[13Jan.2024 07:34:01.067] [ForkJoinPool-1-worker-1/INFO] [dan200.computercraft.core.ComputerTestDelegate/]: Finished 'The textutils library -> textutils.unserializeJSON -> passes nst/JSONTestSuite -> n_object_unterminated-value'
[13Jan.2024 07:34:01.067] [ForkJoinPool-1-worker-1/INFO] [dan200.computercraft.core.ComputerTestDelegate/]: Starting 'The textutils library -> textutils.unserializeJSON -> passes nst/JSONTestSuite -> y_number_0e1'
[13Jan.2024 07:34:01.068] [ComputerCraft-Coroutine-0/INFO] [dan200.computercraft.core.ComputerTestDelegate/]: 'The textutils library -> textutils.unserializeJSON -> passes nst/JSONTestSuite -> y_number_0e1' finished with pass
[13Jan.2024 07:34:01.068] [ForkJoinPool-1-worker-1/INFO] [dan200.computercraft.core.ComputerTestDelegate/]: Finished 'The textutils library -> textutils.unserializeJSON -> passes nst/JSONTestSuite -> y_number_0e1'
[13Jan.2024 07:34:01.069] [ForkJoinPool-1-worker-1/INFO] [dan200.computercraft.core.ComputerTestDelegate/]: Starting 'The textutils library -> textutils.unserializeJSON -> passes nst/JSONTestSuite -> n_number_+1'
[13Jan.2024 07:34:01.070] [ComputerCraft-Coroutine-0/INFO] [dan200.computercraft.core.ComputerTestDelegate/]: 'The textutils library -> textutils.unserializeJSON -> passes nst/JSONTestSuite -> n_number_+1' finished with pass
[13Jan.2024 07:34:01.070] [ForkJoinPool-1-worker-1/INFO] [dan200.computercraft.core.ComputerTestDelegate/]: Finished 'The textutils library -> textutils.unserializeJSON -> passes nst/JSONTestSuite -> n_number_+1'
[13Jan.2024 07:34:01.071] [ForkJoinPool-1-worker-1/INFO] [dan200.computercraft.core.ComputerTestDelegate/]: Starting 'The textutils library -> textutils.unserializeJSON -> passes nst/JSONTestSuite -> n_number_++'
[13Jan.2024 07:34:01.072] [ComputerCraft-Coroutine-0/INFO] [dan200.computercraft.core.ComputerTestDelegate/]: 'The textutils library -> textutils.unserializeJSON -> passes nst/JSONTestSuite -> n_number_++' finished with pass
[13Jan.2024 07:34:01.072] [ForkJoinPool-1-worker-1/INFO] [dan200.computercraft.core.ComputerTestDelegate/]: Finished 'The textutils library -> textutils.unserializeJSON -> passes nst/JSONTestSuite -> n_number_++'
[13Jan.2024 07:34:01.072] [ForkJoinPool-1-worker-1/INFO] [dan200.computercraft.core.ComputerTestDelegate/]: Starting 'The textutils library -> textutils.unserializeJSON -> passes nst/JSONTestSuite -> n_array_double_comma'
[13Jan.2024 07:34:01.073] [ComputerCraft-Coroutine-0/INFO] [dan200.computercraft.core.ComputerTestDelegate/]: 'The textutils library -> textutils.unserializeJSON -> passes nst/JSONTestSuite -> n_array_double_comma' finished with pass
[13Jan.2024 07:34:01.073] [ForkJoinPool-1-worker-1/INFO] [dan200.computercraft.core.ComputerTestDelegate/]: Finished 'The textutils library -> textutils.unserializeJSON -> passes nst/JSONTestSuite -> n_array_double_comma'
[13Jan.2024 07:34:01.074] [ForkJoinPool-1-worker-1/INFO] [dan200.computercraft.core.ComputerTestDelegate/]: Starting 'The textutils library -> textutils.unserializeJSON -> passes nst/JSONTestSuite -> n_object_emoji'
[13Jan.2024 07:34:01.075] [ComputerCraft-Coroutine-0/INFO] [dan200.computercraft.core.ComputerTestDelegate/]: 'The textutils library -> textutils.unserializeJSON -> passes nst/JSONTestSuite -> n_object_emoji' finished with pass
[13Jan.2024 07:34:01.075] [ForkJoinPool-1-worker-1/INFO] [dan200.computercraft.core.ComputerTestDelegate/]: Finished 'The textutils library -> textutils.unserializeJSON -> passes nst/JSONTestSuite -> n_object_emoji'
[13Jan.2024 07:34:01.075] [ForkJoinPool-1-worker-1/INFO] [dan200.computercraft.core.ComputerTestDelegate/]: Starting 'The textutils library -> textutils.unserializeJSON -> passes nst/JSONTestSuite -> n_array_extra_comma'
[13Jan.2024 07:34:01.077] [ComputerCraft-Coroutine-0/INFO] [dan200.computercraft.core.ComputerTestDelegate/]: 'The textutils library -> textutils.unserializeJSON -> passes nst/JSONTestSuite -> n_array_extra_comma' finished with pass
[13Jan.2024 07:34:01.077] [ForkJoinPool-1-worker-1/INFO] [dan200.computercraft.core.ComputerTestDelegate/]: Finished 'The textutils library -> textutils.unserializeJSON -> passes nst/JSONTestSuite -> n_array_extra_comma'
[13Jan.2024 07:34:01.077] [ForkJoinPool-1-worker-1/INFO] [dan200.computercraft.core.ComputerTestDelegate/]: Starting 'The textutils library -> textutils.unserializeJSON -> passes nst/JSONTestSuite -> y_array_with_trailing_space'
[13Jan.2024 07:34:01.078] [ComputerCraft-Coroutine-0/INFO] [dan200.computercraft.core.ComputerTestDelegate/]: 'The textutils library -> textutils.unserializeJSON -> passes nst/JSONTestSuite -> y_array_with_trailing_space' finished with pass
[13Jan.2024 07:34:01.078] [ForkJoinPool-1-worker-1/INFO] [dan200.computercraft.core.ComputerTestDelegate/]: Finished 'The textutils library -> textutils.unserializeJSON -> passes nst/JSONTestSuite -> y_array_with_trailing_space'
[13Jan.2024 07:34:01.079] [ForkJoinPool-1-worker-1/INFO] [dan200.computercraft.core.ComputerTestDelegate/]: Starting 'The textutils library -> textutils.unserializeJSON -> passes nst/JSONTestSuite -> n_number_with_alpha_char'
[13Jan.2024 07:34:01.080] [ComputerCraft-Coroutine-0/INFO] [dan200.computercraft.core.ComputerTestDelegate/]: 'The textutils library -> textutils.unserializeJSON -> passes nst/JSONTestSuite -> n_number_with_alpha_char' finished with pass
[13Jan.2024 07:34:01.081] [ForkJoinPool-1-worker-1/INFO] [dan200.computercraft.core.ComputerTestDelegate/]: Finished 'The textutils library -> textutils.unserializeJSON -> passes nst/JSONTestSuite -> n_number_with_alpha_char'
[13Jan.2024 07:34:01.081] [ForkJoinPool-1-worker-1/INFO] [dan200.computercraft.core.ComputerTestDelegate/]: Starting 'The textutils library -> textutils.unserializeJSON -> passes nst/JSONTestSuite -> n_number_invalid-utf-8-in-exponent'
[13Jan.2024 07:34:01.082] [ComputerCraft-Coroutine-0/INFO] [dan200.computercraft.core.ComputerTestDelegate/]: 'The textutils library -> textutils.unserializeJSON -> passes nst/JSONTestSuite -> n_number_invalid-utf-8-in-exponent' finished with pass
[13Jan.2024 07:34:01.082] [ForkJoinPool-1-worker-1/INFO] [dan200.computercraft.core.ComputerTestDelegate/]: Finished 'The textutils library -> textutils.unserializeJSON -> passes nst/JSONTestSuite -> n_number_invalid-utf-8-in-exponent'
[13Jan.2024 07:34:01.083] [ForkJoinPool-1-worker-1/INFO] [dan200.computercraft.core.ComputerTestDelegate/]: Starting 'The textutils library -> textutils.unserializeJSON -> passes nst/JSONTestSuite -> y_string_comments'
[13Jan.2024 07:34:01.083] [ComputerCraft-Coroutine-0/INFO] [dan200.computercraft.core.ComputerTestDelegate/]: 'The textutils library -> textutils.unserializeJSON -> passes nst/JSONTestSuite -> y_string_comments' finished with pass
[13Jan.2024 07:34:01.084] [ForkJoinPool-1-worker-1/INFO] [dan200.computercraft.core.ComputerTestDelegate/]: Finished 'The textutils library -> textutils.unserializeJSON -> passes nst/JSONTestSuite -> y_string_comments'
[13Jan.2024 07:34:01.084] [ForkJoinPool-1-worker-1/INFO] [dan200.computercraft.core.ComputerTestDelegate/]: Starting 'The textutils library -> textutils.unserializeJSON -> passes nst/JSONTestSuite -> n_object_key_with_single_quotes'
[13Jan.2024 07:34:01.085] [ComputerCraft-Coroutine-0/INFO] [dan200.computercraft.core.ComputerTestDelegate/]: 'The textutils library -> textutils.unserializeJSON -> passes nst/JSONTestSuite -> n_object_key_with_single_quotes' finished with pass
[13Jan.2024 07:34:01.085] [ForkJoinPool-1-worker-1/INFO] [dan200.computercraft.core.ComputerTestDelegate/]: Finished 'The textutils library -> textutils.unserializeJSON -> passes nst/JSONTestSuite -> n_object_key_with_single_quotes'
[13Jan.2024 07:34:01.086] [ForkJoinPool-1-worker-1/INFO] [dan200.computercraft.core.ComputerTestDelegate/]: Starting 'The textutils library -> textutils.unserializeJSON -> passes nst/JSONTestSuite -> n_string_accentuated_char_no_quotes'
[13Jan.2024 07:34:01.087] [ComputerCraft-Coroutine-0/INFO] [dan200.computercraft.core.ComputerTestDelegate/]: 'The textutils library -> textutils.unserializeJSON -> passes nst/JSONTestSuite -> n_string_accentuated_char_no_quotes' finished with pass
[13Jan.2024 07:34:01.087] [ForkJoinPool-1-worker-1/INFO] [dan200.computercraft.core.ComputerTestDelegate/]: Finished 'The textutils library -> textutils.unserializeJSON -> passes nst/JSONTestSuite -> n_string_accentuated_char_no_quotes'
[13Jan.2024 07:34:01.088] [ForkJoinPool-1-worker-1/INFO] [dan200.computercraft.core.ComputerTestDelegate/]: Starting 'The textutils library -> textutils.unserializeJSON -> passes nst/JSONTestSuite -> n_object_double_colon'
[13Jan.2024 07:34:01.088] [ComputerCraft-Coroutine-0/INFO] [dan200.computercraft.core.ComputerTestDelegate/]: 'The textutils library -> textutils.unserializeJSON -> passes nst/JSONTestSuite -> n_object_double_colon' finished with pass
[13Jan.2024 07:34:01.088] [ForkJoinPool-1-worker-1/INFO] [dan200.computercraft.core.ComputerTestDelegate/]: Finished 'The textutils library -> textutils.unserializeJSON -> passes nst/JSONTestSuite -> n_object_double_colon'
[13Jan.2024 07:34:01.089] [ForkJoinPool-1-worker-1/INFO] [dan200.computercraft.core.ComputerTestDelegate/]: Starting 'The textutils library -> textutils.unserializeJSON -> passes nst/JSONTestSuite -> y_number_double_close_to_zero'
[13Jan.2024 07:34:01.090] [ComputerCraft-Coroutine-0/INFO] [dan200.computercraft.core.ComputerTestDelegate/]: 'The textutils library -> textutils.unserializeJSON -> passes nst/JSONTestSuite -> y_number_double_close_to_zero' finished with pass
[13Jan.2024 07:34:01.090] [ForkJoinPool-1-worker-1/INFO] [dan200.computercraft.core.ComputerTestDelegate/]: Finished 'The textutils library -> textutils.unserializeJSON -> passes nst/JSONTestSuite -> y_number_double_close_to_zero'
[13Jan.2024 07:34:01.090] [ForkJoinPool-1-worker-1/INFO] [dan200.computercraft.core.ComputerTestDelegate/]: Starting 'The textutils library -> textutils.unserializeJSON -> passes nst/JSONTestSuite -> i_string_invalid_lonely_surrogate'
[13Jan.2024 07:34:01.092] [ComputerCraft-Coroutine-0/INFO] [dan200.computercraft.core.ComputerTestDelegate/]: 'The textutils library -> textutils.unserializeJSON -> passes nst/JSONTestSuite -> i_string_invalid_lonely_surrogate' finished with pass
[13Jan.2024 07:34:01.092] [ForkJoinPool-1-worker-1/INFO] [dan200.computercraft.core.ComputerTestDelegate/]: Finished 'The textutils library -> textutils.unserializeJSON -> passes nst/JSONTestSuite -> i_string_invalid_lonely_surrogate'
[13Jan.2024 07:34:01.092] [ForkJoinPool-1-worker-1/INFO] [dan200.computercraft.core.ComputerTestDelegate/]: Starting 'The textutils library -> textutils.unserializeJSON -> passes nst/JSONTestSuite -> n_array_double_extra_comma'
[13Jan.2024 07:34:01.093] [ComputerCraft-Coroutine-0/INFO] [dan200.computercraft.core.ComputerTestDelegate/]: 'The textutils library -> textutils.unserializeJSON -> passes nst/JSONTestSuite -> n_array_double_extra_comma' finished with pass
[13Jan.2024 07:34:01.093] [ForkJoinPool-1-worker-1/INFO] [dan200.computercraft.core.ComputerTestDelegate/]: Finished 'The textutils library -> textutils.unserializeJSON -> passes nst/JSONTestSuite -> n_array_double_extra_comma'
[13Jan.2024 07:34:01.094] [ForkJoinPool-1-worker-1/INFO] [dan200.computercraft.core.ComputerTestDelegate/]: Starting 'The textutils library -> textutils.unserializeJSON -> passes nst/JSONTestSuite -> y_object_duplicated_key_and_value'
[13Jan.2024 07:34:01.095] [ComputerCraft-Coroutine-0/INFO] [dan200.computercraft.core.ComputerTestDelegate/]: 'The textutils library -> textutils.unserializeJSON -> passes nst/JSONTestSuite -> y_object_duplicated_key_and_value' finished with pass
[13Jan.2024 07:34:01.095] [ForkJoinPool-1-worker-1/INFO] [dan200.computercraft.core.ComputerTestDelegate/]: Finished 'The textutils library -> textutils.unserializeJSON -> passes nst/JSONTestSuite -> y_object_duplicated_key_and_value'
[13Jan.2024 07:34:01.095] [ForkJoinPool-1-worker-1/INFO] [dan200.computercraft.core.ComputerTestDelegate/]: Starting 'The textutils library -> textutils.unserializeJSON -> passes nst/JSONTestSuite -> i_string_1st_valid_surrogate_2nd_invalid'
[13Jan.2024 07:34:01.096] [ComputerCraft-Coroutine-0/INFO] [dan200.computercraft.core.ComputerTestDelegate/]: 'The textutils library -> textutils.unserializeJSON -> passes nst/JSONTestSuite -> i_string_1st_valid_surrogate_2nd_invalid' finished with pass
[13Jan.2024 07:34:01.096] [ForkJoinPool-1-worker-1/INFO] [dan200.computercraft.core.ComputerTestDelegate/]: Finished 'The textutils library -> textutils.unserializeJSON -> passes nst/JSONTestSuite -> i_string_1st_valid_surrogate_2nd_invalid'
[13Jan.2024 07:34:01.097] [ForkJoinPool-1-worker-1/INFO] [dan200.computercraft.core.ComputerTestDelegate/]: Starting 'The textutils library -> textutils.unserializeJSON -> passes nst/JSONTestSuite -> n_number_-2.'
[13Jan.2024 07:34:01.097] [ComputerCraft-Coroutine-0/INFO] [dan200.computercraft.core.ComputerTestDelegate/]: 'The textutils library -> textutils.unserializeJSON -> passes nst/JSONTestSuite -> n_number_-2.' finished with pending
[13Jan.2024 07:34:01.097] [ForkJoinPool-1-worker-1/INFO] [dan200.computercraft.core.ComputerTestDelegate/]: Finished 'The textutils library -> textutils.unserializeJSON -> passes nst/JSONTestSuite -> n_number_-2.'
[13Jan.2024 07:34:01.098] [ForkJoinPool-1-worker-1/INFO] [dan200.computercraft.core.ComputerTestDelegate/]: Starting 'The textutils library -> textutils.unserializeJSON -> passes nst/JSONTestSuite -> y_structure_trailing_newline'
[13Jan.2024 07:34:01.099] [ComputerCraft-Coroutine-0/INFO] [dan200.computercraft.core.ComputerTestDelegate/]: 'The textutils library -> textutils.unserializeJSON -> passes nst/JSONTestSuite -> y_structure_trailing_newline' finished with pass
[13Jan.2024 07:34:01.099] [ForkJoinPool-1-worker-1/INFO] [dan200.computercraft.core.ComputerTestDelegate/]: Finished 'The textutils library -> textutils.unserializeJSON -> passes nst/JSONTestSuite -> y_structure_trailing_newline'
[13Jan.2024 07:34:01.099] [ForkJoinPool-1-worker-1/INFO] [dan200.computercraft.core.ComputerTestDelegate/]: Starting 'The textutils library -> textutils.unserializeJSON -> passes nst/JSONTestSuite -> n_structure_single_eacute'
[13Jan.2024 07:34:01.100] [ComputerCraft-Coroutine-0/INFO] [dan200.computercraft.core.ComputerTestDelegate/]: 'The textutils library -> textutils.unserializeJSON -> passes nst/JSONTestSuite -> n_structure_single_eacute' finished with pass
[13Jan.2024 07:34:01.100] [ForkJoinPool-1-worker-1/INFO] [dan200.computercraft.core.ComputerTestDelegate/]: Finished 'The textutils library -> textutils.unserializeJSON -> passes nst/JSONTestSuite -> n_structure_single_eacute'
[13Jan.2024 07:34:01.101] [ForkJoinPool-1-worker-1/INFO] [dan200.computercraft.core.ComputerTestDelegate/]: Starting 'The textutils library -> textutils.unserializeJSON -> passes nst/JSONTestSuite -> n_structure_open_object_string_with_apostrophes'
[13Jan.2024 07:34:01.101] [ComputerCraft-Coroutine-0/INFO] [dan200.computercraft.core.ComputerTestDelegate/]: 'The textutils library -> textutils.unserializeJSON -> passes nst/JSONTestSuite -> n_structure_open_object_string_with_apostrophes' finished with pass
[13Jan.2024 07:34:01.102] [ForkJoinPool-1-worker-1/INFO] [dan200.computercraft.core.ComputerTestDelegate/]: Finished 'The textutils library -> textutils.unserializeJSON -> passes nst/JSONTestSuite -> n_structure_open_object_string_with_apostrophes'
[13Jan.2024 07:34:01.102] [ForkJoinPool-1-worker-1/INFO] [dan200.computercraft.core.ComputerTestDelegate/]: Starting 'The textutils library -> textutils.unserializeJSON -> passes nst/JSONTestSuite -> n_string_unescaped_newline'
[13Jan.2024 07:34:01.103] [ComputerCraft-Coroutine-0/INFO] [dan200.computercraft.core.ComputerTestDelegate/]: 'The textutils library -> textutils.unserializeJSON -> passes nst/JSONTestSuite -> n_string_unescaped_newline' finished with pass
[13Jan.2024 07:34:01.103] [ForkJoinPool-1-worker-1/INFO] [dan200.computercraft.core.ComputerTestDelegate/]: Finished 'The textutils library -> textutils.unserializeJSON -> passes nst/JSONTestSuite -> n_string_unescaped_newline'
[13Jan.2024 07:34:01.104] [ForkJoinPool-1-worker-1/INFO] [dan200.computercraft.core.ComputerTestDelegate/]: Starting 'The textutils library -> textutils.unserializeJSON -> passes nst/JSONTestSuite -> n_array_missing_value'
[13Jan.2024 07:34:01.105] [ComputerCraft-Coroutine-0/INFO] [dan200.computercraft.core.ComputerTestDelegate/]: 'The textutils library -> textutils.unserializeJSON -> passes nst/JSONTestSuite -> n_array_missing_value' finished with pass
[13Jan.2024 07:34:01.105] [ForkJoinPool-1-worker-1/INFO] [dan200.computercraft.core.ComputerTestDelegate/]: Finished 'The textutils library -> textutils.unserializeJSON -> passes nst/JSONTestSuite -> n_array_missing_value'
[13Jan.2024 07:34:01.105] [ForkJoinPool-1-worker-1/INFO] [dan200.computercraft.core.ComputerTestDelegate/]: Starting 'The textutils library -> textutils.unserializeJSON -> passes nst/JSONTestSuite -> y_string_unicode_U+FFFE_nonchar'
[13Jan.2024 07:34:01.106] [ComputerCraft-Coroutine-0/INFO] [dan200.computercraft.core.ComputerTestDelegate/]: 'The textutils library -> textutils.unserializeJSON -> passes nst/JSONTestSuite -> y_string_unicode_U+FFFE_nonchar' finished with pass
[13Jan.2024 07:34:01.106] [ForkJoinPool-1-worker-1/INFO] [dan200.computercraft.core.ComputerTestDelegate/]: Finished 'The textutils library -> textutils.unserializeJSON -> passes nst/JSONTestSuite -> y_string_unicode_U+FFFE_nonchar'
[13Jan.2024 07:34:01.107] [ForkJoinPool-1-worker-1/INFO] [dan200.computercraft.core.ComputerTestDelegate/]: Starting 'The textutils library -> textutils.unserializeJSON -> passes nst/JSONTestSuite -> n_number_invalid-utf-8-in-int'
[13Jan.2024 07:34:01.107] [ComputerCraft-Coroutine-0/INFO] [dan200.computercraft.core.ComputerTestDelegate/]: 'The textutils library -> textutils.unserializeJSON -> passes nst/JSONTestSuite -> n_number_invalid-utf-8-in-int' finished with pass
[13Jan.2024 07:34:01.108] [ForkJoinPool-1-worker-1/INFO] [dan200.computercraft.core.ComputerTestDelegate/]: Finished 'The textutils library -> textutils.unserializeJSON -> passes nst/JSONTestSuite -> n_number_invalid-utf-8-in-int'
[13Jan.2024 07:34:01.108] [ForkJoinPool-1-worker-1/INFO] [dan200.computercraft.core.ComputerTestDelegate/]: Starting 'The textutils library -> textutils.unserializeJSON -> passes nst/JSONTestSuite -> i_string_inverted_surrogates_U+1D11E'
[13Jan.2024 07:34:01.109] [ComputerCraft-Coroutine-0/INFO] [dan200.computercraft.core.ComputerTestDelegate/]: 'The textutils library -> textutils.unserializeJSON -> passes nst/JSONTestSuite -> i_string_inverted_surrogates_U+1D11E' finished with pass
[13Jan.2024 07:34:01.109] [ForkJoinPool-1-worker-1/INFO] [dan200.computercraft.core.ComputerTestDelegate/]: Finished 'The textutils library -> textutils.unserializeJSON -> passes nst/JSONTestSuite -> i_string_inverted_surrogates_U+1D11E'
[13Jan.2024 07:34:01.110] [ForkJoinPool-1-worker-1/INFO] [dan200.computercraft.core.ComputerTestDelegate/]: Starting 'The textutils library -> textutils.unserializeJSON -> passes nst/JSONTestSuite -> y_object_extreme_numbers'
[13Jan.2024 07:34:01.111] [ComputerCraft-Coroutine-0/INFO] [dan200.computercraft.core.ComputerTestDelegate/]: 'The textutils library -> textutils.unserializeJSON -> passes nst/JSONTestSuite -> y_object_extreme_numbers' finished with pass
[13Jan.2024 07:34:01.111] [ForkJoinPool-1-worker-1/INFO] [dan200.computercraft.core.ComputerTestDelegate/]: Finished 'The textutils library -> textutils.unserializeJSON -> passes nst/JSONTestSuite -> y_object_extreme_numbers'
[13Jan.2024 07:34:01.111] [ForkJoinPool-1-worker-1/INFO] [dan200.computercraft.core.ComputerTestDelegate/]: Starting 'The textutils library -> textutils.unserializeJSON -> passes nst/JSONTestSuite -> y_number_0e+1'
[13Jan.2024 07:34:01.112] [ComputerCraft-Coroutine-0/INFO] [dan200.computercraft.core.ComputerTestDelegate/]: 'The textutils library -> textutils.unserializeJSON -> passes nst/JSONTestSuite -> y_number_0e+1' finished with pass
[13Jan.2024 07:34:01.112] [ForkJoinPool-1-worker-1/INFO] [dan200.computercraft.core.ComputerTestDelegate/]: Finished 'The textutils library -> textutils.unserializeJSON -> passes nst/JSONTestSuite -> y_number_0e+1'
[13Jan.2024 07:34:01.112] [ForkJoinPool-1-worker-1/INFO] [dan200.computercraft.core.ComputerTestDelegate/]: Starting 'The textutils library -> textutils.unserializeJSON -> passes nst/JSONTestSuite -> y_object_long_strings'
[13Jan.2024 07:34:01.113] [ComputerCraft-Coroutine-0/INFO] [dan200.computercraft.core.ComputerTestDelegate/]: 'The textutils library -> textutils.unserializeJSON -> passes nst/JSONTestSuite -> y_object_long_strings' finished with pass
[13Jan.2024 07:34:01.113] [ForkJoinPool-1-worker-1/INFO] [dan200.computercraft.core.ComputerTestDelegate/]: Finished 'The textutils library -> textutils.unserializeJSON -> passes nst/JSONTestSuite -> y_object_long_strings'
[13Jan.2024 07:34:01.114] [ForkJoinPool-1-worker-1/INFO] [dan200.computercraft.core.ComputerTestDelegate/]: Starting 'The textutils library -> textutils.unserializeJSON -> passes nst/JSONTestSuite -> n_number_with_leading_zero'
[13Jan.2024 07:34:01.114] [ComputerCraft-Coroutine-0/INFO] [dan200.computercraft.core.ComputerTestDelegate/]: 'The textutils library -> textutils.unserializeJSON -> passes nst/JSONTestSuite -> n_number_with_leading_zero' finished with pending
[13Jan.2024 07:34:01.114] [ForkJoinPool-1-worker-1/INFO] [dan200.computercraft.core.ComputerTestDelegate/]: Finished 'The textutils library -> textutils.unserializeJSON -> passes nst/JSONTestSuite -> n_number_with_leading_zero'
[13Jan.2024 07:34:01.114] [ForkJoinPool-1-worker-1/INFO] [dan200.computercraft.core.ComputerTestDelegate/]: Starting 'The textutils library -> textutils.unserializeJSON -> passes nst/JSONTestSuite -> y_array_with_several_null'
[13Jan.2024 07:34:01.115] [ComputerCraft-Coroutine-0/INFO] [dan200.computercraft.core.ComputerTestDelegate/]: 'The textutils library -> textutils.unserializeJSON -> passes nst/JSONTestSuite -> y_array_with_several_null' finished with pass
[13Jan.2024 07:34:01.115] [ForkJoinPool-1-worker-1/INFO] [dan200.computercraft.core.ComputerTestDelegate/]: Finished 'The textutils library -> textutils.unserializeJSON -> passes nst/JSONTestSuite -> y_array_with_several_null'
[13Jan.2024 07:34:01.116] [ForkJoinPool-1-worker-1/INFO] [dan200.computercraft.core.ComputerTestDelegate/]: Starting 'The textutils library -> textutils.unserializeJSON -> passes nst/JSONTestSuite -> n_number_NaN'
[13Jan.2024 07:34:01.117] [ComputerCraft-Coroutine-0/INFO] [dan200.computercraft.core.ComputerTestDelegate/]: 'The textutils library -> textutils.unserializeJSON -> passes nst/JSONTestSuite -> n_number_NaN' finished with pass
[13Jan.2024 07:34:01.117] [ForkJoinPool-1-worker-1/INFO] [dan200.computercraft.core.ComputerTestDelegate/]: Finished 'The textutils library -> textutils.unserializeJSON -> passes nst/JSONTestSuite -> n_number_NaN'
[13Jan.2024 07:34:01.117] [ForkJoinPool-1-worker-1/INFO] [dan200.computercraft.core.ComputerTestDelegate/]: Starting 'The textutils library -> textutils.unserializeJSON -> passes nst/JSONTestSuite -> n_number_real_without_fractional_part'
[13Jan.2024 07:34:01.117] [ComputerCraft-Coroutine-0/INFO] [dan200.computercraft.core.ComputerTestDelegate/]: 'The textutils library -> textutils.unserializeJSON -> passes nst/JSONTestSuite -> n_number_real_without_fractional_part' finished with pending
[13Jan.2024 07:34:01.117] [ForkJoinPool-1-worker-1/INFO] [dan200.computercraft.core.ComputerTestDelegate/]: Finished 'The textutils library -> textutils.unserializeJSON -> passes nst/JSONTestSuite -> n_number_real_without_fractional_part'
[13Jan.2024 07:34:01.118] [ForkJoinPool-1-worker-1/INFO] [dan200.computercraft.core.ComputerTestDelegate/]: Starting 'The textutils library -> textutils.unserializeJSON -> passes nst/JSONTestSuite -> y_object_escaped_null_in_key'
[13Jan.2024 07:34:01.118] [ComputerCraft-Coroutine-0/INFO] [dan200.computercraft.core.ComputerTestDelegate/]: 'The textutils library -> textutils.unserializeJSON -> passes nst/JSONTestSuite -> y_object_escaped_null_in_key' finished with pass
[13Jan.2024 07:34:01.119] [ForkJoinPool-1-worker-1/INFO] [dan200.computercraft.core.ComputerTestDelegate/]: Finished 'The textutils library -> textutils.unserializeJSON -> passes nst/JSONTestSuite -> y_object_escaped_null_in_key'
[13Jan.2024 07:34:01.119] [ForkJoinPool-1-worker-1/INFO] [dan200.computercraft.core.ComputerTestDelegate/]: Starting 'The textutils library -> textutils.unserializeJSON -> passes nst/JSONTestSuite -> n_string_incomplete_surrogate'
[13Jan.2024 07:34:01.120] [ComputerCraft-Coroutine-0/INFO] [dan200.computercraft.core.ComputerTestDelegate/]: 'The textutils library -> textutils.unserializeJSON -> passes nst/JSONTestSuite -> n_string_incomplete_surrogate' finished with pass
[13Jan.2024 07:34:01.120] [ForkJoinPool-1-worker-1/INFO] [dan200.computercraft.core.ComputerTestDelegate/]: Finished 'The textutils library -> textutils.unserializeJSON -> passes nst/JSONTestSuite -> n_string_incomplete_surrogate'
[13Jan.2024 07:34:01.121] [ForkJoinPool-1-worker-1/INFO] [dan200.computercraft.core.ComputerTestDelegate/]: Starting 'The textutils library -> textutils.unserializeJSON -> passes nst/JSONTestSuite -> n_array_1_true_without_comma'
[13Jan.2024 07:34:01.121] [ComputerCraft-Coroutine-0/INFO] [dan200.computercraft.core.ComputerTestDelegate/]: 'The textutils library -> textutils.unserializeJSON -> passes nst/JSONTestSuite -> n_array_1_true_without_comma' finished with pass
[13Jan.2024 07:34:01.121] [ForkJoinPool-1-worker-1/INFO] [dan200.computercraft.core.ComputerTestDelegate/]: Finished 'The textutils library -> textutils.unserializeJSON -> passes nst/JSONTestSuite -> n_array_1_true_without_comma'
[13Jan.2024 07:34:01.122] [ForkJoinPool-1-worker-1/INFO] [dan200.computercraft.core.ComputerTestDelegate/]: Starting 'The textutils library -> textutils.unserializeJSON -> passes nst/JSONTestSuite -> n_structure_open_object_close_array'
[13Jan.2024 07:34:01.123] [ComputerCraft-Coroutine-0/INFO] [dan200.computercraft.core.ComputerTestDelegate/]: 'The textutils library -> textutils.unserializeJSON -> passes nst/JSONTestSuite -> n_structure_open_object_close_array' finished with pass
[13Jan.2024 07:34:01.123] [ForkJoinPool-1-worker-1/INFO] [dan200.computercraft.core.ComputerTestDelegate/]: Finished 'The textutils library -> textutils.unserializeJSON -> passes nst/JSONTestSuite -> n_structure_open_object_close_array'
[13Jan.2024 07:34:01.123] [ForkJoinPool-1-worker-1/INFO] [dan200.computercraft.core.ComputerTestDelegate/]: Starting 'The textutils library -> textutils.unserializeJSON -> passes nst/JSONTestSuite -> n_structure_no_data'
[13Jan.2024 07:34:01.124] [ComputerCraft-Coroutine-0/INFO] [dan200.computercraft.core.ComputerTestDelegate/]: 'The textutils library -> textutils.unserializeJSON -> passes nst/JSONTestSuite -> n_structure_no_data' finished with pass
[13Jan.2024 07:34:01.124] [ForkJoinPool-1-worker-1/INFO] [dan200.computercraft.core.ComputerTestDelegate/]: Finished 'The textutils library -> textutils.unserializeJSON -> passes nst/JSONTestSuite -> n_structure_no_data'
[13Jan.2024 07:34:01.124] [ForkJoinPool-1-worker-1/INFO] [dan200.computercraft.core.ComputerTestDelegate/]: Starting 'The textutils library -> textutils.unserializeJSON -> passes nst/JSONTestSuite -> n_structure_open_object_open_array'
[13Jan.2024 07:34:01.125] [ComputerCraft-Coroutine-0/INFO] [dan200.computercraft.core.ComputerTestDelegate/]: 'The textutils library -> textutils.unserializeJSON -> passes nst/JSONTestSuite -> n_structure_open_object_open_array' finished with pass
[13Jan.2024 07:34:01.125] [ForkJoinPool-1-worker-1/INFO] [dan200.computercraft.core.ComputerTestDelegate/]: Finished 'The textutils library -> textutils.unserializeJSON -> passes nst/JSONTestSuite -> n_structure_open_object_open_array'
[13Jan.2024 07:34:01.126] [ForkJoinPool-1-worker-1/INFO] [dan200.computercraft.core.ComputerTestDelegate/]: Starting 'The textutils library -> textutils.unserializeJSON -> passes nst/JSONTestSuite -> n_number_invalid-negative-real'
[13Jan.2024 07:34:01.127] [ComputerCraft-Coroutine-0/INFO] [dan200.computercraft.core.ComputerTestDelegate/]: 'The textutils library -> textutils.unserializeJSON -> passes nst/JSONTestSuite -> n_number_invalid-negative-real' finished with pass
[13Jan.2024 07:34:01.127] [ForkJoinPool-1-worker-1/INFO] [dan200.computercraft.core.ComputerTestDelegate/]: Finished 'The textutils library -> textutils.unserializeJSON -> passes nst/JSONTestSuite -> n_number_invalid-negative-real'
[13Jan.2024 07:34:01.127] [ForkJoinPool-1-worker-1/INFO] [dan200.computercraft.core.ComputerTestDelegate/]: Starting 'The textutils library -> textutils.unserializeJSON -> passes nst/JSONTestSuite -> n_incomplete_true'
[13Jan.2024 07:34:01.128] [ComputerCraft-Coroutine-0/INFO] [dan200.computercraft.core.ComputerTestDelegate/]: 'The textutils library -> textutils.unserializeJSON -> passes nst/JSONTestSuite -> n_incomplete_true' finished with pass
[13Jan.2024 07:34:01.128] [ForkJoinPool-1-worker-1/INFO] [dan200.computercraft.core.ComputerTestDelegate/]: Finished 'The textutils library -> textutils.unserializeJSON -> passes nst/JSONTestSuite -> n_incomplete_true'
[13Jan.2024 07:34:01.129] [ForkJoinPool-1-worker-1/INFO] [dan200.computercraft.core.ComputerTestDelegate/]: Starting 'The textutils library -> textutils.unserializeJSON -> passes nst/JSONTestSuite -> n_object_trailing_comment_open'
[13Jan.2024 07:34:01.130] [ComputerCraft-Coroutine-0/INFO] [dan200.computercraft.core.ComputerTestDelegate/]: 'The textutils library -> textutils.unserializeJSON -> passes nst/JSONTestSuite -> n_object_trailing_comment_open' finished with pass
[13Jan.2024 07:34:01.130] [ForkJoinPool-1-worker-1/INFO] [dan200.computercraft.core.ComputerTestDelegate/]: Finished 'The textutils library -> textutils.unserializeJSON -> passes nst/JSONTestSuite -> n_object_trailing_comment_open'
[13Jan.2024 07:34:01.130] [ForkJoinPool-1-worker-1/INFO] [dan200.computercraft.core.ComputerTestDelegate/]: Starting 'The textutils library -> textutils.unserializeJSON -> passes nst/JSONTestSuite -> n_object_repeated_null_null'
[13Jan.2024 07:34:01.131] [ComputerCraft-Coroutine-0/INFO] [dan200.computercraft.core.ComputerTestDelegate/]: 'The textutils library -> textutils.unserializeJSON -> passes nst/JSONTestSuite -> n_object_repeated_null_null' finished with pass
[13Jan.2024 07:34:01.132] [ForkJoinPool-1-worker-1/INFO] [dan200.computercraft.core.ComputerTestDelegate/]: Finished 'The textutils library -> textutils.unserializeJSON -> passes nst/JSONTestSuite -> n_object_repeated_null_null'
[13Jan.2024 07:34:01.132] [ForkJoinPool-1-worker-1/INFO] [dan200.computercraft.core.ComputerTestDelegate/]: Starting 'The textutils library -> textutils.unserializeJSON -> passes nst/JSONTestSuite -> n_object_unquoted_key'
[13Jan.2024 07:34:01.133] [ComputerCraft-Coroutine-0/INFO] [dan200.computercraft.core.ComputerTestDelegate/]: 'The textutils library -> textutils.unserializeJSON -> passes nst/JSONTestSuite -> n_object_unquoted_key' finished with pass
[13Jan.2024 07:34:01.133] [ForkJoinPool-1-worker-1/INFO] [dan200.computercraft.core.ComputerTestDelegate/]: Finished 'The textutils library -> textutils.unserializeJSON -> passes nst/JSONTestSuite -> n_object_unquoted_key'
[13Jan.2024 07:34:01.134] [ForkJoinPool-1-worker-1/INFO] [dan200.computercraft.core.ComputerTestDelegate/]: Starting 'The textutils library -> textutils.unserializeJSON -> passes nst/JSONTestSuite -> n_array_newlines_unclosed'
[13Jan.2024 07:34:01.135] [ComputerCraft-Coroutine-0/INFO] [dan200.computercraft.core.ComputerTestDelegate/]: 'The textutils library -> textutils.unserializeJSON -> passes nst/JSONTestSuite -> n_array_newlines_unclosed' finished with pass
[13Jan.2024 07:34:01.135] [ForkJoinPool-1-worker-1/INFO] [dan200.computercraft.core.ComputerTestDelegate/]: Finished 'The textutils library -> textutils.unserializeJSON -> passes nst/JSONTestSuite -> n_array_newlines_unclosed'
[13Jan.2024 07:34:01.136] [ForkJoinPool-1-worker-1/INFO] [dan200.computercraft.core.ComputerTestDelegate/]: Starting 'The textutils library -> textutils.unserializeJSON -> passes nst/JSONTestSuite -> y_array_empty'
[13Jan.2024 07:34:01.142] [ComputerCraft-Coroutine-0/INFO] [dan200.computercraft.core.ComputerTestDelegate/]: 'The textutils library -> textutils.unserializeJSON -> passes nst/JSONTestSuite -> y_array_empty' finished with pass
[13Jan.2024 07:34:01.143] [ForkJoinPool-1-worker-1/INFO] [dan200.computercraft.core.ComputerTestDelegate/]: Finished 'The textutils library -> textutils.unserializeJSON -> passes nst/JSONTestSuite -> y_array_empty'
[13Jan.2024 07:34:01.143] [ForkJoinPool-1-worker-1/INFO] [dan200.computercraft.core.ComputerTestDelegate/]: Starting 'The textutils library -> textutils.unserializeJSON -> passes nst/JSONTestSuite -> n_number_1.0e+'
[13Jan.2024 07:34:01.145] [ComputerCraft-Coroutine-0/INFO] [dan200.computercraft.core.ComputerTestDelegate/]: 'The textutils library -> textutils.unserializeJSON -> passes nst/JSONTestSuite -> n_number_1.0e+' finished with pass
[13Jan.2024 07:34:01.145] [ForkJoinPool-1-worker-1/INFO] [dan200.computercraft.core.ComputerTestDelegate/]: Finished 'The textutils library -> textutils.unserializeJSON -> passes nst/JSONTestSuite -> n_number_1.0e+'
[13Jan.2024 07:34:01.146] [ForkJoinPool-1-worker-1/INFO] [dan200.computercraft.core.ComputerTestDelegate/]: Starting 'The textutils library -> textutils.unserializeJSON -> passes nst/JSONTestSuite -> n_number_1.0e-'
[13Jan.2024 07:34:01.147] [ComputerCraft-Coroutine-0/INFO] [dan200.computercraft.core.ComputerTestDelegate/]: 'The textutils library -> textutils.unserializeJSON -> passes nst/JSONTestSuite -> n_number_1.0e-' finished with pass
[13Jan.2024 07:34:01.147] [ForkJoinPool-1-worker-1/INFO] [dan200.computercraft.core.ComputerTestDelegate/]: Finished 'The textutils library -> textutils.unserializeJSON -> passes nst/JSONTestSuite -> n_number_1.0e-'
[13Jan.2024 07:34:01.148] [ForkJoinPool-1-worker-1/INFO] [dan200.computercraft.core.ComputerTestDelegate/]: Starting 'The textutils library -> textutils.unserializeJSON -> passes nst/JSONTestSuite -> n_single_space'
[13Jan.2024 07:34:01.149] [ComputerCraft-Coroutine-0/INFO] [dan200.computercraft.core.ComputerTestDelegate/]: 'The textutils library -> textutils.unserializeJSON -> passes nst/JSONTestSuite -> n_single_space' finished with pass
[13Jan.2024 07:34:01.149] [ForkJoinPool-1-worker-1/INFO] [dan200.computercraft.core.ComputerTestDelegate/]: Finished 'The textutils library -> textutils.unserializeJSON -> passes nst/JSONTestSuite -> n_single_space'
[13Jan.2024 07:34:01.150] [ForkJoinPool-1-worker-1/INFO] [dan200.computercraft.core.ComputerTestDelegate/]: Starting 'The textutils library -> textutils.unserializeJSON -> passes nst/JSONTestSuite -> y_number_negative_zero'
[13Jan.2024 07:34:01.150] [ComputerCraft-Coroutine-0/INFO] [dan200.computercraft.core.ComputerTestDelegate/]: 'The textutils library -> textutils.unserializeJSON -> passes nst/JSONTestSuite -> y_number_negative_zero' finished with pass
[13Jan.2024 07:34:01.151] [ForkJoinPool-1-worker-1/INFO] [dan200.computercraft.core.ComputerTestDelegate/]: Finished 'The textutils library -> textutils.unserializeJSON -> passes nst/JSONTestSuite -> y_number_negative_zero'
[13Jan.2024 07:34:01.151] [ForkJoinPool-1-worker-1/INFO] [dan200.computercraft.core.ComputerTestDelegate/]: Starting 'The textutils library -> textutils.unserializeJSON -> passes nst/JSONTestSuite -> n_incomplete_null'
[13Jan.2024 07:34:01.152] [ComputerCraft-Coroutine-0/INFO] [dan200.computercraft.core.ComputerTestDelegate/]: 'The textutils library -> textutils.unserializeJSON -> passes nst/JSONTestSuite -> n_incomplete_null' finished with pass
[13Jan.2024 07:34:01.152] [ForkJoinPool-1-worker-1/INFO] [dan200.computercraft.core.ComputerTestDelegate/]: Finished 'The textutils library -> textutils.unserializeJSON -> passes nst/JSONTestSuite -> n_incomplete_null'
[13Jan.2024 07:34:01.152] [ForkJoinPool-1-worker-1/INFO] [dan200.computercraft.core.ComputerTestDelegate/]: Starting 'The textutils library -> textutils.unserializeJSON -> passes nst/JSONTestSuite -> n_array_number_and_comma'
[13Jan.2024 07:34:01.153] [ComputerCraft-Coroutine-0/INFO] [dan200.computercraft.core.ComputerTestDelegate/]: 'The textutils library -> textutils.unserializeJSON -> passes nst/JSONTestSuite -> n_array_number_and_comma' finished with pass
[13Jan.2024 07:34:01.154] [ForkJoinPool-1-worker-1/INFO] [dan200.computercraft.core.ComputerTestDelegate/]: Finished 'The textutils library -> textutils.unserializeJSON -> passes nst/JSONTestSuite -> n_array_number_and_comma'
[13Jan.2024 07:34:01.154] [ForkJoinPool-1-worker-1/INFO] [dan200.computercraft.core.ComputerTestDelegate/]: Starting 'The textutils library -> textutils.unserializeJSON -> passes nst/JSONTestSuite -> y_string_1_2_3_bytes_UTF-8_sequences'
[13Jan.2024 07:34:01.155] [ComputerCraft-Coroutine-0/INFO] [dan200.computercraft.core.ComputerTestDelegate/]: 'The textutils library -> textutils.unserializeJSON -> passes nst/JSONTestSuite -> y_string_1_2_3_bytes_UTF-8_sequences' finished with pass
[13Jan.2024 07:34:01.155] [ForkJoinPool-1-worker-1/INFO] [dan200.computercraft.core.ComputerTestDelegate/]: Finished 'The textutils library -> textutils.unserializeJSON -> passes nst/JSONTestSuite -> y_string_1_2_3_bytes_UTF-8_sequences'
[13Jan.2024 07:34:01.156] [ForkJoinPool-1-worker-1/INFO] [dan200.computercraft.core.ComputerTestDelegate/]: Starting 'The textutils library -> textutils.unserializeJSON -> passes nst/JSONTestSuite -> n_structure_array_trailing_garbage'
[13Jan.2024 07:34:01.158] [ComputerCraft-Coroutine-0/INFO] [dan200.computercraft.core.ComputerTestDelegate/]: 'The textutils library -> textutils.unserializeJSON -> passes nst/JSONTestSuite -> n_structure_array_trailing_garbage' finished with pass
[13Jan.2024 07:34:01.158] [ForkJoinPool-1-worker-1/INFO] [dan200.computercraft.core.ComputerTestDelegate/]: Finished 'The textutils library -> textutils.unserializeJSON -> passes nst/JSONTestSuite -> n_structure_array_trailing_garbage'
[13Jan.2024 07:34:01.159] [ForkJoinPool-1-worker-1/INFO] [dan200.computercraft.core.ComputerTestDelegate/]: Starting 'The textutils library -> textutils.unserializeJSON -> passes nst/JSONTestSuite -> y_number_real_pos_exponent'
[13Jan.2024 07:34:01.160] [ComputerCraft-Coroutine-0/INFO] [dan200.computercraft.core.ComputerTestDelegate/]: 'The textutils library -> textutils.unserializeJSON -> passes nst/JSONTestSuite -> y_number_real_pos_exponent' finished with pass
[13Jan.2024 07:34:01.160] [ForkJoinPool-1-worker-1/INFO] [dan200.computercraft.core.ComputerTestDelegate/]: Finished 'The textutils library -> textutils.unserializeJSON -> passes nst/JSONTestSuite -> y_number_real_pos_exponent'
[13Jan.2024 07:34:01.161] [ForkJoinPool-1-worker-1/INFO] [dan200.computercraft.core.ComputerTestDelegate/]: Starting 'The textutils library -> textutils.unserializeJSON -> passes nst/JSONTestSuite -> n_array_a_invalid_utf8'
[13Jan.2024 07:34:01.162] [ComputerCraft-Coroutine-0/INFO] [dan200.computercraft.core.ComputerTestDelegate/]: 'The textutils library -> textutils.unserializeJSON -> passes nst/JSONTestSuite -> n_array_a_invalid_utf8' finished with pass
[13Jan.2024 07:34:01.162] [ForkJoinPool-1-worker-1/INFO] [dan200.computercraft.core.ComputerTestDelegate/]: Finished 'The textutils library -> textutils.unserializeJSON -> passes nst/JSONTestSuite -> n_array_a_invalid_utf8'
[13Jan.2024 07:34:01.163] [ForkJoinPool-1-worker-1/INFO] [dan200.computercraft.core.ComputerTestDelegate/]: Starting 'The textutils library -> textutils.unserializeJSON -> passes nst/JSONTestSuite -> i_string_UTF-16LE_with_BOM'
[13Jan.2024 07:34:01.164] [ComputerCraft-Coroutine-0/INFO] [dan200.computercraft.core.ComputerTestDelegate/]: 'The textutils library -> textutils.unserializeJSON -> passes nst/JSONTestSuite -> i_string_UTF-16LE_with_BOM' finished with pass
[13Jan.2024 07:34:01.164] [ForkJoinPool-1-worker-1/INFO] [dan200.computercraft.core.ComputerTestDelegate/]: Finished 'The textutils library -> textutils.unserializeJSON -> passes nst/JSONTestSuite -> i_string_UTF-16LE_with_BOM'
[13Jan.2024 07:34:01.165] [ForkJoinPool-1-worker-1/INFO] [dan200.computercraft.core.ComputerTestDelegate/]: Starting 'The textutils library -> textutils.unserializeJSON -> passes nst/JSONTestSuite -> i_number_too_big_neg_int'
[13Jan.2024 07:34:01.166] [ComputerCraft-Coroutine-0/INFO] [dan200.computercraft.core.ComputerTestDelegate/]: 'The textutils library -> textutils.unserializeJSON -> passes nst/JSONTestSuite -> i_number_too_big_neg_int' finished with pass
[13Jan.2024 07:34:01.166] [ForkJoinPool-1-worker-1/INFO] [dan200.computercraft.core.ComputerTestDelegate/]: Finished 'The textutils library -> textutils.unserializeJSON -> passes nst/JSONTestSuite -> i_number_too_big_neg_int'
[13Jan.2024 07:34:01.167] [ForkJoinPool-1-worker-1/INFO] [dan200.computercraft.core.ComputerTestDelegate/]: Starting 'The textutils library -> textutils.unserializeJSON -> passes nst/JSONTestSuite -> n_number_U+FF11_fullwidth_digit_one'
[13Jan.2024 07:34:01.168] [ComputerCraft-Coroutine-0/INFO] [dan200.computercraft.core.ComputerTestDelegate/]: 'The textutils library -> textutils.unserializeJSON -> passes nst/JSONTestSuite -> n_number_U+FF11_fullwidth_digit_one' finished with pass
[13Jan.2024 07:34:01.169] [ForkJoinPool-1-worker-1/INFO] [dan200.computercraft.core.ComputerTestDelegate/]: Finished 'The textutils library -> textutils.unserializeJSON -> passes nst/JSONTestSuite -> n_number_U+FF11_fullwidth_digit_one'
[13Jan.2024 07:34:01.169] [ForkJoinPool-1-worker-1/INFO] [dan200.computercraft.core.ComputerTestDelegate/]: Starting 'The textutils library -> textutils.unserializeJSON -> passes nst/JSONTestSuite -> y_number_negative_int'
[13Jan.2024 07:34:01.170] [ComputerCraft-Coroutine-0/INFO] [dan200.computercraft.core.ComputerTestDelegate/]: 'The textutils library -> textutils.unserializeJSON -> passes nst/JSONTestSuite -> y_number_negative_int' finished with pass
[13Jan.2024 07:34:01.170] [ForkJoinPool-1-worker-1/INFO] [dan200.computercraft.core.ComputerTestDelegate/]: Finished 'The textutils library -> textutils.unserializeJSON -> passes nst/JSONTestSuite -> y_number_negative_int'
[13Jan.2024 07:34:01.171] [ForkJoinPool-1-worker-1/INFO] [dan200.computercraft.core.ComputerTestDelegate/]: Starting 'The textutils library -> textutils.unserializeJSON -> passes nst/JSONTestSuite -> n_string_unescaped_tab'
[13Jan.2024 07:34:01.171] [ComputerCraft-Coroutine-0/INFO] [dan200.computercraft.core.ComputerTestDelegate/]: 'The textutils library -> textutils.unserializeJSON -> passes nst/JSONTestSuite -> n_string_unescaped_tab' finished with pass
[13Jan.2024 07:34:01.171] [ForkJoinPool-1-worker-1/INFO] [dan200.computercraft.core.ComputerTestDelegate/]: Finished 'The textutils library -> textutils.unserializeJSON -> passes nst/JSONTestSuite -> n_string_unescaped_tab'
[13Jan.2024 07:34:01.172] [ForkJoinPool-1-worker-1/INFO] [dan200.computercraft.core.ComputerTestDelegate/]: Starting 'The textutils library -> textutils.unserializeJSON -> passes nst/JSONTestSuite -> n_string_leading_uescaped_thinspace'
[13Jan.2024 07:34:01.173] [ComputerCraft-Coroutine-0/INFO] [dan200.computercraft.core.ComputerTestDelegate/]: 'The textutils library -> textutils.unserializeJSON -> passes nst/JSONTestSuite -> n_string_leading_uescaped_thinspace' finished with pass
[13Jan.2024 07:34:01.173] [ForkJoinPool-1-worker-1/INFO] [dan200.computercraft.core.ComputerTestDelegate/]: Finished 'The textutils library -> textutils.unserializeJSON -> passes nst/JSONTestSuite -> n_string_leading_uescaped_thinspace'
[13Jan.2024 07:34:01.173] [ForkJoinPool-1-worker-1/INFO] [dan200.computercraft.core.ComputerTestDelegate/]: Starting 'The textutils library -> textutils.unserializeJSON -> passes nst/JSONTestSuite -> n_string_escaped_ctrl_char_tab'
[13Jan.2024 07:34:01.174] [ComputerCraft-Coroutine-0/INFO] [dan200.computercraft.core.ComputerTestDelegate/]: 'The textutils library -> textutils.unserializeJSON -> passes nst/JSONTestSuite -> n_string_escaped_ctrl_char_tab' finished with pass
[13Jan.2024 07:34:01.174] [ForkJoinPool-1-worker-1/INFO] [dan200.computercraft.core.ComputerTestDelegate/]: Finished 'The textutils library -> textutils.unserializeJSON -> passes nst/JSONTestSuite -> n_string_escaped_ctrl_char_tab'
[13Jan.2024 07:34:01.175] [ForkJoinPool-1-worker-1/INFO] [dan200.computercraft.core.ComputerTestDelegate/]: Starting 'The textutils library -> textutils.unserializeJSON -> passes nst/JSONTestSuite -> n_number_0_capital_E+'
[13Jan.2024 07:34:01.175] [ComputerCraft-Coroutine-0/INFO] [dan200.computercraft.core.ComputerTestDelegate/]: 'The textutils library -> textutils.unserializeJSON -> passes nst/JSONTestSuite -> n_number_0_capital_E+' finished with pass
[13Jan.2024 07:34:01.176] [ForkJoinPool-1-worker-1/INFO] [dan200.computercraft.core.ComputerTestDelegate/]: Finished 'The textutils library -> textutils.unserializeJSON -> passes nst/JSONTestSuite -> n_number_0_capital_E+'
[13Jan.2024 07:34:01.176] [ForkJoinPool-1-worker-1/INFO] [dan200.computercraft.core.ComputerTestDelegate/]: Starting 'The textutils library -> textutils.unserializeJSON -> passes nst/JSONTestSuite -> y_string_accepted_surrogate_pairs'
[13Jan.2024 07:34:01.177] [ComputerCraft-Coroutine-0/INFO] [dan200.computercraft.core.ComputerTestDelegate/]: 'The textutils library -> textutils.unserializeJSON -> passes nst/JSONTestSuite -> y_string_accepted_surrogate_pairs' finished with pass
[13Jan.2024 07:34:01.177] [ForkJoinPool-1-worker-1/INFO] [dan200.computercraft.core.ComputerTestDelegate/]: Finished 'The textutils library -> textutils.unserializeJSON -> passes nst/JSONTestSuite -> y_string_accepted_surrogate_pairs'
[13Jan.2024 07:34:01.177] [ForkJoinPool-1-worker-1/INFO] [dan200.computercraft.core.ComputerTestDelegate/]: Starting 'The textutils library -> textutils.unserializeJSON -> passes nst/JSONTestSuite -> n_structure_lone-invalid-utf-8'
[13Jan.2024 07:34:01.178] [ComputerCraft-Coroutine-0/INFO] [dan200.computercraft.core.ComputerTestDelegate/]: 'The textutils library -> textutils.unserializeJSON -> passes nst/JSONTestSuite -> n_structure_lone-invalid-utf-8' finished with pass
[13Jan.2024 07:34:01.178] [ForkJoinPool-1-worker-1/INFO] [dan200.computercraft.core.ComputerTestDelegate/]: Finished 'The textutils library -> textutils.unserializeJSON -> passes nst/JSONTestSuite -> n_structure_lone-invalid-utf-8'
[13Jan.2024 07:34:01.179] [ForkJoinPool-1-worker-1/INFO] [dan200.computercraft.core.ComputerTestDelegate/]: Starting 'The textutils library -> textutils.unserializeJSON -> passes nst/JSONTestSuite -> n_number_hex_1_digit'
[13Jan.2024 07:34:01.180] [ComputerCraft-Coroutine-0/INFO] [dan200.computercraft.core.ComputerTestDelegate/]: 'The textutils library -> textutils.unserializeJSON -> passes nst/JSONTestSuite -> n_number_hex_1_digit' finished with pass
[13Jan.2024 07:34:01.180] [ForkJoinPool-1-worker-1/INFO] [dan200.computercraft.core.ComputerTestDelegate/]: Finished 'The textutils library -> textutils.unserializeJSON -> passes nst/JSONTestSuite -> n_number_hex_1_digit'
[13Jan.2024 07:34:01.180] [ForkJoinPool-1-worker-1/INFO] [dan200.computercraft.core.ComputerTestDelegate/]: Starting 'The textutils library -> textutils.unserializeJSON -> passes nst/JSONTestSuite -> y_number_after_space'
[13Jan.2024 07:34:01.181] [ComputerCraft-Coroutine-0/INFO] [dan200.computercraft.core.ComputerTestDelegate/]: 'The textutils library -> textutils.unserializeJSON -> passes nst/JSONTestSuite -> y_number_after_space' finished with pass
[13Jan.2024 07:34:01.181] [ForkJoinPool-1-worker-1/INFO] [dan200.computercraft.core.ComputerTestDelegate/]: Finished 'The textutils library -> textutils.unserializeJSON -> passes nst/JSONTestSuite -> y_number_after_space'
[13Jan.2024 07:34:01.182] [ForkJoinPool-1-worker-1/INFO] [dan200.computercraft.core.ComputerTestDelegate/]: Starting 'The textutils library -> textutils.unserializeJSON -> passes nst/JSONTestSuite -> n_number_neg_int_starting_with_zero'
[13Jan.2024 07:34:01.182] [ComputerCraft-Coroutine-0/INFO] [dan200.computercraft.core.ComputerTestDelegate/]: 'The textutils library -> textutils.unserializeJSON -> passes nst/JSONTestSuite -> n_number_neg_int_starting_with_zero' finished with pending
[13Jan.2024 07:34:01.182] [ForkJoinPool-1-worker-1/INFO] [dan200.computercraft.core.ComputerTestDelegate/]: Finished 'The textutils library -> textutils.unserializeJSON -> passes nst/JSONTestSuite -> n_number_neg_int_starting_with_zero'
[13Jan.2024 07:34:01.182] [ForkJoinPool-1-worker-1/INFO] [dan200.computercraft.core.ComputerTestDelegate/]: Starting 'The textutils library -> textutils.unserializeJSON -> passes nst/JSONTestSuite -> n_structure_incomplete_UTF8_BOM'
[13Jan.2024 07:34:01.183] [ComputerCraft-Coroutine-0/INFO] [dan200.computercraft.core.ComputerTestDelegate/]: 'The textutils library -> textutils.unserializeJSON -> passes nst/JSONTestSuite -> n_structure_incomplete_UTF8_BOM' finished with pass
[13Jan.2024 07:34:01.183] [ForkJoinPool-1-worker-1/INFO] [dan200.computercraft.core.ComputerTestDelegate/]: Finished 'The textutils library -> textutils.unserializeJSON -> passes nst/JSONTestSuite -> n_structure_incomplete_UTF8_BOM'
[13Jan.2024 07:34:01.183] [ForkJoinPool-1-worker-1/INFO] [dan200.computercraft.core.ComputerTestDelegate/]: Starting 'The textutils library -> textutils.unserializeJSON -> passes nst/JSONTestSuite -> y_string_pi'
[13Jan.2024 07:34:01.184] [ComputerCraft-Coroutine-0/INFO] [dan200.computercraft.core.ComputerTestDelegate/]: 'The textutils library -> textutils.unserializeJSON -> passes nst/JSONTestSuite -> y_string_pi' finished with pass
[13Jan.2024 07:34:01.184] [ForkJoinPool-1-worker-1/INFO] [dan200.computercraft.core.ComputerTestDelegate/]: Finished 'The textutils library -> textutils.unserializeJSON -> passes nst/JSONTestSuite -> y_string_pi'
[13Jan.2024 07:34:01.185] [ForkJoinPool-1-worker-1/INFO] [dan200.computercraft.core.ComputerTestDelegate/]: Starting 'The textutils library -> textutils.unserializeJSON -> passes nst/JSONTestSuite -> y_object_basic'
[13Jan.2024 07:34:01.186] [ComputerCraft-Coroutine-0/INFO] [dan200.computercraft.core.ComputerTestDelegate/]: 'The textutils library -> textutils.unserializeJSON -> passes nst/JSONTestSuite -> y_object_basic' finished with pass
[13Jan.2024 07:34:01.186] [ForkJoinPool-1-worker-1/INFO] [dan200.computercraft.core.ComputerTestDelegate/]: Finished 'The textutils library -> textutils.unserializeJSON -> passes nst/JSONTestSuite -> y_object_basic'
[13Jan.2024 07:34:01.186] [ForkJoinPool-1-worker-1/INFO] [dan200.computercraft.core.ComputerTestDelegate/]: Starting 'The textutils library -> textutils.unserializeJSON -> passes nst/JSONTestSuite -> n_structure_UTF8_BOM_no_data'
[13Jan.2024 07:34:01.187] [ComputerCraft-Coroutine-0/INFO] [dan200.computercraft.core.ComputerTestDelegate/]: 'The textutils library -> textutils.unserializeJSON -> passes nst/JSONTestSuite -> n_structure_UTF8_BOM_no_data' finished with pass
[13Jan.2024 07:34:01.187] [ForkJoinPool-1-worker-1/INFO] [dan200.computercraft.core.ComputerTestDelegate/]: Finished 'The textutils library -> textutils.unserializeJSON -> passes nst/JSONTestSuite -> n_structure_UTF8_BOM_no_data'
[13Jan.2024 07:34:01.188] [ForkJoinPool-1-worker-1/INFO] [dan200.computercraft.core.ComputerTestDelegate/]: Starting 'The textutils library -> textutils.unserializeJSON -> passes nst/JSONTestSuite -> y_string_three-byte-utf-8'
[13Jan.2024 07:34:01.189] [ComputerCraft-Coroutine-0/INFO] [dan200.computercraft.core.ComputerTestDelegate/]: 'The textutils library -> textutils.unserializeJSON -> passes nst/JSONTestSuite -> y_string_three-byte-utf-8' finished with pass
[13Jan.2024 07:34:01.189] [ForkJoinPool-1-worker-1/INFO] [dan200.computercraft.core.ComputerTestDelegate/]: Finished 'The textutils library -> textutils.unserializeJSON -> passes nst/JSONTestSuite -> y_string_three-byte-utf-8'
[13Jan.2024 07:34:01.189] [ForkJoinPool-1-worker-1/INFO] [dan200.computercraft.core.ComputerTestDelegate/]: Starting 'The textutils library -> textutils.unserializeJSON -> passes nst/JSONTestSuite -> n_structure_object_with_trailing_garbage'
[13Jan.2024 07:34:01.190] [ComputerCraft-Coroutine-0/INFO] [dan200.computercraft.core.ComputerTestDelegate/]: 'The textutils library -> textutils.unserializeJSON -> passes nst/JSONTestSuite -> n_structure_object_with_trailing_garbage' finished with pass
[13Jan.2024 07:34:01.190] [ForkJoinPool-1-worker-1/INFO] [dan200.computercraft.core.ComputerTestDelegate/]: Finished 'The textutils library -> textutils.unserializeJSON -> passes nst/JSONTestSuite -> n_structure_object_with_trailing_garbage'
[13Jan.2024 07:34:01.191] [ForkJoinPool-1-worker-1/INFO] [dan200.computercraft.core.ComputerTestDelegate/]: Starting 'The textutils library -> textutils.unserializeJSON -> passes nst/JSONTestSuite -> n_object_trailing_comment'
[13Jan.2024 07:34:01.191] [ComputerCraft-Coroutine-0/INFO] [dan200.computercraft.core.ComputerTestDelegate/]: 'The textutils library -> textutils.unserializeJSON -> passes nst/JSONTestSuite -> n_object_trailing_comment' finished with pass
[13Jan.2024 07:34:01.192] [ForkJoinPool-1-worker-1/INFO] [dan200.computercraft.core.ComputerTestDelegate/]: Finished 'The textutils library -> textutils.unserializeJSON -> passes nst/JSONTestSuite -> n_object_trailing_comment'
[13Jan.2024 07:34:01.192] [ForkJoinPool-1-worker-1/INFO] [dan200.computercraft.core.ComputerTestDelegate/]: Starting 'The textutils library -> textutils.unserializeJSON -> passes nst/JSONTestSuite -> n_structure_open_open'
[13Jan.2024 07:34:01.193] [ComputerCraft-Coroutine-0/INFO] [dan200.computercraft.core.ComputerTestDelegate/]: 'The textutils library -> textutils.unserializeJSON -> passes nst/JSONTestSuite -> n_structure_open_open' finished with pass
[13Jan.2024 07:34:01.193] [ForkJoinPool-1-worker-1/INFO] [dan200.computercraft.core.ComputerTestDelegate/]: Finished 'The textutils library -> textutils.unserializeJSON -> passes nst/JSONTestSuite -> n_structure_open_open'
[13Jan.2024 07:34:01.193] [ForkJoinPool-1-worker-1/INFO] [dan200.computercraft.core.ComputerTestDelegate/]: Starting 'The textutils library -> textutils.unserializeJSON -> passes nst/JSONTestSuite -> y_array_empty-string'
[13Jan.2024 07:34:01.194] [ComputerCraft-Coroutine-0/INFO] [dan200.computercraft.core.ComputerTestDelegate/]: 'The textutils library -> textutils.unserializeJSON -> passes nst/JSONTestSuite -> y_array_empty-string' finished with pass
[13Jan.2024 07:34:01.194] [ForkJoinPool-1-worker-1/INFO] [dan200.computercraft.core.ComputerTestDelegate/]: Finished 'The textutils library -> textutils.unserializeJSON -> passes nst/JSONTestSuite -> y_array_empty-string'
[13Jan.2024 07:34:01.195] [ForkJoinPool-1-worker-1/INFO] [dan200.computercraft.core.ComputerTestDelegate/]: Starting 'The textutils library -> textutils.unserializeJSON -> passes nst/JSONTestSuite -> n_string_1_surrogate_then_escape_u1'
[13Jan.2024 07:34:01.195] [ComputerCraft-Coroutine-0/INFO] [dan200.computercraft.core.ComputerTestDelegate/]: 'The textutils library -> textutils.unserializeJSON -> passes nst/JSONTestSuite -> n_string_1_surrogate_then_escape_u1' finished with pass
[13Jan.2024 07:34:01.196] [ForkJoinPool-1-worker-1/INFO] [dan200.computercraft.core.ComputerTestDelegate/]: Finished 'The textutils library -> textutils.unserializeJSON -> passes nst/JSONTestSuite -> n_string_1_surrogate_then_escape_u1'
[13Jan.2024 07:34:01.196] [ForkJoinPool-1-worker-1/INFO] [dan200.computercraft.core.ComputerTestDelegate/]: Starting 'The textutils library -> textutils.unserializeJSON -> passes nst/JSONTestSuite -> y_array_null'
[13Jan.2024 07:34:01.197] [ComputerCraft-Coroutine-0/INFO] [dan200.computercraft.core.ComputerTestDelegate/]: 'The textutils library -> textutils.unserializeJSON -> passes nst/JSONTestSuite -> y_array_null' finished with pass
[13Jan.2024 07:34:01.197] [ForkJoinPool-1-worker-1/INFO] [dan200.computercraft.core.ComputerTestDelegate/]: Finished 'The textutils library -> textutils.unserializeJSON -> passes nst/JSONTestSuite -> y_array_null'
[13Jan.2024 07:34:01.197] [ForkJoinPool-1-worker-1/INFO] [dan200.computercraft.core.ComputerTestDelegate/]: Starting 'The textutils library -> textutils.unserializeJSON -> passes nst/JSONTestSuite -> n_structure_ascii-unicode-identifier'
[13Jan.2024 07:34:01.198] [ComputerCraft-Coroutine-0/INFO] [dan200.computercraft.core.ComputerTestDelegate/]: 'The textutils library -> textutils.unserializeJSON -> passes nst/JSONTestSuite -> n_structure_ascii-unicode-identifier' finished with pass
[13Jan.2024 07:34:01.198] [ForkJoinPool-1-worker-1/INFO] [dan200.computercraft.core.ComputerTestDelegate/]: Finished 'The textutils library -> textutils.unserializeJSON -> passes nst/JSONTestSuite -> n_structure_ascii-unicode-identifier'
[13Jan.2024 07:34:01.198] [ForkJoinPool-1-worker-1/INFO] [dan200.computercraft.core.ComputerTestDelegate/]: Starting 'The textutils library -> textutils.unserializeJSON -> passes nst/JSONTestSuite -> n_number_-01'
[13Jan.2024 07:34:01.199] [ComputerCraft-Coroutine-0/INFO] [dan200.computercraft.core.ComputerTestDelegate/]: 'The textutils library -> textutils.unserializeJSON -> passes nst/JSONTestSuite -> n_number_-01' finished with pending
[13Jan.2024 07:34:01.199] [ForkJoinPool-1-worker-1/INFO] [dan200.computercraft.core.ComputerTestDelegate/]: Finished 'The textutils library -> textutils.unserializeJSON -> passes nst/JSONTestSuite -> n_number_-01'
[13Jan.2024 07:34:01.199] [ForkJoinPool-1-worker-1/INFO] [dan200.computercraft.core.ComputerTestDelegate/]: Starting 'The textutils library -> textutils.unserializeJSON -> passes nst/JSONTestSuite -> i_number_real_underflow'
[13Jan.2024 07:34:01.200] [ComputerCraft-Coroutine-0/INFO] [dan200.computercraft.core.ComputerTestDelegate/]: 'The textutils library -> textutils.unserializeJSON -> passes nst/JSONTestSuite -> i_number_real_underflow' finished with pass
[13Jan.2024 07:34:01.200] [ForkJoinPool-1-worker-1/INFO] [dan200.computercraft.core.ComputerTestDelegate/]: Finished 'The textutils library -> textutils.unserializeJSON -> passes nst/JSONTestSuite -> i_number_real_underflow'
[13Jan.2024 07:34:01.201] [ForkJoinPool-1-worker-1/INFO] [dan200.computercraft.core.ComputerTestDelegate/]: Starting 'The textutils library -> textutils.unserializeJSON -> passes nst/JSONTestSuite -> y_structure_string_empty'
[13Jan.2024 07:34:01.201] [ComputerCraft-Coroutine-0/INFO] [dan200.computercraft.core.ComputerTestDelegate/]: 'The textutils library -> textutils.unserializeJSON -> passes nst/JSONTestSuite -> y_structure_string_empty' finished with pass
[13Jan.2024 07:34:01.202] [ForkJoinPool-1-worker-1/INFO] [dan200.computercraft.core.ComputerTestDelegate/]: Finished 'The textutils library -> textutils.unserializeJSON -> passes nst/JSONTestSuite -> y_structure_string_empty'
[13Jan.2024 07:34:01.202] [ForkJoinPool-1-worker-1/INFO] [dan200.computercraft.core.ComputerTestDelegate/]: Starting 'The textutils library -> textutils.unserializeJSON -> passes nst/JSONTestSuite -> n_object_garbage_at_end'
[13Jan.2024 07:34:01.203] [ComputerCraft-Coroutine-0/INFO] [dan200.computercraft.core.ComputerTestDelegate/]: 'The textutils library -> textutils.unserializeJSON -> passes nst/JSONTestSuite -> n_object_garbage_at_end' finished with pass
[13Jan.2024 07:34:01.203] [ForkJoinPool-1-worker-1/INFO] [dan200.computercraft.core.ComputerTestDelegate/]: Finished 'The textutils library -> textutils.unserializeJSON -> passes nst/JSONTestSuite -> n_object_garbage_at_end'
[13Jan.2024 07:34:01.203] [ForkJoinPool-1-worker-1/INFO] [dan200.computercraft.core.ComputerTestDelegate/]: Starting 'The textutils library -> textutils.unserializeJSON -> passes nst/JSONTestSuite -> n_array_spaces_vertical_tab_formfeed'
[13Jan.2024 07:34:01.204] [ComputerCraft-Coroutine-0/INFO] [dan200.computercraft.core.ComputerTestDelegate/]: 'The textutils library -> textutils.unserializeJSON -> passes nst/JSONTestSuite -> n_array_spaces_vertical_tab_formfeed' finished with pass
[13Jan.2024 07:34:01.205] [ForkJoinPool-1-worker-1/INFO] [dan200.computercraft.core.ComputerTestDelegate/]: Finished 'The textutils library -> textutils.unserializeJSON -> passes nst/JSONTestSuite -> n_array_spaces_vertical_tab_formfeed'
[13Jan.2024 07:34:01.205] [ForkJoinPool-1-worker-1/INFO] [dan200.computercraft.core.ComputerTestDelegate/]: Starting 'The textutils library -> textutils.unserializeJSON -> passes nst/JSONTestSuite -> n_object_trailing_comment_slash_open'
[13Jan.2024 07:34:01.206] [ComputerCraft-Coroutine-0/INFO] [dan200.computercraft.core.ComputerTestDelegate/]: 'The textutils library -> textutils.unserializeJSON -> passes nst/JSONTestSuite -> n_object_trailing_comment_slash_open' finished with pass
[13Jan.2024 07:34:01.206] [ForkJoinPool-1-worker-1/INFO] [dan200.computercraft.core.ComputerTestDelegate/]: Finished 'The textutils library -> textutils.unserializeJSON -> passes nst/JSONTestSuite -> n_object_trailing_comment_slash_open'
[13Jan.2024 07:34:01.206] [ForkJoinPool-1-worker-1/INFO] [dan200.computercraft.core.ComputerTestDelegate/]: Starting 'The textutils library -> textutils.unserializeJSON -> passes nst/JSONTestSuite -> n_object_bracket_key'
[13Jan.2024 07:34:01.207] [ComputerCraft-Coroutine-0/INFO] [dan200.computercraft.core.ComputerTestDelegate/]: 'The textutils library -> textutils.unserializeJSON -> passes nst/JSONTestSuite -> n_object_bracket_key' finished with pass
[13Jan.2024 07:34:01.207] [ForkJoinPool-1-worker-1/INFO] [dan200.computercraft.core.ComputerTestDelegate/]: Finished 'The textutils library -> textutils.unserializeJSON -> passes nst/JSONTestSuite -> n_object_bracket_key'
[13Jan.2024 07:34:01.208] [ForkJoinPool-1-worker-1/INFO] [dan200.computercraft.core.ComputerTestDelegate/]: Starting 'The textutils library -> textutils.unserializeJSON -> passes nst/JSONTestSuite -> y_string_simple_ascii'
[13Jan.2024 07:34:01.209] [ComputerCraft-Coroutine-0/INFO] [dan200.computercraft.core.ComputerTestDelegate/]: 'The textutils library -> textutils.unserializeJSON -> passes nst/JSONTestSuite -> y_string_simple_ascii' finished with pass
[13Jan.2024 07:34:01.209] [ForkJoinPool-1-worker-1/INFO] [dan200.computercraft.core.ComputerTestDelegate/]: Finished 'The textutils library -> textutils.unserializeJSON -> passes nst/JSONTestSuite -> y_string_simple_ascii'
[13Jan.2024 07:34:01.209] [ForkJoinPool-1-worker-1/INFO] [dan200.computercraft.core.ComputerTestDelegate/]: Starting 'The textutils library -> textutils.unserializeJSON -> passes nst/JSONTestSuite -> n_number_0e+'
[13Jan.2024 07:34:01.210] [ComputerCraft-Coroutine-0/INFO] [dan200.computercraft.core.ComputerTestDelegate/]: 'The textutils library -> textutils.unserializeJSON -> passes nst/JSONTestSuite -> n_number_0e+' finished with pass
[13Jan.2024 07:34:01.210] [ForkJoinPool-1-worker-1/INFO] [dan200.computercraft.core.ComputerTestDelegate/]: Finished 'The textutils library -> textutils.unserializeJSON -> passes nst/JSONTestSuite -> n_number_0e+'
[13Jan.2024 07:34:01.211] [ForkJoinPool-1-worker-1/INFO] [dan200.computercraft.core.ComputerTestDelegate/]: Starting 'The textutils library -> textutils.unserializeJSON -> passes nst/JSONTestSuite -> n_array_items_separated_by_semicolon'
[13Jan.2024 07:34:01.212] [ComputerCraft-Coroutine-0/INFO] [dan200.computercraft.core.ComputerTestDelegate/]: 'The textutils library -> textutils.unserializeJSON -> passes nst/JSONTestSuite -> n_array_items_separated_by_semicolon' finished with pass
[13Jan.2024 07:34:01.212] [ForkJoinPool-1-worker-1/INFO] [dan200.computercraft.core.ComputerTestDelegate/]: Finished 'The textutils library -> textutils.unserializeJSON -> passes nst/JSONTestSuite -> n_array_items_separated_by_semicolon'
[13Jan.2024 07:34:01.212] [ForkJoinPool-1-worker-1/INFO] [dan200.computercraft.core.ComputerTestDelegate/]: Starting 'The textutils library -> textutils.unserializeJSON -> passes nst/JSONTestSuite -> n_array_just_comma'
[13Jan.2024 07:34:01.213] [ComputerCraft-Coroutine-0/INFO] [dan200.computercraft.core.ComputerTestDelegate/]: 'The textutils library -> textutils.unserializeJSON -> passes nst/JSONTestSuite -> n_array_just_comma' finished with pass
[13Jan.2024 07:34:01.213] [ForkJoinPool-1-worker-1/INFO] [dan200.computercraft.core.ComputerTestDelegate/]: Finished 'The textutils library -> textutils.unserializeJSON -> passes nst/JSONTestSuite -> n_array_just_comma'
[13Jan.2024 07:34:01.213] [ForkJoinPool-1-worker-1/INFO] [dan200.computercraft.core.ComputerTestDelegate/]: Starting 'The textutils library -> textutils.unserializeJSON -> passes nst/JSONTestSuite -> n_object_non_string_key'
[13Jan.2024 07:34:01.214] [ComputerCraft-Coroutine-0/INFO] [dan200.computercraft.core.ComputerTestDelegate/]: 'The textutils library -> textutils.unserializeJSON -> passes nst/JSONTestSuite -> n_object_non_string_key' finished with pass
[13Jan.2024 07:34:01.214] [ForkJoinPool-1-worker-1/INFO] [dan200.computercraft.core.ComputerTestDelegate/]: Finished 'The textutils library -> textutils.unserializeJSON -> passes nst/JSONTestSuite -> n_object_non_string_key'
[13Jan.2024 07:34:01.214] [ForkJoinPool-1-worker-1/INFO] [dan200.computercraft.core.ComputerTestDelegate/]: Starting 'The textutils library -> textutils.unserializeJSON -> passes nst/JSONTestSuite -> y_string_utf8'
[13Jan.2024 07:34:01.215] [ComputerCraft-Coroutine-0/INFO] [dan200.computercraft.core.ComputerTestDelegate/]: 'The textutils library -> textutils.unserializeJSON -> passes nst/JSONTestSuite -> y_string_utf8' finished with pass
[13Jan.2024 07:34:01.215] [ForkJoinPool-1-worker-1/INFO] [dan200.computercraft.core.ComputerTestDelegate/]: Finished 'The textutils library -> textutils.unserializeJSON -> passes nst/JSONTestSuite -> y_string_utf8'
[13Jan.2024 07:34:01.216] [ForkJoinPool-1-worker-1/INFO] [dan200.computercraft.core.ComputerTestDelegate/]: Starting 'The textutils library -> textutils.unserializeJSON -> passes nst/JSONTestSuite -> n_structure_single_star'
[13Jan.2024 07:34:01.216] [ComputerCraft-Coroutine-0/INFO] [dan200.computercraft.core.ComputerTestDelegate/]: 'The textutils library -> textutils.unserializeJSON -> passes nst/JSONTestSuite -> n_structure_single_star' finished with pass
[13Jan.2024 07:34:01.217] [ForkJoinPool-1-worker-1/INFO] [dan200.computercraft.core.ComputerTestDelegate/]: Finished 'The textutils library -> textutils.unserializeJSON -> passes nst/JSONTestSuite -> n_structure_single_star'
[13Jan.2024 07:34:01.217] [ForkJoinPool-1-worker-1/INFO] [dan200.computercraft.core.ComputerTestDelegate/]: Starting 'The textutils library -> textutils.unserializeJSON -> passes nst/JSONTestSuite -> i_structure_UTF-8_BOM_empty_object'
[13Jan.2024 07:34:01.218] [ComputerCraft-Coroutine-0/INFO] [dan200.computercraft.core.ComputerTestDelegate/]: 'The textutils library -> textutils.unserializeJSON -> passes nst/JSONTestSuite -> i_structure_UTF-8_BOM_empty_object' finished with pass
[13Jan.2024 07:34:01.218] [ForkJoinPool-1-worker-1/INFO] [dan200.computercraft.core.ComputerTestDelegate/]: Finished 'The textutils library -> textutils.unserializeJSON -> passes nst/JSONTestSuite -> i_structure_UTF-8_BOM_empty_object'
[13Jan.2024 07:34:01.218] [ForkJoinPool-1-worker-1/INFO] [dan200.computercraft.core.ComputerTestDelegate/]: Starting 'The textutils library -> textutils.unserializeJSON -> passes nst/JSONTestSuite -> n_array_colon_instead_of_comma'
[13Jan.2024 07:34:01.219] [ComputerCraft-Coroutine-0/INFO] [dan200.computercraft.core.ComputerTestDelegate/]: 'The textutils library -> textutils.unserializeJSON -> passes nst/JSONTestSuite -> n_array_colon_instead_of_comma' finished with pass
[13Jan.2024 07:34:01.219] [ForkJoinPool-1-worker-1/INFO] [dan200.computercraft.core.ComputerTestDelegate/]: Finished 'The textutils library -> textutils.unserializeJSON -> passes nst/JSONTestSuite -> n_array_colon_instead_of_comma'
[13Jan.2024 07:34:01.220] [ForkJoinPool-1-worker-1/INFO] [dan200.computercraft.core.ComputerTestDelegate/]: Starting 'The textutils library -> textutils.unserializeJSON -> passes nst/JSONTestSuite -> n_object_comma_instead_of_colon'
[13Jan.2024 07:34:01.221] [ComputerCraft-Coroutine-0/INFO] [dan200.computercraft.core.ComputerTestDelegate/]: 'The textutils library -> textutils.unserializeJSON -> passes nst/JSONTestSuite -> n_object_comma_instead_of_colon' finished with pass
[13Jan.2024 07:34:01.221] [ForkJoinPool-1-worker-1/INFO] [dan200.computercraft.core.ComputerTestDelegate/]: Finished 'The textutils library -> textutils.unserializeJSON -> passes nst/JSONTestSuite -> n_object_comma_instead_of_colon'
[13Jan.2024 07:34:01.221] [ForkJoinPool-1-worker-1/INFO] [dan200.computercraft.core.ComputerTestDelegate/]: Starting 'The textutils library -> textutils.unserializeJSON -> passes nst/JSONTestSuite -> y_string_nonCharacterInUTF-8_U+FFFF'
[13Jan.2024 07:34:01.222] [ComputerCraft-Coroutine-0/INFO] [dan200.computercraft.core.ComputerTestDelegate/]: 'The textutils library -> textutils.unserializeJSON -> passes nst/JSONTestSuite -> y_string_nonCharacterInUTF-8_U+FFFF' finished with pass
[13Jan.2024 07:34:01.222] [ForkJoinPool-1-worker-1/INFO] [dan200.computercraft.core.ComputerTestDelegate/]: Finished 'The textutils library -> textutils.unserializeJSON -> passes nst/JSONTestSuite -> y_string_nonCharacterInUTF-8_U+FFFF'
[13Jan.2024 07:34:01.222] [ForkJoinPool-1-worker-1/INFO] [dan200.computercraft.core.ComputerTestDelegate/]: Starting 'The textutils library -> textutils.unserializeJSON -> passes nst/JSONTestSuite -> y_structure_lonely_string'
[13Jan.2024 07:34:01.223] [ComputerCraft-Coroutine-0/INFO] [dan200.computercraft.core.ComputerTestDelegate/]: 'The textutils library -> textutils.unserializeJSON -> passes nst/JSONTestSuite -> y_structure_lonely_string' finished with pass
[13Jan.2024 07:34:01.223] [ForkJoinPool-1-worker-1/INFO] [dan200.computercraft.core.ComputerTestDelegate/]: Finished 'The textutils library -> textutils.unserializeJSON -> passes nst/JSONTestSuite -> y_structure_lonely_string'
[13Jan.2024 07:34:01.223] [ForkJoinPool-1-worker-1/INFO] [dan200.computercraft.core.ComputerTestDelegate/]: Starting 'The textutils library -> textutils.unserializeJSON -> passes nst/JSONTestSuite -> n_string_single_string_no_double_quotes'
[13Jan.2024 07:34:01.224] [ComputerCraft-Coroutine-0/INFO] [dan200.computercraft.core.ComputerTestDelegate/]: 'The textutils library -> textutils.unserializeJSON -> passes nst/JSONTestSuite -> n_string_single_string_no_double_quotes' finished with pass
[13Jan.2024 07:34:01.224] [ForkJoinPool-1-worker-1/INFO] [dan200.computercraft.core.ComputerTestDelegate/]: Finished 'The textutils library -> textutils.unserializeJSON -> passes nst/JSONTestSuite -> n_string_single_string_no_double_quotes'
[13Jan.2024 07:34:01.225] [ForkJoinPool-1-worker-1/INFO] [dan200.computercraft.core.ComputerTestDelegate/]: Starting 'The textutils library -> textutils.unserializeJSON -> passes nst/JSONTestSuite -> n_structure_unclosed_array_partial_null'
[13Jan.2024 07:34:01.225] [ComputerCraft-Coroutine-0/INFO] [dan200.computercraft.core.ComputerTestDelegate/]: 'The textutils library -> textutils.unserializeJSON -> passes nst/JSONTestSuite -> n_structure_unclosed_array_partial_null' finished with pass
[13Jan.2024 07:34:01.225] [ForkJoinPool-1-worker-1/INFO] [dan200.computercraft.core.ComputerTestDelegate/]: Finished 'The textutils library -> textutils.unserializeJSON -> passes nst/JSONTestSuite -> n_structure_unclosed_array_partial_null'
[13Jan.2024 07:34:01.226] [ForkJoinPool-1-worker-1/INFO] [dan200.computercraft.core.ComputerTestDelegate/]: Starting 'The textutils library -> textutils.unserializeJSON -> passes nst/JSONTestSuite -> y_string_unicode_escaped_double_quote'
[13Jan.2024 07:34:01.227] [ComputerCraft-Coroutine-0/INFO] [dan200.computercraft.core.ComputerTestDelegate/]: 'The textutils library -> textutils.unserializeJSON -> passes nst/JSONTestSuite -> y_string_unicode_escaped_double_quote' finished with pass
[13Jan.2024 07:34:01.227] [ForkJoinPool-1-worker-1/INFO] [dan200.computercraft.core.ComputerTestDelegate/]: Finished 'The textutils library -> textutils.unserializeJSON -> passes nst/JSONTestSuite -> y_string_unicode_escaped_double_quote'
[13Jan.2024 07:34:01.227] [ForkJoinPool-1-worker-1/INFO] [dan200.computercraft.core.ComputerTestDelegate/]: Starting 'The textutils library -> textutils.unserializeJSON -> passes nst/JSONTestSuite -> n_number_0.e1'
[13Jan.2024 07:34:01.228] [ComputerCraft-Coroutine-0/INFO] [dan200.computercraft.core.ComputerTestDelegate/]: 'The textutils library -> textutils.unserializeJSON -> passes nst/JSONTestSuite -> n_number_0.e1' finished with pending
[13Jan.2024 07:34:01.228] [ForkJoinPool-1-worker-1/INFO] [dan200.computercraft.core.ComputerTestDelegate/]: Finished 'The textutils library -> textutils.unserializeJSON -> passes nst/JSONTestSuite -> n_number_0.e1'
[13Jan.2024 07:34:01.228] [ForkJoinPool-1-worker-1/INFO] [dan200.computercraft.core.ComputerTestDelegate/]: Starting 'The textutils library -> textutils.unserializeJSON -> passes nst/JSONTestSuite -> y_string_unicode_U+10FFFE_nonchar'
[13Jan.2024 07:34:01.229] [ComputerCraft-Coroutine-0/INFO] [dan200.computercraft.core.ComputerTestDelegate/]: 'The textutils library -> textutils.unserializeJSON -> passes nst/JSONTestSuite -> y_string_unicode_U+10FFFE_nonchar' finished with pass
[13Jan.2024 07:34:01.229] [ForkJoinPool-1-worker-1/INFO] [dan200.computercraft.core.ComputerTestDelegate/]: Finished 'The textutils library -> textutils.unserializeJSON -> passes nst/JSONTestSuite -> y_string_unicode_U+10FFFE_nonchar'
[13Jan.2024 07:34:01.229] [ForkJoinPool-1-worker-1/INFO] [dan200.computercraft.core.ComputerTestDelegate/]: Starting 'The textutils library -> textutils.unserializeJSON -> passes nst/JSONTestSuite -> n_object_two_commas_in_a_row'
[13Jan.2024 07:34:01.230] [ComputerCraft-Coroutine-0/INFO] [dan200.computercraft.core.ComputerTestDelegate/]: 'The textutils library -> textutils.unserializeJSON -> passes nst/JSONTestSuite -> n_object_two_commas_in_a_row' finished with pass
[13Jan.2024 07:34:01.230] [ForkJoinPool-1-worker-1/INFO] [dan200.computercraft.core.ComputerTestDelegate/]: Finished 'The textutils library -> textutils.unserializeJSON -> passes nst/JSONTestSuite -> n_object_two_commas_in_a_row'
[13Jan.2024 07:34:01.231] [ForkJoinPool-1-worker-1/INFO] [dan200.computercraft.core.ComputerTestDelegate/]: Starting 'The textutils library -> textutils.unserializeJSON -> passes nst/JSONTestSuite -> n_array_just_minus'
[13Jan.2024 07:34:01.232] [ComputerCraft-Coroutine-0/INFO] [dan200.computercraft.core.ComputerTestDelegate/]: 'The textutils library -> textutils.unserializeJSON -> passes nst/JSONTestSuite -> n_array_just_minus' finished with pass
[13Jan.2024 07:34:01.232] [ForkJoinPool-1-worker-1/INFO] [dan200.computercraft.core.ComputerTestDelegate/]: Finished 'The textutils library -> textutils.unserializeJSON -> passes nst/JSONTestSuite -> n_array_just_minus'
[13Jan.2024 07:34:01.232] [ForkJoinPool-1-worker-1/INFO] [dan200.computercraft.core.ComputerTestDelegate/]: Starting 'The textutils library -> textutils.unserializeJSON -> passes nst/JSONTestSuite -> y_array_with_leading_space'
[13Jan.2024 07:34:01.233] [ComputerCraft-Coroutine-0/INFO] [dan200.computercraft.core.ComputerTestDelegate/]: 'The textutils library -> textutils.unserializeJSON -> passes nst/JSONTestSuite -> y_array_with_leading_space' finished with pass
[13Jan.2024 07:34:01.234] [ForkJoinPool-1-worker-1/INFO] [dan200.computercraft.core.ComputerTestDelegate/]: Finished 'The textutils library -> textutils.unserializeJSON -> passes nst/JSONTestSuite -> y_array_with_leading_space'
[13Jan.2024 07:34:01.236] [ForkJoinPool-1-worker-1/INFO] [dan200.computercraft.core.ComputerTestDelegate/]: Starting 'The textutils library -> textutils.unserializeJSON -> passes nst/JSONTestSuite -> n_number_0.3e'
[13Jan.2024 07:34:01.237] [ComputerCraft-Coroutine-0/INFO] [dan200.computercraft.core.ComputerTestDelegate/]: 'The textutils library -> textutils.unserializeJSON -> passes nst/JSONTestSuite -> n_number_0.3e' finished with pass
[13Jan.2024 07:34:01.237] [ForkJoinPool-1-worker-1/INFO] [dan200.computercraft.core.ComputerTestDelegate/]: Finished 'The textutils library -> textutils.unserializeJSON -> passes nst/JSONTestSuite -> n_number_0.3e'
[13Jan.2024 07:34:01.238] [ForkJoinPool-1-worker-1/INFO] [dan200.computercraft.core.ComputerTestDelegate/]: Starting 'The textutils library -> textutils.unserializeJSON -> passes nst/JSONTestSuite -> n_number_1.0e'
[13Jan.2024 07:34:01.240] [ComputerCraft-Coroutine-0/INFO] [dan200.computercraft.core.ComputerTestDelegate/]: 'The textutils library -> textutils.unserializeJSON -> passes nst/JSONTestSuite -> n_number_1.0e' finished with pass
[13Jan.2024 07:34:01.241] [ForkJoinPool-1-worker-1/INFO] [dan200.computercraft.core.ComputerTestDelegate/]: Finished 'The textutils library -> textutils.unserializeJSON -> passes nst/JSONTestSuite -> n_number_1.0e'
[13Jan.2024 07:34:01.242] [ForkJoinPool-1-worker-1/INFO] [dan200.computercraft.core.ComputerTestDelegate/]: Starting 'The textutils library -> textutils.unserializeJSON -> passes nst/JSONTestSuite -> i_string_UTF-8_invalid_sequence'
[13Jan.2024 07:34:01.243] [ComputerCraft-Coroutine-0/INFO] [dan200.computercraft.core.ComputerTestDelegate/]: 'The textutils library -> textutils.unserializeJSON -> passes nst/JSONTestSuite -> i_string_UTF-8_invalid_sequence' finished with pass
[13Jan.2024 07:34:01.244] [ForkJoinPool-1-worker-1/INFO] [dan200.computercraft.core.ComputerTestDelegate/]: Finished 'The textutils library -> textutils.unserializeJSON -> passes nst/JSONTestSuite -> i_string_UTF-8_invalid_sequence'
[13Jan.2024 07:34:01.245] [ForkJoinPool-1-worker-1/INFO] [dan200.computercraft.core.ComputerTestDelegate/]: Starting 'The textutils library -> textutils.unserializeJSON -> passes nst/JSONTestSuite -> y_string_unicode'
[13Jan.2024 07:34:01.246] [ComputerCraft-Coroutine-0/INFO] [dan200.computercraft.core.ComputerTestDelegate/]: 'The textutils library -> textutils.unserializeJSON -> passes nst/JSONTestSuite -> y_string_unicode' finished with pass
[13Jan.2024 07:34:01.247] [ForkJoinPool-1-worker-1/INFO] [dan200.computercraft.core.ComputerTestDelegate/]: Finished 'The textutils library -> textutils.unserializeJSON -> passes nst/JSONTestSuite -> y_string_unicode'
[13Jan.2024 07:34:01.248] [ForkJoinPool-1-worker-1/INFO] [dan200.computercraft.core.ComputerTestDelegate/]: Starting 'The textutils library -> textutils.unserializeJSON -> passes nst/JSONTestSuite -> i_number_too_big_pos_int'
[13Jan.2024 07:34:01.249] [ComputerCraft-Coroutine-0/INFO] [dan200.computercraft.core.ComputerTestDelegate/]: 'The textutils library -> textutils.unserializeJSON -> passes nst/JSONTestSuite -> i_number_too_big_pos_int' finished with pass
[13Jan.2024 07:34:01.250] [ForkJoinPool-1-worker-1/INFO] [dan200.computercraft.core.ComputerTestDelegate/]: Finished 'The textutils library -> textutils.unserializeJSON -> passes nst/JSONTestSuite -> i_number_too_big_pos_int'
[13Jan.2024 07:34:01.252] [ForkJoinPool-1-worker-1/INFO] [dan200.computercraft.core.ComputerTestDelegate/]: Starting 'The textutils library -> textutils.unserializeJSON -> passes nst/JSONTestSuite -> n_string_no_quotes_with_bad_escape'
[13Jan.2024 07:34:01.255] [ComputerCraft-Coroutine-0/INFO] [dan200.computercraft.core.ComputerTestDelegate/]: 'The textutils library -> textutils.unserializeJSON -> passes nst/JSONTestSuite -> n_string_no_quotes_with_bad_escape' finished with pass
[13Jan.2024 07:34:01.256] [ForkJoinPool-1-worker-1/INFO] [dan200.computercraft.core.ComputerTestDelegate/]: Finished 'The textutils library -> textutils.unserializeJSON -> passes nst/JSONTestSuite -> n_string_no_quotes_with_bad_escape'
[13Jan.2024 07:34:01.256] [ForkJoinPool-1-worker-1/INFO] [dan200.computercraft.core.ComputerTestDelegate/]: Starting 'The textutils library -> textutils.unserializeJSON -> passes nst/JSONTestSuite -> i_string_not_in_unicode_range'
[13Jan.2024 07:34:01.257] [ComputerCraft-Coroutine-0/INFO] [dan200.computercraft.core.ComputerTestDelegate/]: 'The textutils library -> textutils.unserializeJSON -> passes nst/JSONTestSuite -> i_string_not_in_unicode_range' finished with pass
[13Jan.2024 07:34:01.258] [ForkJoinPool-1-worker-1/INFO] [dan200.computercraft.core.ComputerTestDelegate/]: Finished 'The textutils library -> textutils.unserializeJSON -> passes nst/JSONTestSuite -> i_string_not_in_unicode_range'
[13Jan.2024 07:34:01.259] [ForkJoinPool-1-worker-1/INFO] [dan200.computercraft.core.ComputerTestDelegate/]: Starting 'The textutils library -> textutils.unserializeJSON -> passes nst/JSONTestSuite -> y_string_space'
[13Jan.2024 07:34:01.261] [ComputerCraft-Coroutine-0/INFO] [dan200.computercraft.core.ComputerTestDelegate/]: 'The textutils library -> textutils.unserializeJSON -> passes nst/JSONTestSuite -> y_string_space' finished with pass
[13Jan.2024 07:34:01.261] [ForkJoinPool-1-worker-1/INFO] [dan200.computercraft.core.ComputerTestDelegate/]: Finished 'The textutils library -> textutils.unserializeJSON -> passes nst/JSONTestSuite -> y_string_space'
[13Jan.2024 07:34:01.263] [ForkJoinPool-1-worker-1/INFO] [dan200.computercraft.core.ComputerTestDelegate/]: Starting 'The textutils library -> textutils.unserializeJSON -> passes nst/JSONTestSuite -> n_string_incomplete_surrogate_escape_invalid'
[13Jan.2024 07:34:01.265] [ComputerCraft-Coroutine-0/INFO] [dan200.computercraft.core.ComputerTestDelegate/]: 'The textutils library -> textutils.unserializeJSON -> passes nst/JSONTestSuite -> n_string_incomplete_surrogate_escape_invalid' finished with pass
[13Jan.2024 07:34:01.266] [ForkJoinPool-1-worker-1/INFO] [dan200.computercraft.core.ComputerTestDelegate/]: Finished 'The textutils library -> textutils.unserializeJSON -> passes nst/JSONTestSuite -> n_string_incomplete_surrogate_escape_invalid'
[13Jan.2024 07:34:01.267] [ForkJoinPool-1-worker-1/INFO] [dan200.computercraft.core.ComputerTestDelegate/]: Starting 'The textutils library -> textutils.unserializeJSON -> passes nst/JSONTestSuite -> i_string_utf16BE_no_BOM'
[13Jan.2024 07:34:01.269] [ComputerCraft-Coroutine-0/INFO] [dan200.computercraft.core.ComputerTestDelegate/]: 'The textutils library -> textutils.unserializeJSON -> passes nst/JSONTestSuite -> i_string_utf16BE_no_BOM' finished with pass
[13Jan.2024 07:34:01.269] [ForkJoinPool-1-worker-1/INFO] [dan200.computercraft.core.ComputerTestDelegate/]: Finished 'The textutils library -> textutils.unserializeJSON -> passes nst/JSONTestSuite -> i_string_utf16BE_no_BOM'
[13Jan.2024 07:34:01.270] [ForkJoinPool-1-worker-1/INFO] [dan200.computercraft.core.ComputerTestDelegate/]: Starting 'The textutils library -> textutils.unserializeJSON -> passes nst/JSONTestSuite -> y_number'
[13Jan.2024 07:34:01.271] [ComputerCraft-Coroutine-0/INFO] [dan200.computercraft.core.ComputerTestDelegate/]: 'The textutils library -> textutils.unserializeJSON -> passes nst/JSONTestSuite -> y_number' finished with pass
[13Jan.2024 07:34:01.271] [ForkJoinPool-1-worker-1/INFO] [dan200.computercraft.core.ComputerTestDelegate/]: Finished 'The textutils library -> textutils.unserializeJSON -> passes nst/JSONTestSuite -> y_number'
[13Jan.2024 07:34:01.272] [ForkJoinPool-1-worker-1/INFO] [dan200.computercraft.core.ComputerTestDelegate/]: Starting 'The textutils library -> textutils.unserializeJSON -> passes nst/JSONTestSuite -> y_number_int_with_exp'
[13Jan.2024 07:34:01.273] [ComputerCraft-Coroutine-0/INFO] [dan200.computercraft.core.ComputerTestDelegate/]: 'The textutils library -> textutils.unserializeJSON -> passes nst/JSONTestSuite -> y_number_int_with_exp' finished with pass
[13Jan.2024 07:34:01.273] [ForkJoinPool-1-worker-1/INFO] [dan200.computercraft.core.ComputerTestDelegate/]: Finished 'The textutils library -> textutils.unserializeJSON -> passes nst/JSONTestSuite -> y_number_int_with_exp'
[13Jan.2024 07:34:01.274] [ForkJoinPool-1-worker-1/INFO] [dan200.computercraft.core.ComputerTestDelegate/]: Starting 'The textutils library -> textutils.unserializeJSON -> passes nst/JSONTestSuite -> n_structure_array_with_unclosed_string'
[13Jan.2024 07:34:01.275] [ComputerCraft-Coroutine-0/INFO] [dan200.computercraft.core.ComputerTestDelegate/]: 'The textutils library -> textutils.unserializeJSON -> passes nst/JSONTestSuite -> n_structure_array_with_unclosed_string' finished with pass
[13Jan.2024 07:34:01.275] [ForkJoinPool-1-worker-1/INFO] [dan200.computercraft.core.ComputerTestDelegate/]: Finished 'The textutils library -> textutils.unserializeJSON -> passes nst/JSONTestSuite -> n_structure_array_with_unclosed_string'
[13Jan.2024 07:34:01.275] [ForkJoinPool-1-worker-1/INFO] [dan200.computercraft.core.ComputerTestDelegate/]: Starting 'The textutils library -> textutils.unserializeJSON -> passes nst/JSONTestSuite -> n_string_backslash_00'
[13Jan.2024 07:34:01.276] [ComputerCraft-Coroutine-0/INFO] [dan200.computercraft.core.ComputerTestDelegate/]: 'The textutils library -> textutils.unserializeJSON -> passes nst/JSONTestSuite -> n_string_backslash_00' finished with pass
[13Jan.2024 07:34:01.276] [ForkJoinPool-1-worker-1/INFO] [dan200.computercraft.core.ComputerTestDelegate/]: Finished 'The textutils library -> textutils.unserializeJSON -> passes nst/JSONTestSuite -> n_string_backslash_00'
[13Jan.2024 07:34:01.277] [ForkJoinPool-1-worker-1/INFO] [dan200.computercraft.core.ComputerTestDelegate/]: Starting 'The textutils library -> textutils.unserializeJSON -> passes nst/JSONTestSuite -> n_structure_U+2060_word_joined'
[13Jan.2024 07:34:01.278] [ComputerCraft-Coroutine-0/INFO] [dan200.computercraft.core.ComputerTestDelegate/]: 'The textutils library -> textutils.unserializeJSON -> passes nst/JSONTestSuite -> n_structure_U+2060_word_joined' finished with pass
[13Jan.2024 07:34:01.278] [ForkJoinPool-1-worker-1/INFO] [dan200.computercraft.core.ComputerTestDelegate/]: Finished 'The textutils library -> textutils.unserializeJSON -> passes nst/JSONTestSuite -> n_structure_U+2060_word_joined'
[13Jan.2024 07:34:01.279] [ForkJoinPool-1-worker-1/INFO] [dan200.computercraft.core.ComputerTestDelegate/]: Starting 'The textutils library -> textutils.unserializeJSON -> passes nst/JSONTestSuite -> n_number_0_capital_E'
[13Jan.2024 07:34:01.280] [ComputerCraft-Coroutine-0/INFO] [dan200.computercraft.core.ComputerTestDelegate/]: 'The textutils library -> textutils.unserializeJSON -> passes nst/JSONTestSuite -> n_number_0_capital_E' finished with pass
[13Jan.2024 07:34:01.280] [ForkJoinPool-1-worker-1/INFO] [dan200.computercraft.core.ComputerTestDelegate/]: Finished 'The textutils library -> textutils.unserializeJSON -> passes nst/JSONTestSuite -> n_number_0_capital_E'
[13Jan.2024 07:34:01.281] [ForkJoinPool-1-worker-1/INFO] [dan200.computercraft.core.ComputerTestDelegate/]: Starting 'The textutils library -> textutils.unserializeJSON -> passes nst/JSONTestSuite -> n_number_2.e+3'
[13Jan.2024 07:34:01.281] [ComputerCraft-Coroutine-0/INFO] [dan200.computercraft.core.ComputerTestDelegate/]: 'The textutils library -> textutils.unserializeJSON -> passes nst/JSONTestSuite -> n_number_2.e+3' finished with pending
[13Jan.2024 07:34:01.282] [ForkJoinPool-1-worker-1/INFO] [dan200.computercraft.core.ComputerTestDelegate/]: Finished 'The textutils library -> textutils.unserializeJSON -> passes nst/JSONTestSuite -> n_number_2.e+3'
[13Jan.2024 07:34:01.282] [ForkJoinPool-1-worker-1/INFO] [dan200.computercraft.core.ComputerTestDelegate/]: Starting 'The textutils library -> textutils.unserializeJSON -> passes nst/JSONTestSuite -> y_string_uescaped_newline'
[13Jan.2024 07:34:01.284] [ComputerCraft-Coroutine-0/INFO] [dan200.computercraft.core.ComputerTestDelegate/]: 'The textutils library -> textutils.unserializeJSON -> passes nst/JSONTestSuite -> y_string_uescaped_newline' finished with pass
[13Jan.2024 07:34:01.284] [ForkJoinPool-1-worker-1/INFO] [dan200.computercraft.core.ComputerTestDelegate/]: Finished 'The textutils library -> textutils.unserializeJSON -> passes nst/JSONTestSuite -> y_string_uescaped_newline'
[13Jan.2024 07:34:01.284] [ForkJoinPool-1-worker-1/INFO] [dan200.computercraft.core.ComputerTestDelegate/]: Starting 'The textutils library -> textutils.unserializeJSON -> passes nst/JSONTestSuite -> y_string_two-byte-utf-8'
[13Jan.2024 07:34:01.285] [ComputerCraft-Coroutine-0/INFO] [dan200.computercraft.core.ComputerTestDelegate/]: 'The textutils library -> textutils.unserializeJSON -> passes nst/JSONTestSuite -> y_string_two-byte-utf-8' finished with pass
[13Jan.2024 07:34:01.285] [ForkJoinPool-1-worker-1/INFO] [dan200.computercraft.core.ComputerTestDelegate/]: Finished 'The textutils library -> textutils.unserializeJSON -> passes nst/JSONTestSuite -> y_string_two-byte-utf-8'
[13Jan.2024 07:34:01.286] [ForkJoinPool-1-worker-1/INFO] [dan200.computercraft.core.ComputerTestDelegate/]: Starting 'The textutils library -> textutils.unserializeJSON -> passes nst/JSONTestSuite -> n_object_missing_key'
[13Jan.2024 07:34:01.288] [ComputerCraft-Coroutine-0/INFO] [dan200.computercraft.core.ComputerTestDelegate/]: 'The textutils library -> textutils.unserializeJSON -> passes nst/JSONTestSuite -> n_object_missing_key' finished with pass
[13Jan.2024 07:34:01.288] [ForkJoinPool-1-worker-1/INFO] [dan200.computercraft.core.ComputerTestDelegate/]: Finished 'The textutils library -> textutils.unserializeJSON -> passes nst/JSONTestSuite -> n_object_missing_key'
[13Jan.2024 07:34:01.288] [ForkJoinPool-1-worker-1/INFO] [dan200.computercraft.core.ComputerTestDelegate/]: Starting 'The textutils library -> textutils.unserializeJSON -> passes nst/JSONTestSuite -> n_array_comma_after_close'
[13Jan.2024 07:34:01.289] [ComputerCraft-Coroutine-0/INFO] [dan200.computercraft.core.ComputerTestDelegate/]: 'The textutils library -> textutils.unserializeJSON -> passes nst/JSONTestSuite -> n_array_comma_after_close' finished with pass
[13Jan.2024 07:34:01.290] [ForkJoinPool-1-worker-1/INFO] [dan200.computercraft.core.ComputerTestDelegate/]: Finished 'The textutils library -> textutils.unserializeJSON -> passes nst/JSONTestSuite -> n_array_comma_after_close'
[13Jan.2024 07:34:01.290] [ForkJoinPool-1-worker-1/INFO] [dan200.computercraft.core.ComputerTestDelegate/]: Starting 'The textutils library -> textutils.unserializeJSON -> passes nst/JSONTestSuite -> n_structure_open_array_open_object'
[13Jan.2024 07:34:01.291] [ComputerCraft-Coroutine-0/INFO] [dan200.computercraft.core.ComputerTestDelegate/]: 'The textutils library -> textutils.unserializeJSON -> passes nst/JSONTestSuite -> n_structure_open_array_open_object' finished with pass
[13Jan.2024 07:34:01.291] [ForkJoinPool-1-worker-1/INFO] [dan200.computercraft.core.ComputerTestDelegate/]: Finished 'The textutils library -> textutils.unserializeJSON -> passes nst/JSONTestSuite -> n_structure_open_array_open_object'
[13Jan.2024 07:34:01.292] [ForkJoinPool-1-worker-1/INFO] [dan200.computercraft.core.ComputerTestDelegate/]: Starting 'The textutils library -> textutils.unserializeJSON -> passes nst/JSONTestSuite -> n_array_incomplete'
[13Jan.2024 07:34:01.293] [ComputerCraft-Coroutine-0/INFO] [dan200.computercraft.core.ComputerTestDelegate/]: 'The textutils library -> textutils.unserializeJSON -> passes nst/JSONTestSuite -> n_array_incomplete' finished with pass
[13Jan.2024 07:34:01.293] [ForkJoinPool-1-worker-1/INFO] [dan200.computercraft.core.ComputerTestDelegate/]: Finished 'The textutils library -> textutils.unserializeJSON -> passes nst/JSONTestSuite -> n_array_incomplete'
[13Jan.2024 07:34:01.293] [ForkJoinPool-1-worker-1/INFO] [dan200.computercraft.core.ComputerTestDelegate/]: Starting 'The textutils library -> textutils.unserializeJSON -> passes nst/JSONTestSuite -> n_number_-1.0.'
[13Jan.2024 07:34:01.294] [ComputerCraft-Coroutine-0/INFO] [dan200.computercraft.core.ComputerTestDelegate/]: 'The textutils library -> textutils.unserializeJSON -> passes nst/JSONTestSuite -> n_number_-1.0.' finished with pass
[13Jan.2024 07:34:01.294] [ForkJoinPool-1-worker-1/INFO] [dan200.computercraft.core.ComputerTestDelegate/]: Finished 'The textutils library -> textutils.unserializeJSON -> passes nst/JSONTestSuite -> n_number_-1.0.'
[13Jan.2024 07:34:01.295] [ForkJoinPool-1-worker-1/INFO] [dan200.computercraft.core.ComputerTestDelegate/]: Starting 'The textutils library -> textutils.unserializeJSON -> passes nst/JSONTestSuite -> y_string_unicode_U+200B_ZERO_WIDTH_SPACE'
[13Jan.2024 07:34:01.295] [ComputerCraft-Coroutine-0/INFO] [dan200.computercraft.core.ComputerTestDelegate/]: 'The textutils library -> textutils.unserializeJSON -> passes nst/JSONTestSuite -> y_string_unicode_U+200B_ZERO_WIDTH_SPACE' finished with pass
[13Jan.2024 07:34:01.295] [ForkJoinPool-1-worker-1/INFO] [dan200.computercraft.core.ComputerTestDelegate/]: Finished 'The textutils library -> textutils.unserializeJSON -> passes nst/JSONTestSuite -> y_string_unicode_U+200B_ZERO_WIDTH_SPACE'
[13Jan.2024 07:34:01.296] [ForkJoinPool-1-worker-1/INFO] [dan200.computercraft.core.ComputerTestDelegate/]: Starting 'The textutils library -> textutils.unserializeJSON -> passes nst/JSONTestSuite -> n_object_with_single_string'
[13Jan.2024 07:34:01.297] [ComputerCraft-Coroutine-0/INFO] [dan200.computercraft.core.ComputerTestDelegate/]: 'The textutils library -> textutils.unserializeJSON -> passes nst/JSONTestSuite -> n_object_with_single_string' finished with pass
[13Jan.2024 07:34:01.297] [ForkJoinPool-1-worker-1/INFO] [dan200.computercraft.core.ComputerTestDelegate/]: Finished 'The textutils library -> textutils.unserializeJSON -> passes nst/JSONTestSuite -> n_object_with_single_string'
[13Jan.2024 07:34:01.297] [ForkJoinPool-1-worker-1/INFO] [dan200.computercraft.core.ComputerTestDelegate/]: Starting 'The textutils library -> textutils.unserializeJSON -> passes nst/JSONTestSuite -> y_number_real_capital_e'
[13Jan.2024 07:34:01.298] [ComputerCraft-Coroutine-0/INFO] [dan200.computercraft.core.ComputerTestDelegate/]: 'The textutils library -> textutils.unserializeJSON -> passes nst/JSONTestSuite -> y_number_real_capital_e' finished with pass
[13Jan.2024 07:34:01.298] [ForkJoinPool-1-worker-1/INFO] [dan200.computercraft.core.ComputerTestDelegate/]: Finished 'The textutils library -> textutils.unserializeJSON -> passes nst/JSONTestSuite -> y_number_real_capital_e'
[13Jan.2024 07:34:01.299] [ForkJoinPool-1-worker-1/INFO] [dan200.computercraft.core.ComputerTestDelegate/]: Starting 'The textutils library -> textutils.unserializeJSON -> passes nst/JSONTestSuite -> y_string_unicode_U+FDD0_nonchar'
[13Jan.2024 07:34:01.299] [ComputerCraft-Coroutine-0/INFO] [dan200.computercraft.core.ComputerTestDelegate/]: 'The textutils library -> textutils.unserializeJSON -> passes nst/JSONTestSuite -> y_string_unicode_U+FDD0_nonchar' finished with pass
[13Jan.2024 07:34:01.300] [ForkJoinPool-1-worker-1/INFO] [dan200.computercraft.core.ComputerTestDelegate/]: Finished 'The textutils library -> textutils.unserializeJSON -> passes nst/JSONTestSuite -> y_string_unicode_U+FDD0_nonchar'
[13Jan.2024 07:34:01.300] [ForkJoinPool-1-worker-1/INFO] [dan200.computercraft.core.ComputerTestDelegate/]: Starting 'The textutils library -> textutils.unserializeJSON -> passes nst/JSONTestSuite -> n_object_trailing_comment_slash_open_incomplete'
[13Jan.2024 07:34:01.300] [ComputerCraft-Coroutine-0/INFO] [dan200.computercraft.core.ComputerTestDelegate/]: 'The textutils library -> textutils.unserializeJSON -> passes nst/JSONTestSuite -> n_object_trailing_comment_slash_open_incomplete' finished with pass
[13Jan.2024 07:34:01.301] [ForkJoinPool-1-worker-1/INFO] [dan200.computercraft.core.ComputerTestDelegate/]: Finished 'The textutils library -> textutils.unserializeJSON -> passes nst/JSONTestSuite -> n_object_trailing_comment_slash_open_incomplete'
[13Jan.2024 07:34:01.301] [ForkJoinPool-1-worker-1/INFO] [dan200.computercraft.core.ComputerTestDelegate/]: Starting 'The textutils library -> textutils.unserializeJSON -> passes nst/JSONTestSuite -> n_number_minus_space_1'
[13Jan.2024 07:34:01.302] [ComputerCraft-Coroutine-0/INFO] [dan200.computercraft.core.ComputerTestDelegate/]: 'The textutils library -> textutils.unserializeJSON -> passes nst/JSONTestSuite -> n_number_minus_space_1' finished with pass
[13Jan.2024 07:34:01.302] [ForkJoinPool-1-worker-1/INFO] [dan200.computercraft.core.ComputerTestDelegate/]: Finished 'The textutils library -> textutils.unserializeJSON -> passes nst/JSONTestSuite -> n_number_minus_space_1'
[13Jan.2024 07:34:01.302] [ForkJoinPool-1-worker-1/INFO] [dan200.computercraft.core.ComputerTestDelegate/]: Starting 'The textutils library -> textutils.unserializeJSON -> passes nst/JSONTestSuite -> i_string_invalid_utf-8'
[13Jan.2024 07:34:01.302] [ComputerCraft-Coroutine-0/INFO] [dan200.computercraft.core.ComputerTestDelegate/]: 'The textutils library -> textutils.unserializeJSON -> passes nst/JSONTestSuite -> i_string_invalid_utf-8' finished with pass
[13Jan.2024 07:34:01.303] [ForkJoinPool-1-worker-1/INFO] [dan200.computercraft.core.ComputerTestDelegate/]: Finished 'The textutils library -> textutils.unserializeJSON -> passes nst/JSONTestSuite -> i_string_invalid_utf-8'
[13Jan.2024 07:34:01.303] [ForkJoinPool-1-worker-1/INFO] [dan200.computercraft.core.ComputerTestDelegate/]: Starting 'The textutils library -> textutils.unserializeJSON -> passes nst/JSONTestSuite -> n_structure_null-byte-outside-string'
[13Jan.2024 07:34:01.303] [ComputerCraft-Coroutine-0/INFO] [dan200.computercraft.core.ComputerTestDelegate/]: 'The textutils library -> textutils.unserializeJSON -> passes nst/JSONTestSuite -> n_structure_null-byte-outside-string' finished with pass
[13Jan.2024 07:34:01.303] [ForkJoinPool-1-worker-1/INFO] [dan200.computercraft.core.ComputerTestDelegate/]: Finished 'The textutils library -> textutils.unserializeJSON -> passes nst/JSONTestSuite -> n_structure_null-byte-outside-string'
[13Jan.2024 07:34:01.304] [ForkJoinPool-1-worker-1/INFO] [dan200.computercraft.core.ComputerTestDelegate/]: Starting 'The textutils library -> textutils.unserializeJSON -> passes nst/JSONTestSuite -> n_number_.2e-3'
[13Jan.2024 07:34:01.304] [ComputerCraft-Coroutine-0/INFO] [dan200.computercraft.core.ComputerTestDelegate/]: 'The textutils library -> textutils.unserializeJSON -> passes nst/JSONTestSuite -> n_number_.2e-3' finished with pass
[13Jan.2024 07:34:01.305] [ForkJoinPool-1-worker-1/INFO] [dan200.computercraft.core.ComputerTestDelegate/]: Finished 'The textutils library -> textutils.unserializeJSON -> passes nst/JSONTestSuite -> n_number_.2e-3'
[13Jan.2024 07:34:01.305] [ForkJoinPool-1-worker-1/INFO] [dan200.computercraft.core.ComputerTestDelegate/]: Starting 'The textutils library -> textutils.unserializeJSON -> passes nst/JSONTestSuite -> n_number_.-1'
[13Jan.2024 07:34:01.306] [ComputerCraft-Coroutine-0/INFO] [dan200.computercraft.core.ComputerTestDelegate/]: 'The textutils library -> textutils.unserializeJSON -> passes nst/JSONTestSuite -> n_number_.-1' finished with pass
[13Jan.2024 07:34:01.306] [ForkJoinPool-1-worker-1/INFO] [dan200.computercraft.core.ComputerTestDelegate/]: Finished 'The textutils library -> textutils.unserializeJSON -> passes nst/JSONTestSuite -> n_number_.-1'
[13Jan.2024 07:34:01.306] [ForkJoinPool-1-worker-1/INFO] [dan200.computercraft.core.ComputerTestDelegate/]: Starting 'The textutils library -> textutils.unserializeJSON -> passes nst/JSONTestSuite -> y_structure_whitespace_array'
[13Jan.2024 07:34:01.307] [ComputerCraft-Coroutine-0/INFO] [dan200.computercraft.core.ComputerTestDelegate/]: 'The textutils library -> textutils.unserializeJSON -> passes nst/JSONTestSuite -> y_structure_whitespace_array' finished with pass
[13Jan.2024 07:34:01.307] [ForkJoinPool-1-worker-1/INFO] [dan200.computercraft.core.ComputerTestDelegate/]: Finished 'The textutils library -> textutils.unserializeJSON -> passes nst/JSONTestSuite -> y_structure_whitespace_array'
[13Jan.2024 07:34:01.307] [ForkJoinPool-1-worker-1/INFO] [dan200.computercraft.core.ComputerTestDelegate/]: Starting 'The textutils library -> textutils.unserializeJSON -> passes nst/JSONTestSuite -> n_array_unclosed_with_new_lines'
[13Jan.2024 07:34:01.309] [ComputerCraft-Coroutine-0/INFO] [dan200.computercraft.core.ComputerTestDelegate/]: 'The textutils library -> textutils.unserializeJSON -> passes nst/JSONTestSuite -> n_array_unclosed_with_new_lines' finished with pass
[13Jan.2024 07:34:01.309] [ForkJoinPool-1-worker-1/INFO] [dan200.computercraft.core.ComputerTestDelegate/]: Finished 'The textutils library -> textutils.unserializeJSON -> passes nst/JSONTestSuite -> n_array_unclosed_with_new_lines'
[13Jan.2024 07:34:01.309] [ForkJoinPool-1-worker-1/INFO] [dan200.computercraft.core.ComputerTestDelegate/]: Starting 'The textutils library -> textutils.unserializeJSON -> passes nst/JSONTestSuite -> y_string_u+2028_line_sep'
[13Jan.2024 07:34:01.310] [ComputerCraft-Coroutine-0/INFO] [dan200.computercraft.core.ComputerTestDelegate/]: 'The textutils library -> textutils.unserializeJSON -> passes nst/JSONTestSuite -> y_string_u+2028_line_sep' finished with pass
[13Jan.2024 07:34:01.310] [ForkJoinPool-1-worker-1/INFO] [dan200.computercraft.core.ComputerTestDelegate/]: Finished 'The textutils library -> textutils.unserializeJSON -> passes nst/JSONTestSuite -> y_string_u+2028_line_sep'
[13Jan.2024 07:34:01.311] [ForkJoinPool-1-worker-1/INFO] [dan200.computercraft.core.ComputerTestDelegate/]: Starting 'The textutils library -> textutils.unserializeJSON -> passes nst/JSONTestSuite -> n_object_no-colon'
[13Jan.2024 07:34:01.311] [ComputerCraft-Coroutine-0/INFO] [dan200.computercraft.core.ComputerTestDelegate/]: 'The textutils library -> textutils.unserializeJSON -> passes nst/JSONTestSuite -> n_object_no-colon' finished with pass
[13Jan.2024 07:34:01.312] [ForkJoinPool-1-worker-1/INFO] [dan200.computercraft.core.ComputerTestDelegate/]: Finished 'The textutils library -> textutils.unserializeJSON -> passes nst/JSONTestSuite -> n_object_no-colon'
[13Jan.2024 07:34:01.312] [ForkJoinPool-1-worker-1/INFO] [dan200.computercraft.core.ComputerTestDelegate/]: Starting 'The textutils library -> textutils.unserializeJSON -> passes nst/JSONTestSuite -> i_string_iso_latin_1'
[13Jan.2024 07:34:01.312] [ComputerCraft-Coroutine-0/INFO] [dan200.computercraft.core.ComputerTestDelegate/]: 'The textutils library -> textutils.unserializeJSON -> passes nst/JSONTestSuite -> i_string_iso_latin_1' finished with pass
[13Jan.2024 07:34:01.313] [ForkJoinPool-1-worker-1/INFO] [dan200.computercraft.core.ComputerTestDelegate/]: Finished 'The textutils library -> textutils.unserializeJSON -> passes nst/JSONTestSuite -> i_string_iso_latin_1'
[13Jan.2024 07:34:01.313] [ForkJoinPool-1-worker-1/INFO] [dan200.computercraft.core.ComputerTestDelegate/]: Starting 'The textutils library -> textutils.unserializeJSON -> passes nst/JSONTestSuite -> i_number_huge_exp'
[13Jan.2024 07:34:01.314] [ComputerCraft-Coroutine-0/INFO] [dan200.computercraft.core.ComputerTestDelegate/]: 'The textutils library -> textutils.unserializeJSON -> passes nst/JSONTestSuite -> i_number_huge_exp' finished with pass
[13Jan.2024 07:34:01.314] [ForkJoinPool-1-worker-1/INFO] [dan200.computercraft.core.ComputerTestDelegate/]: Finished 'The textutils library -> textutils.unserializeJSON -> passes nst/JSONTestSuite -> i_number_huge_exp'
[13Jan.2024 07:34:01.314] [ForkJoinPool-1-worker-1/INFO] [dan200.computercraft.core.ComputerTestDelegate/]: Starting 'The textutils library -> textutils.unserializeJSON -> passes nst/JSONTestSuite -> i_number_real_neg_overflow'
[13Jan.2024 07:34:01.315] [ComputerCraft-Coroutine-0/INFO] [dan200.computercraft.core.ComputerTestDelegate/]: 'The textutils library -> textutils.unserializeJSON -> passes nst/JSONTestSuite -> i_number_real_neg_overflow' finished with pass
[13Jan.2024 07:34:01.315] [ForkJoinPool-1-worker-1/INFO] [dan200.computercraft.core.ComputerTestDelegate/]: Finished 'The textutils library -> textutils.unserializeJSON -> passes nst/JSONTestSuite -> i_number_real_neg_overflow'
[13Jan.2024 07:34:01.315] [ForkJoinPool-1-worker-1/INFO] [dan200.computercraft.core.ComputerTestDelegate/]: Starting 'The textutils library -> textutils.unserializeJSON -> passes nst/JSONTestSuite -> y_array_arraysWithSpaces'
[13Jan.2024 07:34:01.316] [ComputerCraft-Coroutine-0/INFO] [dan200.computercraft.core.ComputerTestDelegate/]: 'The textutils library -> textutils.unserializeJSON -> passes nst/JSONTestSuite -> y_array_arraysWithSpaces' finished with pass
[13Jan.2024 07:34:01.316] [ForkJoinPool-1-worker-1/INFO] [dan200.computercraft.core.ComputerTestDelegate/]: Finished 'The textutils library -> textutils.unserializeJSON -> passes nst/JSONTestSuite -> y_array_arraysWithSpaces'
[13Jan.2024 07:34:01.316] [ForkJoinPool-1-worker-1/INFO] [dan200.computercraft.core.ComputerTestDelegate/]: Starting 'The textutils library -> textutils.unserializeJSON -> passes nst/JSONTestSuite -> n_structure_unicode-identifier'
[13Jan.2024 07:34:01.317] [ComputerCraft-Coroutine-0/INFO] [dan200.computercraft.core.ComputerTestDelegate/]: 'The textutils library -> textutils.unserializeJSON -> passes nst/JSONTestSuite -> n_structure_unicode-identifier' finished with pass
[13Jan.2024 07:34:01.317] [ForkJoinPool-1-worker-1/INFO] [dan200.computercraft.core.ComputerTestDelegate/]: Finished 'The textutils library -> textutils.unserializeJSON -> passes nst/JSONTestSuite -> n_structure_unicode-identifier'
[13Jan.2024 07:34:01.317] [ForkJoinPool-1-worker-1/INFO] [dan200.computercraft.core.ComputerTestDelegate/]: Starting 'The textutils library -> textutils.unserializeJSON -> passes nst/JSONTestSuite -> i_number_real_pos_overflow'
[13Jan.2024 07:34:01.318] [ComputerCraft-Coroutine-0/INFO] [dan200.computercraft.core.ComputerTestDelegate/]: 'The textutils library -> textutils.unserializeJSON -> passes nst/JSONTestSuite -> i_number_real_pos_overflow' finished with pass
[13Jan.2024 07:34:01.318] [ForkJoinPool-1-worker-1/INFO] [dan200.computercraft.core.ComputerTestDelegate/]: Finished 'The textutils library -> textutils.unserializeJSON -> passes nst/JSONTestSuite -> i_number_real_pos_overflow'
[13Jan.2024 07:34:01.319] [ForkJoinPool-1-worker-1/INFO] [dan200.computercraft.core.ComputerTestDelegate/]: Starting 'The textutils library -> textutils.unserializeJSON -> passes nst/JSONTestSuite -> n_number_minus_sign_with_trailing_garbage'
[13Jan.2024 07:34:01.319] [ComputerCraft-Coroutine-0/INFO] [dan200.computercraft.core.ComputerTestDelegate/]: 'The textutils library -> textutils.unserializeJSON -> passes nst/JSONTestSuite -> n_number_minus_sign_with_trailing_garbage' finished with pass
[13Jan.2024 07:34:01.320] [ForkJoinPool-1-worker-1/INFO] [dan200.computercraft.core.ComputerTestDelegate/]: Finished 'The textutils library -> textutils.unserializeJSON -> passes nst/JSONTestSuite -> n_number_minus_sign_with_trailing_garbage'
[13Jan.2024 07:34:01.320] [ForkJoinPool-1-worker-1/INFO] [dan200.computercraft.core.ComputerTestDelegate/]: Starting 'The textutils library -> textutils.unserializeJSON -> passes nst/JSONTestSuite -> y_string_allowed_escapes'
[13Jan.2024 07:34:01.321] [ComputerCraft-Coroutine-0/INFO] [dan200.computercraft.core.ComputerTestDelegate/]: 'The textutils library -> textutils.unserializeJSON -> passes nst/JSONTestSuite -> y_string_allowed_escapes' finished with pass
[13Jan.2024 07:34:01.321] [ForkJoinPool-1-worker-1/INFO] [dan200.computercraft.core.ComputerTestDelegate/]: Finished 'The textutils library -> textutils.unserializeJSON -> passes nst/JSONTestSuite -> y_string_allowed_escapes'
[13Jan.2024 07:34:01.321] [ForkJoinPool-1-worker-1/INFO] [dan200.computercraft.core.ComputerTestDelegate/]: Starting 'The textutils library -> textutils.unserializeJSON -> passes nst/JSONTestSuite -> n_structure_unclosed_array'
[13Jan.2024 07:34:01.322] [ComputerCraft-Coroutine-0/INFO] [dan200.computercraft.core.ComputerTestDelegate/]: 'The textutils library -> textutils.unserializeJSON -> passes nst/JSONTestSuite -> n_structure_unclosed_array' finished with pass
[13Jan.2024 07:34:01.322] [ForkJoinPool-1-worker-1/INFO] [dan200.computercraft.core.ComputerTestDelegate/]: Finished 'The textutils library -> textutils.unserializeJSON -> passes nst/JSONTestSuite -> n_structure_unclosed_array'
[13Jan.2024 07:34:01.322] [ForkJoinPool-1-worker-1/INFO] [dan200.computercraft.core.ComputerTestDelegate/]: Starting 'The textutils library -> textutils.unserializeJSON -> passes nst/JSONTestSuite -> n_structure_end_array'
[13Jan.2024 07:34:01.323] [ComputerCraft-Coroutine-0/INFO] [dan200.computercraft.core.ComputerTestDelegate/]: 'The textutils library -> textutils.unserializeJSON -> passes nst/JSONTestSuite -> n_structure_end_array' finished with pass
[13Jan.2024 07:34:01.323] [ForkJoinPool-1-worker-1/INFO] [dan200.computercraft.core.ComputerTestDelegate/]: Finished 'The textutils library -> textutils.unserializeJSON -> passes nst/JSONTestSuite -> n_structure_end_array'
[13Jan.2024 07:34:01.323] [ForkJoinPool-1-worker-1/INFO] [dan200.computercraft.core.ComputerTestDelegate/]: Starting 'The textutils library -> textutils.unserializeJSON -> passes nst/JSONTestSuite -> n_number_2.e-3'
[13Jan.2024 07:34:01.323] [ComputerCraft-Coroutine-0/INFO] [dan200.computercraft.core.ComputerTestDelegate/]: 'The textutils library -> textutils.unserializeJSON -> passes nst/JSONTestSuite -> n_number_2.e-3' finished with pending
[13Jan.2024 07:34:01.323] [ForkJoinPool-1-worker-1/INFO] [dan200.computercraft.core.ComputerTestDelegate/]: Finished 'The textutils library -> textutils.unserializeJSON -> passes nst/JSONTestSuite -> n_number_2.e-3'
[13Jan.2024 07:34:01.324] [ForkJoinPool-1-worker-1/INFO] [dan200.computercraft.core.ComputerTestDelegate/]: Starting 'The textutils library -> textutils.unserializeJSON -> passes nst/JSONTestSuite -> i_string_truncated-utf-8'
[13Jan.2024 07:34:01.325] [ComputerCraft-Coroutine-0/INFO] [dan200.computercraft.core.ComputerTestDelegate/]: 'The textutils library -> textutils.unserializeJSON -> passes nst/JSONTestSuite -> i_string_truncated-utf-8' finished with pass
[13Jan.2024 07:34:01.325] [ForkJoinPool-1-worker-1/INFO] [dan200.computercraft.core.ComputerTestDelegate/]: Finished 'The textutils library -> textutils.unserializeJSON -> passes nst/JSONTestSuite -> i_string_truncated-utf-8'
[13Jan.2024 07:34:01.325] [ForkJoinPool-1-worker-1/INFO] [dan200.computercraft.core.ComputerTestDelegate/]: Starting 'The textutils library -> textutils.unserializeJSON -> passes nst/JSONTestSuite -> i_structure_500_nested_arrays'
[13Jan.2024 07:34:01.331] [ComputerCraft-Coroutine-0/INFO] [dan200.computercraft.core.ComputerTestDelegate/]: 'The textutils library -> textutils.unserializeJSON -> passes nst/JSONTestSuite -> i_structure_500_nested_arrays' finished with pass
[13Jan.2024 07:34:01.331] [ForkJoinPool-1-worker-1/INFO] [dan200.computercraft.core.ComputerTestDelegate/]: Finished 'The textutils library -> textutils.unserializeJSON -> passes nst/JSONTestSuite -> i_structure_500_nested_arrays'
[13Jan.2024 07:34:01.331] [ForkJoinPool-1-worker-1/INFO] [dan200.computercraft.core.ComputerTestDelegate/]: Starting 'The textutils library -> textutils.unserializeJSON -> passes nst/JSONTestSuite -> y_string_with_del_character'
[13Jan.2024 07:34:01.332] [ComputerCraft-Coroutine-0/INFO] [dan200.computercraft.core.ComputerTestDelegate/]: 'The textutils library -> textutils.unserializeJSON -> passes nst/JSONTestSuite -> y_string_with_del_character' finished with pass
[13Jan.2024 07:34:01.332] [ForkJoinPool-1-worker-1/INFO] [dan200.computercraft.core.ComputerTestDelegate/]: Finished 'The textutils library -> textutils.unserializeJSON -> passes nst/JSONTestSuite -> y_string_with_del_character'
[13Jan.2024 07:34:01.336] [ForkJoinPool-1-worker-1/INFO] [dan200.computercraft.core.ComputerTestDelegate/]: Starting 'The textutils library -> textutils.unserializeJSON -> passes nst/JSONTestSuite -> n_object_with_trailing_garbage'
[13Jan.2024 07:34:01.337] [ComputerCraft-Coroutine-0/INFO] [dan200.computercraft.core.ComputerTestDelegate/]: 'The textutils library -> textutils.unserializeJSON -> passes nst/JSONTestSuite -> n_object_with_trailing_garbage' finished with pass
[13Jan.2024 07:34:01.337] [ForkJoinPool-1-worker-1/INFO] [dan200.computercraft.core.ComputerTestDelegate/]: Finished 'The textutils library -> textutils.unserializeJSON -> passes nst/JSONTestSuite -> n_object_with_trailing_garbage'
[13Jan.2024 07:34:01.337] [ForkJoinPool-1-worker-1/INFO] [dan200.computercraft.core.ComputerTestDelegate/]: Starting 'The textutils library -> textutils.unserializeJSON -> passes nst/JSONTestSuite -> y_string_unicode_U+2064_invisible_plus'
[13Jan.2024 07:34:01.338] [ComputerCraft-Coroutine-0/INFO] [dan200.computercraft.core.ComputerTestDelegate/]: 'The textutils library -> textutils.unserializeJSON -> passes nst/JSONTestSuite -> y_string_unicode_U+2064_invisible_plus' finished with pass
[13Jan.2024 07:34:01.338] [ForkJoinPool-1-worker-1/INFO] [dan200.computercraft.core.ComputerTestDelegate/]: Finished 'The textutils library -> textutils.unserializeJSON -> passes nst/JSONTestSuite -> y_string_unicode_U+2064_invisible_plus'
[13Jan.2024 07:34:01.339] [ForkJoinPool-1-worker-1/INFO] [dan200.computercraft.core.ComputerTestDelegate/]: Starting 'The textutils library -> textutils.unserializeJSON -> passes nst/JSONTestSuite -> n_number_1_000'
[13Jan.2024 07:34:01.339] [ComputerCraft-Coroutine-0/INFO] [dan200.computercraft.core.ComputerTestDelegate/]: 'The textutils library -> textutils.unserializeJSON -> passes nst/JSONTestSuite -> n_number_1_000' finished with pass
[13Jan.2024 07:34:01.340] [ForkJoinPool-1-worker-1/INFO] [dan200.computercraft.core.ComputerTestDelegate/]: Finished 'The textutils library -> textutils.unserializeJSON -> passes nst/JSONTestSuite -> n_number_1_000'
[13Jan.2024 07:34:01.340] [ForkJoinPool-1-worker-1/INFO] [dan200.computercraft.core.ComputerTestDelegate/]: Starting 'The textutils library -> textutils.unserializeJSON -> passes nst/JSONTestSuite -> y_array_false'
[13Jan.2024 07:34:01.341] [ComputerCraft-Coroutine-0/INFO] [dan200.computercraft.core.ComputerTestDelegate/]: 'The textutils library -> textutils.unserializeJSON -> passes nst/JSONTestSuite -> y_array_false' finished with pass
[13Jan.2024 07:34:01.341] [ForkJoinPool-1-worker-1/INFO] [dan200.computercraft.core.ComputerTestDelegate/]: Finished 'The textutils library -> textutils.unserializeJSON -> passes nst/JSONTestSuite -> y_array_false'
[13Jan.2024 07:34:01.341] [ForkJoinPool-1-worker-1/INFO] [dan200.computercraft.core.ComputerTestDelegate/]: Starting 'The textutils library -> textutils.unserializeJSON -> passes nst/JSONTestSuite -> y_number_real_capital_e_pos_exp'
[13Jan.2024 07:34:01.342] [ComputerCraft-Coroutine-0/INFO] [dan200.computercraft.core.ComputerTestDelegate/]: 'The textutils library -> textutils.unserializeJSON -> passes nst/JSONTestSuite -> y_number_real_capital_e_pos_exp' finished with pass
[13Jan.2024 07:34:01.342] [ForkJoinPool-1-worker-1/INFO] [dan200.computercraft.core.ComputerTestDelegate/]: Finished 'The textutils library -> textutils.unserializeJSON -> passes nst/JSONTestSuite -> y_number_real_capital_e_pos_exp'
[13Jan.2024 07:34:01.343] [ForkJoinPool-1-worker-1/INFO] [dan200.computercraft.core.ComputerTestDelegate/]: Starting 'The textutils library -> textutils.unserializeJSON -> passes nst/JSONTestSuite -> n_array_star_inside'
[13Jan.2024 07:34:01.343] [ComputerCraft-Coroutine-0/INFO] [dan200.computercraft.core.ComputerTestDelegate/]: 'The textutils library -> textutils.unserializeJSON -> passes nst/JSONTestSuite -> n_array_star_inside' finished with pass
[13Jan.2024 07:34:01.344] [ForkJoinPool-1-worker-1/INFO] [dan200.computercraft.core.ComputerTestDelegate/]: Finished 'The textutils library -> textutils.unserializeJSON -> passes nst/JSONTestSuite -> n_array_star_inside'
[13Jan.2024 07:34:01.344] [ForkJoinPool-1-worker-1/INFO] [dan200.computercraft.core.ComputerTestDelegate/]: Starting 'The textutils library -> textutils.unserializeJSON -> passes nst/JSONTestSuite -> n_number_real_with_invalid_utf8_after_e'
[13Jan.2024 07:34:01.345] [ComputerCraft-Coroutine-0/INFO] [dan200.computercraft.core.ComputerTestDelegate/]: 'The textutils library -> textutils.unserializeJSON -> passes nst/JSONTestSuite -> n_number_real_with_invalid_utf8_after_e' finished with pass
[13Jan.2024 07:34:01.345] [ForkJoinPool-1-worker-1/INFO] [dan200.computercraft.core.ComputerTestDelegate/]: Finished 'The textutils library -> textutils.unserializeJSON -> passes nst/JSONTestSuite -> n_number_real_with_invalid_utf8_after_e'
[13Jan.2024 07:34:01.346] [ForkJoinPool-1-worker-1/INFO] [dan200.computercraft.core.ComputerTestDelegate/]: Starting 'The textutils library -> textutils.unserializeJSON -> passes nst/JSONTestSuite -> n_object_non_string_key_but_huge_number_instead'
[13Jan.2024 07:34:01.347] [ComputerCraft-Coroutine-0/INFO] [dan200.computercraft.core.ComputerTestDelegate/]: 'The textutils library -> textutils.unserializeJSON -> passes nst/JSONTestSuite -> n_object_non_string_key_but_huge_number_instead' finished with pass
[13Jan.2024 07:34:01.347] [ForkJoinPool-1-worker-1/INFO] [dan200.computercraft.core.ComputerTestDelegate/]: Finished 'The textutils library -> textutils.unserializeJSON -> passes nst/JSONTestSuite -> n_object_non_string_key_but_huge_number_instead'
[13Jan.2024 07:34:01.347] [ForkJoinPool-1-worker-1/INFO] [dan200.computercraft.core.ComputerTestDelegate/]: Starting 'The textutils library -> textutils.unserializeJSON -> passes nst/JSONTestSuite -> n_structure_unclosed_array_unfinished_true'
[13Jan.2024 07:34:01.348] [ComputerCraft-Coroutine-0/INFO] [dan200.computercraft.core.ComputerTestDelegate/]: 'The textutils library -> textutils.unserializeJSON -> passes nst/JSONTestSuite -> n_structure_unclosed_array_unfinished_true' finished with pass
[13Jan.2024 07:34:01.348] [ForkJoinPool-1-worker-1/INFO] [dan200.computercraft.core.ComputerTestDelegate/]: Finished 'The textutils library -> textutils.unserializeJSON -> passes nst/JSONTestSuite -> n_structure_unclosed_array_unfinished_true'
[13Jan.2024 07:34:01.349] [ForkJoinPool-1-worker-1/INFO] [dan200.computercraft.core.ComputerTestDelegate/]: Starting 'The textutils library -> textutils.unserializeJSON -> passes nst/JSONTestSuite -> n_structure_close_unopened_array'
[13Jan.2024 07:34:01.350] [ComputerCraft-Coroutine-0/INFO] [dan200.computercraft.core.ComputerTestDelegate/]: 'The textutils library -> textutils.unserializeJSON -> passes nst/JSONTestSuite -> n_structure_close_unopened_array' finished with pass
[13Jan.2024 07:34:01.350] [ForkJoinPool-1-worker-1/INFO] [dan200.computercraft.core.ComputerTestDelegate/]: Finished 'The textutils library -> textutils.unserializeJSON -> passes nst/JSONTestSuite -> n_structure_close_unopened_array'
[13Jan.2024 07:34:01.350] [ForkJoinPool-1-worker-1/INFO] [dan200.computercraft.core.ComputerTestDelegate/]: Starting 'The textutils library -> textutils.unserializeJSON -> passes nst/JSONTestSuite -> n_structure_angle_bracket_.'
[13Jan.2024 07:34:01.351] [ComputerCraft-Coroutine-0/INFO] [dan200.computercraft.core.ComputerTestDelegate/]: 'The textutils library -> textutils.unserializeJSON -> passes nst/JSONTestSuite -> n_structure_angle_bracket_.' finished with pass
[13Jan.2024 07:34:01.352] [ForkJoinPool-1-worker-1/INFO] [dan200.computercraft.core.ComputerTestDelegate/]: Finished 'The textutils library -> textutils.unserializeJSON -> passes nst/JSONTestSuite -> n_structure_angle_bracket_.'
[13Jan.2024 07:34:01.352] [ForkJoinPool-1-worker-1/INFO] [dan200.computercraft.core.ComputerTestDelegate/]: Starting 'The textutils library -> textutils.unserializeJSON -> passes nst/JSONTestSuite -> y_string_accepted_surrogate_pair'
[13Jan.2024 07:34:01.353] [ComputerCraft-Coroutine-0/INFO] [dan200.computercraft.core.ComputerTestDelegate/]: 'The textutils library -> textutils.unserializeJSON -> passes nst/JSONTestSuite -> y_string_accepted_surrogate_pair' finished with pass
[13Jan.2024 07:34:01.353] [ForkJoinPool-1-worker-1/INFO] [dan200.computercraft.core.ComputerTestDelegate/]: Finished 'The textutils library -> textutils.unserializeJSON -> passes nst/JSONTestSuite -> y_string_accepted_surrogate_pair'
[13Jan.2024 07:34:01.354] [ForkJoinPool-1-worker-1/INFO] [dan200.computercraft.core.ComputerTestDelegate/]: Starting 'The textutils library -> textutils.unserializeJSON -> passes nst/JSONTestSuite -> i_string_lone_second_surrogate'
[13Jan.2024 07:34:01.354] [ComputerCraft-Coroutine-0/INFO] [dan200.computercraft.core.ComputerTestDelegate/]: 'The textutils library -> textutils.unserializeJSON -> passes nst/JSONTestSuite -> i_string_lone_second_surrogate' finished with pass
[13Jan.2024 07:34:01.355] [ForkJoinPool-1-worker-1/INFO] [dan200.computercraft.core.ComputerTestDelegate/]: Finished 'The textutils library -> textutils.unserializeJSON -> passes nst/JSONTestSuite -> i_string_lone_second_surrogate'
[13Jan.2024 07:34:01.355] [ForkJoinPool-1-worker-1/INFO] [dan200.computercraft.core.ComputerTestDelegate/]: Starting 'The textutils library -> textutils.unserializeJSON -> passes nst/JSONTestSuite -> n_structure_open_array_apostrophe'
[13Jan.2024 07:34:01.356] [ComputerCraft-Coroutine-0/INFO] [dan200.computercraft.core.ComputerTestDelegate/]: 'The textutils library -> textutils.unserializeJSON -> passes nst/JSONTestSuite -> n_structure_open_array_apostrophe' finished with pass
[13Jan.2024 07:34:01.356] [ForkJoinPool-1-worker-1/INFO] [dan200.computercraft.core.ComputerTestDelegate/]: Finished 'The textutils library -> textutils.unserializeJSON -> passes nst/JSONTestSuite -> n_structure_open_array_apostrophe'
[13Jan.2024 07:34:01.356] [ForkJoinPool-1-worker-1/INFO] [dan200.computercraft.core.ComputerTestDelegate/]: Starting 'The textutils library -> textutils.unserializeJSON -> passes nst/JSONTestSuite -> n_structure_open_array_comma'
[13Jan.2024 07:34:01.357] [ComputerCraft-Coroutine-1/INFO] [dan200.computercraft.core.ComputerTestDelegate/]: 'The textutils library -> textutils.unserializeJSON -> passes nst/JSONTestSuite -> n_structure_open_array_comma' finished with pass
[13Jan.2024 07:34:01.358] [ForkJoinPool-1-worker-1/INFO] [dan200.computercraft.core.ComputerTestDelegate/]: Finished 'The textutils library -> textutils.unserializeJSON -> passes nst/JSONTestSuite -> n_structure_open_array_comma'
[13Jan.2024 07:34:01.358] [ForkJoinPool-1-worker-1/INFO] [dan200.computercraft.core.ComputerTestDelegate/]: Starting 'The textutils library -> textutils.unserializeJSON -> passes nst/JSONTestSuite -> y_string_backslash_and_u_escaped_zero'
[13Jan.2024 07:34:01.359] [ComputerCraft-Coroutine-1/INFO] [dan200.computercraft.core.ComputerTestDelegate/]: 'The textutils library -> textutils.unserializeJSON -> passes nst/JSONTestSuite -> y_string_backslash_and_u_escaped_zero' finished with pass
[13Jan.2024 07:34:01.359] [ForkJoinPool-1-worker-1/INFO] [dan200.computercraft.core.ComputerTestDelegate/]: Finished 'The textutils library -> textutils.unserializeJSON -> passes nst/JSONTestSuite -> y_string_backslash_and_u_escaped_zero'
[13Jan.2024 07:34:01.359] [ForkJoinPool-1-worker-1/INFO] [dan200.computercraft.core.ComputerTestDelegate/]: Starting 'The textutils library -> textutils.unserializeJSON -> passes nst/JSONTestSuite -> i_string_overlong_sequence_2_bytes'
[13Jan.2024 07:34:01.360] [ComputerCraft-Coroutine-1/INFO] [dan200.computercraft.core.ComputerTestDelegate/]: 'The textutils library -> textutils.unserializeJSON -> passes nst/JSONTestSuite -> i_string_overlong_sequence_2_bytes' finished with pass
[13Jan.2024 07:34:01.360] [ForkJoinPool-1-worker-1/INFO] [dan200.computercraft.core.ComputerTestDelegate/]: Finished 'The textutils library -> textutils.unserializeJSON -> passes nst/JSONTestSuite -> i_string_overlong_sequence_2_bytes'
[13Jan.2024 07:34:01.361] [ForkJoinPool-1-worker-1/INFO] [dan200.computercraft.core.ComputerTestDelegate/]: Starting 'The textutils library -> textutils.unserializeJSON -> passes nst/JSONTestSuite -> n_number_-NaN'
[13Jan.2024 07:34:01.361] [ComputerCraft-Coroutine-1/INFO] [dan200.computercraft.core.ComputerTestDelegate/]: 'The textutils library -> textutils.unserializeJSON -> passes nst/JSONTestSuite -> n_number_-NaN' finished with pass
[13Jan.2024 07:34:01.361] [ForkJoinPool-1-worker-1/INFO] [dan200.computercraft.core.ComputerTestDelegate/]: Finished 'The textutils library -> textutils.unserializeJSON -> passes nst/JSONTestSuite -> n_number_-NaN'
[13Jan.2024 07:34:01.362] [ForkJoinPool-1-worker-1/INFO] [dan200.computercraft.core.ComputerTestDelegate/]: Starting 'The textutils library -> textutils.unserializeJSON -> passes nst/JSONTestSuite -> i_string_incomplete_surrogates_escape_valid'
[13Jan.2024 07:34:01.363] [ComputerCraft-Coroutine-1/INFO] [dan200.computercraft.core.ComputerTestDelegate/]: 'The textutils library -> textutils.unserializeJSON -> passes nst/JSONTestSuite -> i_string_incomplete_surrogates_escape_valid' finished with pass
[13Jan.2024 07:34:01.363] [ForkJoinPool-1-worker-1/INFO] [dan200.computercraft.core.ComputerTestDelegate/]: Finished 'The textutils library -> textutils.unserializeJSON -> passes nst/JSONTestSuite -> i_string_incomplete_surrogates_escape_valid'
[13Jan.2024 07:34:01.363] [ForkJoinPool-1-worker-1/INFO] [dan200.computercraft.core.ComputerTestDelegate/]: Starting 'The textutils library -> textutils.unserializeJSON -> passes nst/JSONTestSuite -> i_number_double_huge_neg_exp'
[13Jan.2024 07:34:01.364] [ComputerCraft-Coroutine-1/INFO] [dan200.computercraft.core.ComputerTestDelegate/]: 'The textutils library -> textutils.unserializeJSON -> passes nst/JSONTestSuite -> i_number_double_huge_neg_exp' finished with pass
[13Jan.2024 07:34:01.364] [ForkJoinPool-1-worker-1/INFO] [dan200.computercraft.core.ComputerTestDelegate/]: Finished 'The textutils library -> textutils.unserializeJSON -> passes nst/JSONTestSuite -> i_number_double_huge_neg_exp'
[13Jan.2024 07:34:01.364] [ForkJoinPool-1-worker-1/INFO] [dan200.computercraft.core.ComputerTestDelegate/]: Starting 'The textutils library -> textutils.unserializeJSON -> passes nst/JSONTestSuite -> n_structure_lone-open-bracket'
[13Jan.2024 07:34:01.365] [ComputerCraft-Coroutine-1/INFO] [dan200.computercraft.core.ComputerTestDelegate/]: 'The textutils library -> textutils.unserializeJSON -> passes nst/JSONTestSuite -> n_structure_lone-open-bracket' finished with pass
[13Jan.2024 07:34:01.365] [ForkJoinPool-1-worker-1/INFO] [dan200.computercraft.core.ComputerTestDelegate/]: Finished 'The textutils library -> textutils.unserializeJSON -> passes nst/JSONTestSuite -> n_structure_lone-open-bracket'
[13Jan.2024 07:34:01.366] [ForkJoinPool-1-worker-1/INFO] [dan200.computercraft.core.ComputerTestDelegate/]: Starting 'The textutils library -> textutils.unserializeJSON -> passes nst/JSONTestSuite -> n_incomplete_false'
[13Jan.2024 07:34:01.367] [ComputerCraft-Coroutine-1/INFO] [dan200.computercraft.core.ComputerTestDelegate/]: 'The textutils library -> textutils.unserializeJSON -> passes nst/JSONTestSuite -> n_incomplete_false' finished with pass
[13Jan.2024 07:34:01.367] [ForkJoinPool-1-worker-1/INFO] [dan200.computercraft.core.ComputerTestDelegate/]: Finished 'The textutils library -> textutils.unserializeJSON -> passes nst/JSONTestSuite -> n_incomplete_false'
[13Jan.2024 07:34:01.367] [ForkJoinPool-1-worker-1/INFO] [dan200.computercraft.core.ComputerTestDelegate/]: Starting 'The textutils library -> textutils.unserializeJSON -> passes nst/JSONTestSuite -> n_string_start_escape_unclosed'
[13Jan.2024 07:34:01.368] [ComputerCraft-Coroutine-1/INFO] [dan200.computercraft.core.ComputerTestDelegate/]: 'The textutils library -> textutils.unserializeJSON -> passes nst/JSONTestSuite -> n_string_start_escape_unclosed' finished with pass
[13Jan.2024 07:34:01.368] [ForkJoinPool-1-worker-1/INFO] [dan200.computercraft.core.ComputerTestDelegate/]: Finished 'The textutils library -> textutils.unserializeJSON -> passes nst/JSONTestSuite -> n_string_start_escape_unclosed'
[13Jan.2024 07:34:01.369] [ForkJoinPool-1-worker-1/INFO] [dan200.computercraft.core.ComputerTestDelegate/]: Starting 'The textutils library -> textutils.unserializeJSON -> passes nst/JSONTestSuite -> n_string_1_surrogate_then_escape'
[13Jan.2024 07:34:01.369] [ComputerCraft-Coroutine-1/INFO] [dan200.computercraft.core.ComputerTestDelegate/]: 'The textutils library -> textutils.unserializeJSON -> passes nst/JSONTestSuite -> n_string_1_surrogate_then_escape' finished with pass
[13Jan.2024 07:34:01.369] [ForkJoinPool-1-worker-1/INFO] [dan200.computercraft.core.ComputerTestDelegate/]: Finished 'The textutils library -> textutils.unserializeJSON -> passes nst/JSONTestSuite -> n_string_1_surrogate_then_escape'
[13Jan.2024 07:34:01.370] [ForkJoinPool-1-worker-1/INFO] [dan200.computercraft.core.ComputerTestDelegate/]: Starting 'The textutils library -> textutils.unserializeJSON -> passes nst/JSONTestSuite -> n_structure_object_with_comment'
[13Jan.2024 07:34:01.371] [ComputerCraft-Coroutine-1/INFO] [dan200.computercraft.core.ComputerTestDelegate/]: 'The textutils library -> textutils.unserializeJSON -> passes nst/JSONTestSuite -> n_structure_object_with_comment' finished with pass
[13Jan.2024 07:34:01.371] [ForkJoinPool-1-worker-1/INFO] [dan200.computercraft.core.ComputerTestDelegate/]: Finished 'The textutils library -> textutils.unserializeJSON -> passes nst/JSONTestSuite -> n_structure_object_with_comment'
[13Jan.2024 07:34:01.372] [ForkJoinPool-1-worker-1/INFO] [dan200.computercraft.core.ComputerTestDelegate/]: Starting 'The textutils library -> textutils.unserializeJSON -> passes nst/JSONTestSuite -> y_object_string_unicode'
[13Jan.2024 07:34:01.373] [ComputerCraft-Coroutine-0/INFO] [dan200.computercraft.core.ComputerTestDelegate/]: 'The textutils library -> textutils.unserializeJSON -> passes nst/JSONTestSuite -> y_object_string_unicode' finished with pass
[13Jan.2024 07:34:01.373] [ForkJoinPool-1-worker-1/INFO] [dan200.computercraft.core.ComputerTestDelegate/]: Finished 'The textutils library -> textutils.unserializeJSON -> passes nst/JSONTestSuite -> y_object_string_unicode'
[13Jan.2024 07:34:01.373] [ForkJoinPool-1-worker-1/INFO] [dan200.computercraft.core.ComputerTestDelegate/]: Starting 'The textutils library -> textutils.unserializeJSON -> passes nst/JSONTestSuite -> n_object_missing_semicolon'
[13Jan.2024 07:34:01.374] [ComputerCraft-Coroutine-0/INFO] [dan200.computercraft.core.ComputerTestDelegate/]: 'The textutils library -> textutils.unserializeJSON -> passes nst/JSONTestSuite -> n_object_missing_semicolon' finished with pass
[13Jan.2024 07:34:01.374] [ForkJoinPool-1-worker-1/INFO] [dan200.computercraft.core.ComputerTestDelegate/]: Finished 'The textutils library -> textutils.unserializeJSON -> passes nst/JSONTestSuite -> n_object_missing_semicolon'
[13Jan.2024 07:34:01.374] [ForkJoinPool-1-worker-1/INFO] [dan200.computercraft.core.ComputerTestDelegate/]: Starting 'The textutils library -> textutils.unserializeJSON -> passes nst/JSONTestSuite -> i_number_very_big_negative_int'
[13Jan.2024 07:34:01.374] [ComputerCraft-Coroutine-0/INFO] [dan200.computercraft.core.ComputerTestDelegate/]: 'The textutils library -> textutils.unserializeJSON -> passes nst/JSONTestSuite -> i_number_very_big_negative_int' finished with pass
[13Jan.2024 07:34:01.375] [ForkJoinPool-1-worker-1/INFO] [dan200.computercraft.core.ComputerTestDelegate/]: Finished 'The textutils library -> textutils.unserializeJSON -> passes nst/JSONTestSuite -> i_number_very_big_negative_int'
[13Jan.2024 07:34:01.375] [ForkJoinPool-1-worker-1/INFO] [dan200.computercraft.core.ComputerTestDelegate/]: Starting 'The textutils library -> textutils.unserializeJSON -> passes nst/JSONTestSuite -> i_string_UTF8_surrogate_U+D800'
[13Jan.2024 07:34:01.375] [ComputerCraft-Coroutine-0/INFO] [dan200.computercraft.core.ComputerTestDelegate/]: 'The textutils library -> textutils.unserializeJSON -> passes nst/JSONTestSuite -> i_string_UTF8_surrogate_U+D800' finished with pass
[13Jan.2024 07:34:01.375] [ForkJoinPool-1-worker-1/INFO] [dan200.computercraft.core.ComputerTestDelegate/]: Finished 'The textutils library -> textutils.unserializeJSON -> passes nst/JSONTestSuite -> i_string_UTF8_surrogate_U+D800'
[13Jan.2024 07:34:01.376] [ForkJoinPool-1-worker-1/INFO] [dan200.computercraft.core.ComputerTestDelegate/]: Starting 'The textutils library -> textutils.unserializeJSON -> passes nst/JSONTestSuite -> y_number_real_fraction_exponent'
[13Jan.2024 07:34:01.376] [ComputerCraft-Coroutine-0/INFO] [dan200.computercraft.core.ComputerTestDelegate/]: 'The textutils library -> textutils.unserializeJSON -> passes nst/JSONTestSuite -> y_number_real_fraction_exponent' finished with pass
[13Jan.2024 07:34:01.377] [ForkJoinPool-1-worker-1/INFO] [dan200.computercraft.core.ComputerTestDelegate/]: Finished 'The textutils library -> textutils.unserializeJSON -> passes nst/JSONTestSuite -> y_number_real_fraction_exponent'
[13Jan.2024 07:34:01.377] [ForkJoinPool-1-worker-1/INFO] [dan200.computercraft.core.ComputerTestDelegate/]: Starting 'The textutils library -> textutils.unserializeJSON -> passes nst/JSONTestSuite -> y_number_real_exponent'
[13Jan.2024 07:34:01.378] [ComputerCraft-Coroutine-0/INFO] [dan200.computercraft.core.ComputerTestDelegate/]: 'The textutils library -> textutils.unserializeJSON -> passes nst/JSONTestSuite -> y_number_real_exponent' finished with pass
[13Jan.2024 07:34:01.378] [ForkJoinPool-1-worker-1/INFO] [dan200.computercraft.core.ComputerTestDelegate/]: Finished 'The textutils library -> textutils.unserializeJSON -> passes nst/JSONTestSuite -> y_number_real_exponent'
[13Jan.2024 07:34:01.378] [ForkJoinPool-1-worker-1/INFO] [dan200.computercraft.core.ComputerTestDelegate/]: Starting 'The textutils library -> textutils.unserializeJSON -> passes nst/JSONTestSuite -> i_string_incomplete_surrogate_pair'
[13Jan.2024 07:34:01.381] [ComputerCraft-Coroutine-0/INFO] [dan200.computercraft.core.ComputerTestDelegate/]: 'The textutils library -> textutils.unserializeJSON -> passes nst/JSONTestSuite -> i_string_incomplete_surrogate_pair' finished with pass
[13Jan.2024 07:34:01.381] [ForkJoinPool-1-worker-1/INFO] [dan200.computercraft.core.ComputerTestDelegate/]: Finished 'The textutils library -> textutils.unserializeJSON -> passes nst/JSONTestSuite -> i_string_incomplete_surrogate_pair'
[13Jan.2024 07:34:01.381] [ForkJoinPool-1-worker-1/INFO] [dan200.computercraft.core.ComputerTestDelegate/]: Starting 'The textutils library -> textutils.unserializeJSON -> passes nst/JSONTestSuite -> n_array_number_and_several_commas'
[13Jan.2024 07:34:01.382] [ComputerCraft-Coroutine-0/INFO] [dan200.computercraft.core.ComputerTestDelegate/]: 'The textutils library -> textutils.unserializeJSON -> passes nst/JSONTestSuite -> n_array_number_and_several_commas' finished with pass
[13Jan.2024 07:34:01.382] [ForkJoinPool-1-worker-1/INFO] [dan200.computercraft.core.ComputerTestDelegate/]: Finished 'The textutils library -> textutils.unserializeJSON -> passes nst/JSONTestSuite -> n_array_number_and_several_commas'
[13Jan.2024 07:34:01.383] [ForkJoinPool-1-worker-1/INFO] [dan200.computercraft.core.ComputerTestDelegate/]: Starting 'The textutils library -> textutils.unserializeJSON -> passes nst/JSONTestSuite -> n_object_several_trailing_commas'
[13Jan.2024 07:34:01.384] [ComputerCraft-Coroutine-0/INFO] [dan200.computercraft.core.ComputerTestDelegate/]: 'The textutils library -> textutils.unserializeJSON -> passes nst/JSONTestSuite -> n_object_several_trailing_commas' finished with pass
[13Jan.2024 07:34:01.384] [ForkJoinPool-1-worker-1/INFO] [dan200.computercraft.core.ComputerTestDelegate/]: Finished 'The textutils library -> textutils.unserializeJSON -> passes nst/JSONTestSuite -> n_object_several_trailing_commas'
[13Jan.2024 07:34:01.384] [ForkJoinPool-1-worker-1/INFO] [dan200.computercraft.core.ComputerTestDelegate/]: Starting 'The textutils library -> textutils.unserializeJSON -> passes nst/JSONTestSuite -> n_structure_open_object'
[13Jan.2024 07:34:01.385] [ComputerCraft-Coroutine-0/INFO] [dan200.computercraft.core.ComputerTestDelegate/]: 'The textutils library -> textutils.unserializeJSON -> passes nst/JSONTestSuite -> n_structure_open_object' finished with pass
[13Jan.2024 07:34:01.385] [ForkJoinPool-1-worker-1/INFO] [dan200.computercraft.core.ComputerTestDelegate/]: Finished 'The textutils library -> textutils.unserializeJSON -> passes nst/JSONTestSuite -> n_structure_open_object'
[13Jan.2024 07:34:01.385] [ForkJoinPool-1-worker-1/INFO] [dan200.computercraft.core.ComputerTestDelegate/]: Starting 'The textutils library -> textutils.unserializeJSON -> passes nst/JSONTestSuite -> i_string_incomplete_surrogate_and_escape_valid'
[13Jan.2024 07:34:01.385] [ComputerCraft-Coroutine-0/INFO] [dan200.computercraft.core.ComputerTestDelegate/]: 'The textutils library -> textutils.unserializeJSON -> passes nst/JSONTestSuite -> i_string_incomplete_surrogate_and_escape_valid' finished with pass
[13Jan.2024 07:34:01.386] [ForkJoinPool-1-worker-1/INFO] [dan200.computercraft.core.ComputerTestDelegate/]: Finished 'The textutils library -> textutils.unserializeJSON -> passes nst/JSONTestSuite -> i_string_incomplete_surrogate_and_escape_valid'
[13Jan.2024 07:34:01.386] [ForkJoinPool-1-worker-1/INFO] [dan200.computercraft.core.ComputerTestDelegate/]: Starting 'The textutils library -> textutils.unserializeJSON -> passes nst/JSONTestSuite -> y_structure_lonely_false'
[13Jan.2024 07:34:01.386] [ComputerCraft-Coroutine-0/INFO] [dan200.computercraft.core.ComputerTestDelegate/]: 'The textutils library -> textutils.unserializeJSON -> passes nst/JSONTestSuite -> y_structure_lonely_false' finished with pass
[13Jan.2024 07:34:01.387] [ForkJoinPool-1-worker-1/INFO] [dan200.computercraft.core.ComputerTestDelegate/]: Finished 'The textutils library -> textutils.unserializeJSON -> passes nst/JSONTestSuite -> y_structure_lonely_false'
[13Jan.2024 07:34:01.387] [ForkJoinPool-1-worker-1/INFO] [dan200.computercraft.core.ComputerTestDelegate/]: Starting 'The textutils library -> textutils.unserializeJSON -> passes nst/JSONTestSuite -> n_number_0e'
[13Jan.2024 07:34:01.388] [ComputerCraft-Coroutine-0/INFO] [dan200.computercraft.core.ComputerTestDelegate/]: 'The textutils library -> textutils.unserializeJSON -> passes nst/JSONTestSuite -> n_number_0e' finished with pass
[13Jan.2024 07:34:01.388] [ForkJoinPool-1-worker-1/INFO] [dan200.computercraft.core.ComputerTestDelegate/]: Finished 'The textutils library -> textutils.unserializeJSON -> passes nst/JSONTestSuite -> n_number_0e'
[13Jan.2024 07:34:01.388] [ForkJoinPool-1-worker-1/INFO] [dan200.computercraft.core.ComputerTestDelegate/]: Starting 'The textutils library -> textutils.unserializeJSON -> passes nst/JSONTestSuite -> n_number_+Inf'
[13Jan.2024 07:34:01.389] [ComputerCraft-Coroutine-0/INFO] [dan200.computercraft.core.ComputerTestDelegate/]: 'The textutils library -> textutils.unserializeJSON -> passes nst/JSONTestSuite -> n_number_+Inf' finished with pass
[13Jan.2024 07:34:01.389] [ForkJoinPool-1-worker-1/INFO] [dan200.computercraft.core.ComputerTestDelegate/]: Finished 'The textutils library -> textutils.unserializeJSON -> passes nst/JSONTestSuite -> n_number_+Inf'
[13Jan.2024 07:34:01.389] [ForkJoinPool-1-worker-1/INFO] [dan200.computercraft.core.ComputerTestDelegate/]: Starting 'The textutils library -> textutils.unserializeJSON -> passes nst/JSONTestSuite -> n_string_invalid_unicode_escape'
[13Jan.2024 07:34:01.390] [ComputerCraft-Coroutine-0/INFO] [dan200.computercraft.core.ComputerTestDelegate/]: 'The textutils library -> textutils.unserializeJSON -> passes nst/JSONTestSuite -> n_string_invalid_unicode_escape' finished with pass
[13Jan.2024 07:34:01.390] [ForkJoinPool-1-worker-1/INFO] [dan200.computercraft.core.ComputerTestDelegate/]: Finished 'The textutils library -> textutils.unserializeJSON -> passes nst/JSONTestSuite -> n_string_invalid_unicode_escape'
[13Jan.2024 07:34:01.390] [ForkJoinPool-1-worker-1/INFO] [dan200.computercraft.core.ComputerTestDelegate/]: Starting 'The textutils library -> textutils.unserializeJSON -> passes nst/JSONTestSuite -> y_string_null_escape'
[13Jan.2024 07:34:01.391] [ComputerCraft-Coroutine-0/INFO] [dan200.computercraft.core.ComputerTestDelegate/]: 'The textutils library -> textutils.unserializeJSON -> passes nst/JSONTestSuite -> y_string_null_escape' finished with pass
[13Jan.2024 07:34:01.391] [ForkJoinPool-1-worker-1/INFO] [dan200.computercraft.core.ComputerTestDelegate/]: Finished 'The textutils library -> textutils.unserializeJSON -> passes nst/JSONTestSuite -> y_string_null_escape'
[13Jan.2024 07:34:01.391] [ForkJoinPool-1-worker-1/INFO] [dan200.computercraft.core.ComputerTestDelegate/]: Starting 'The textutils library -> textutils.unserializeJSON -> passes nst/JSONTestSuite -> i_string_1st_surrogate_but_2nd_missing'
[13Jan.2024 07:34:01.391] [ComputerCraft-Coroutine-0/INFO] [dan200.computercraft.core.ComputerTestDelegate/]: 'The textutils library -> textutils.unserializeJSON -> passes nst/JSONTestSuite -> i_string_1st_surrogate_but_2nd_missing' finished with pass
[13Jan.2024 07:34:01.392] [ForkJoinPool-1-worker-1/INFO] [dan200.computercraft.core.ComputerTestDelegate/]: Finished 'The textutils library -> textutils.unserializeJSON -> passes nst/JSONTestSuite -> i_string_1st_surrogate_but_2nd_missing'
[13Jan.2024 07:34:01.392] [ForkJoinPool-1-worker-1/INFO] [dan200.computercraft.core.ComputerTestDelegate/]: Starting 'The textutils library -> textutils.unserializeJSON -> passes nst/JSONTestSuite -> y_string_one-byte-utf-8'
[13Jan.2024 07:34:01.392] [ComputerCraft-Coroutine-0/INFO] [dan200.computercraft.core.ComputerTestDelegate/]: 'The textutils library -> textutils.unserializeJSON -> passes nst/JSONTestSuite -> y_string_one-byte-utf-8' finished with pass
[13Jan.2024 07:34:01.392] [ForkJoinPool-1-worker-1/INFO] [dan200.computercraft.core.ComputerTestDelegate/]: Finished 'The textutils library -> textutils.unserializeJSON -> passes nst/JSONTestSuite -> y_string_one-byte-utf-8'
[13Jan.2024 07:34:01.393] [ForkJoinPool-1-worker-1/INFO] [dan200.computercraft.core.ComputerTestDelegate/]: Starting 'The textutils library -> textutils.unserializeJSON -> passes nst/JSONTestSuite -> y_structure_lonely_true'
[13Jan.2024 07:34:01.393] [ComputerCraft-Coroutine-0/INFO] [dan200.computercraft.core.ComputerTestDelegate/]: 'The textutils library -> textutils.unserializeJSON -> passes nst/JSONTestSuite -> y_structure_lonely_true' finished with pass
[13Jan.2024 07:34:01.393] [ForkJoinPool-1-worker-1/INFO] [dan200.computercraft.core.ComputerTestDelegate/]: Finished 'The textutils library -> textutils.unserializeJSON -> passes nst/JSONTestSuite -> y_structure_lonely_true'
[13Jan.2024 07:34:01.394] [ForkJoinPool-1-worker-1/INFO] [dan200.computercraft.core.ComputerTestDelegate/]: Starting 'The textutils library -> textutils.unserializeJSON -> passes nst/JSONTestSuite -> n_string_escape_x'
[13Jan.2024 07:34:01.394] [ComputerCraft-Coroutine-0/INFO] [dan200.computercraft.core.ComputerTestDelegate/]: 'The textutils library -> textutils.unserializeJSON -> passes nst/JSONTestSuite -> n_string_escape_x' finished with pass
[13Jan.2024 07:34:01.394] [ForkJoinPool-1-worker-1/INFO] [dan200.computercraft.core.ComputerTestDelegate/]: Finished 'The textutils library -> textutils.unserializeJSON -> passes nst/JSONTestSuite -> n_string_escape_x'
[13Jan.2024 07:34:01.395] [ForkJoinPool-1-worker-1/INFO] [dan200.computercraft.core.ComputerTestDelegate/]: Starting 'The textutils library -> textutils.unserializeJSON -> passes nst/JSONTestSuite -> n_structure_array_with_extra_array_close'
[13Jan.2024 07:34:01.395] [ComputerCraft-Coroutine-0/INFO] [dan200.computercraft.core.ComputerTestDelegate/]: 'The textutils library -> textutils.unserializeJSON -> passes nst/JSONTestSuite -> n_structure_array_with_extra_array_close' finished with pass
[13Jan.2024 07:34:01.395] [ForkJoinPool-1-worker-1/INFO] [dan200.computercraft.core.ComputerTestDelegate/]: Finished 'The textutils library -> textutils.unserializeJSON -> passes nst/JSONTestSuite -> n_structure_array_with_extra_array_close'
[13Jan.2024 07:34:01.396] [ForkJoinPool-1-worker-1/INFO] [dan200.computercraft.core.ComputerTestDelegate/]: Starting 'The textutils library -> textutils.unserializeJSON -> passes nst/JSONTestSuite -> n_array_unclosed_with_object_inside'
[13Jan.2024 07:34:01.396] [ComputerCraft-Coroutine-0/INFO] [dan200.computercraft.core.ComputerTestDelegate/]: 'The textutils library -> textutils.unserializeJSON -> passes nst/JSONTestSuite -> n_array_unclosed_with_object_inside' finished with pass
[13Jan.2024 07:34:01.396] [ForkJoinPool-1-worker-1/INFO] [dan200.computercraft.core.ComputerTestDelegate/]: Finished 'The textutils library -> textutils.unserializeJSON -> passes nst/JSONTestSuite -> n_array_unclosed_with_object_inside'
[13Jan.2024 07:34:01.397] [ForkJoinPool-1-worker-1/INFO] [dan200.computercraft.core.ComputerTestDelegate/]: Starting 'The textutils library -> textutils.unserializeJSON -> passes nst/JSONTestSuite -> i_string_overlong_sequence_6_bytes_null'
[13Jan.2024 07:34:01.397] [ComputerCraft-Coroutine-0/INFO] [dan200.computercraft.core.ComputerTestDelegate/]: 'The textutils library -> textutils.unserializeJSON -> passes nst/JSONTestSuite -> i_string_overlong_sequence_6_bytes_null' finished with pass
[13Jan.2024 07:34:01.397] [ForkJoinPool-1-worker-1/INFO] [dan200.computercraft.core.ComputerTestDelegate/]: Finished 'The textutils library -> textutils.unserializeJSON -> passes nst/JSONTestSuite -> i_string_overlong_sequence_6_bytes_null'
[13Jan.2024 07:34:01.397] [ForkJoinPool-1-worker-1/INFO] [dan200.computercraft.core.ComputerTestDelegate/]: Starting 'The textutils library -> textutils.unserializeJSON -> passes nst/JSONTestSuite -> y_string_unicodeEscapedBackslash'
[13Jan.2024 07:34:01.398] [ComputerCraft-Coroutine-0/INFO] [dan200.computercraft.core.ComputerTestDelegate/]: 'The textutils library -> textutils.unserializeJSON -> passes nst/JSONTestSuite -> y_string_unicodeEscapedBackslash' finished with pass
[13Jan.2024 07:34:01.398] [ForkJoinPool-1-worker-1/INFO] [dan200.computercraft.core.ComputerTestDelegate/]: Finished 'The textutils library -> textutils.unserializeJSON -> passes nst/JSONTestSuite -> y_string_unicodeEscapedBackslash'
[13Jan.2024 07:34:01.398] [ForkJoinPool-1-worker-1/INFO] [dan200.computercraft.core.ComputerTestDelegate/]: Starting 'The textutils library -> textutils.unserializeJSON -> passes nst/JSONTestSuite -> n_number_2.e3'
[13Jan.2024 07:34:01.399] [ComputerCraft-Coroutine-0/INFO] [dan200.computercraft.core.ComputerTestDelegate/]: 'The textutils library -> textutils.unserializeJSON -> passes nst/JSONTestSuite -> n_number_2.e3' finished with pending
[13Jan.2024 07:34:01.399] [ForkJoinPool-1-worker-1/INFO] [dan200.computercraft.core.ComputerTestDelegate/]: Finished 'The textutils library -> textutils.unserializeJSON -> passes nst/JSONTestSuite -> n_number_2.e3'
[13Jan.2024 07:34:01.399] [ForkJoinPool-1-worker-1/INFO] [dan200.computercraft.core.ComputerTestDelegate/]: Starting 'The textutils library -> textutils.unserializeJSON -> passes nst/JSONTestSuite -> y_structure_lonely_null'
[13Jan.2024 07:34:01.400] [ComputerCraft-Coroutine-0/INFO] [dan200.computercraft.core.ComputerTestDelegate/]: 'The textutils library -> textutils.unserializeJSON -> passes nst/JSONTestSuite -> y_structure_lonely_null' finished with pass
[13Jan.2024 07:34:01.400] [ForkJoinPool-1-worker-1/INFO] [dan200.computercraft.core.ComputerTestDelegate/]: Finished 'The textutils library -> textutils.unserializeJSON -> passes nst/JSONTestSuite -> y_structure_lonely_null'
[13Jan.2024 07:34:01.400] [ForkJoinPool-1-worker-1/INFO] [dan200.computercraft.core.ComputerTestDelegate/]: Starting 'The textutils library -> textutils.unserializeJSON -> passes nst/JSONTestSuite -> n_number_minus_infinity'
[13Jan.2024 07:34:01.401] [ComputerCraft-Coroutine-0/INFO] [dan200.computercraft.core.ComputerTestDelegate/]: 'The textutils library -> textutils.unserializeJSON -> passes nst/JSONTestSuite -> n_number_minus_infinity' finished with pass
[13Jan.2024 07:34:01.401] [ForkJoinPool-1-worker-1/INFO] [dan200.computercraft.core.ComputerTestDelegate/]: Finished 'The textutils library -> textutils.unserializeJSON -> passes nst/JSONTestSuite -> n_number_minus_infinity'
[13Jan.2024 07:34:01.401] [ForkJoinPool-1-worker-1/INFO] [dan200.computercraft.core.ComputerTestDelegate/]: Starting 'The textutils library -> textutils.unserializeJSON -> passes nst/JSONTestSuite -> n_structure_comma_instead_of_closing_brace'
[13Jan.2024 07:34:01.402] [ComputerCraft-Coroutine-0/INFO] [dan200.computercraft.core.ComputerTestDelegate/]: 'The textutils library -> textutils.unserializeJSON -> passes nst/JSONTestSuite -> n_structure_comma_instead_of_closing_brace' finished with pass
[13Jan.2024 07:34:01.402] [ForkJoinPool-1-worker-1/INFO] [dan200.computercraft.core.ComputerTestDelegate/]: Finished 'The textutils library -> textutils.unserializeJSON -> passes nst/JSONTestSuite -> n_structure_comma_instead_of_closing_brace'
[13Jan.2024 07:34:01.402] [ForkJoinPool-1-worker-1/INFO] [dan200.computercraft.core.ComputerTestDelegate/]: Starting 'The textutils library -> textutils.unserializeJSON -> passes nst/JSONTestSuite -> y_structure_true_in_array'
[13Jan.2024 07:34:01.403] [ComputerCraft-Coroutine-0/INFO] [dan200.computercraft.core.ComputerTestDelegate/]: 'The textutils library -> textutils.unserializeJSON -> passes nst/JSONTestSuite -> y_structure_true_in_array' finished with pass
[13Jan.2024 07:34:01.403] [ForkJoinPool-1-worker-1/INFO] [dan200.computercraft.core.ComputerTestDelegate/]: Finished 'The textutils library -> textutils.unserializeJSON -> passes nst/JSONTestSuite -> y_structure_true_in_array'
[13Jan.2024 07:34:01.403] [ForkJoinPool-1-worker-1/INFO] [dan200.computercraft.core.ComputerTestDelegate/]: Starting 'The textutils library -> textutils.unserializeJSON -> passes nst/JSONTestSuite -> n_array_extra_close'
[13Jan.2024 07:34:01.404] [ComputerCraft-Coroutine-0/INFO] [dan200.computercraft.core.ComputerTestDelegate/]: 'The textutils library -> textutils.unserializeJSON -> passes nst/JSONTestSuite -> n_array_extra_close' finished with pass
[13Jan.2024 07:34:01.404] [ForkJoinPool-1-worker-1/INFO] [dan200.computercraft.core.ComputerTestDelegate/]: Finished 'The textutils library -> textutils.unserializeJSON -> passes nst/JSONTestSuite -> n_array_extra_close'
[13Jan.2024 07:34:01.404] [ForkJoinPool-1-worker-1/INFO] [dan200.computercraft.core.ComputerTestDelegate/]: Starting 'The textutils library -> textutils.unserializeJSON -> passes nst/JSONTestSuite -> n_number_with_alpha'
[13Jan.2024 07:34:01.405] [ComputerCraft-Coroutine-0/INFO] [dan200.computercraft.core.ComputerTestDelegate/]: 'The textutils library -> textutils.unserializeJSON -> passes nst/JSONTestSuite -> n_number_with_alpha' finished with pass
[13Jan.2024 07:34:01.405] [ForkJoinPool-1-worker-1/INFO] [dan200.computercraft.core.ComputerTestDelegate/]: Finished 'The textutils library -> textutils.unserializeJSON -> passes nst/JSONTestSuite -> n_number_with_alpha'
[13Jan.2024 07:34:01.405] [ForkJoinPool-1-worker-1/INFO] [dan200.computercraft.core.ComputerTestDelegate/]: Starting 'The textutils library -> textutils.unserializeJSON -> passes nst/JSONTestSuite -> n_string_escaped_backslash_bad'
[13Jan.2024 07:34:01.406] [ComputerCraft-Coroutine-0/INFO] [dan200.computercraft.core.ComputerTestDelegate/]: 'The textutils library -> textutils.unserializeJSON -> passes nst/JSONTestSuite -> n_string_escaped_backslash_bad' finished with pass
[13Jan.2024 07:34:01.406] [ForkJoinPool-1-worker-1/INFO] [dan200.computercraft.core.ComputerTestDelegate/]: Finished 'The textutils library -> textutils.unserializeJSON -> passes nst/JSONTestSuite -> n_string_escaped_backslash_bad'
[13Jan.2024 07:34:01.406] [ForkJoinPool-1-worker-1/INFO] [dan200.computercraft.core.ComputerTestDelegate/]: Starting 'The textutils library -> textutils.unserializeJSON -> passes nst/JSONTestSuite -> n_number_0.3e+'
[13Jan.2024 07:34:01.407] [ComputerCraft-Coroutine-0/INFO] [dan200.computercraft.core.ComputerTestDelegate/]: 'The textutils library -> textutils.unserializeJSON -> passes nst/JSONTestSuite -> n_number_0.3e+' finished with pass
[13Jan.2024 07:34:01.407] [ForkJoinPool-1-worker-1/INFO] [dan200.computercraft.core.ComputerTestDelegate/]: Finished 'The textutils library -> textutils.unserializeJSON -> passes nst/JSONTestSuite -> n_number_0.3e+'
[13Jan.2024 07:34:01.407] [ForkJoinPool-1-worker-1/INFO] [dan200.computercraft.core.ComputerTestDelegate/]: Starting 'The textutils library -> textutils.unserializeJSON -> passes nst/JSONTestSuite -> n_structure_object_followed_by_closing_object'
[13Jan.2024 07:34:01.408] [ComputerCraft-Coroutine-0/INFO] [dan200.computercraft.core.ComputerTestDelegate/]: 'The textutils library -> textutils.unserializeJSON -> passes nst/JSONTestSuite -> n_structure_object_followed_by_closing_object' finished with pass
[13Jan.2024 07:34:01.408] [ForkJoinPool-1-worker-1/INFO] [dan200.computercraft.core.ComputerTestDelegate/]: Finished 'The textutils library -> textutils.unserializeJSON -> passes nst/JSONTestSuite -> n_structure_object_followed_by_closing_object'
[13Jan.2024 07:34:01.408] [ForkJoinPool-1-worker-1/INFO] [dan200.computercraft.core.ComputerTestDelegate/]: Starting 'The textutils library -> textutils.unserializeJSON -> passes nst/JSONTestSuite -> y_array_heterogeneous'
[13Jan.2024 07:34:01.409] [ComputerCraft-Coroutine-0/INFO] [dan200.computercraft.core.ComputerTestDelegate/]: 'The textutils library -> textutils.unserializeJSON -> passes nst/JSONTestSuite -> y_array_heterogeneous' finished with pass
[13Jan.2024 07:34:01.409] [ForkJoinPool-1-worker-1/INFO] [dan200.computercraft.core.ComputerTestDelegate/]: Finished 'The textutils library -> textutils.unserializeJSON -> passes nst/JSONTestSuite -> y_array_heterogeneous'
[13Jan.2024 07:34:01.409] [ForkJoinPool-1-worker-1/INFO] [dan200.computercraft.core.ComputerTestDelegate/]: Starting 'The textutils library -> textutils.unserializeJSON -> passes nst/JSONTestSuite -> y_number_real_neg_exp'
[13Jan.2024 07:34:01.409] [ComputerCraft-Coroutine-0/INFO] [dan200.computercraft.core.ComputerTestDelegate/]: 'The textutils library -> textutils.unserializeJSON -> passes nst/JSONTestSuite -> y_number_real_neg_exp' finished with pass
[13Jan.2024 07:34:01.410] [ForkJoinPool-1-worker-1/INFO] [dan200.computercraft.core.ComputerTestDelegate/]: Finished 'The textutils library -> textutils.unserializeJSON -> passes nst/JSONTestSuite -> y_number_real_neg_exp'
[13Jan.2024 07:34:01.410] [ForkJoinPool-1-worker-1/INFO] [dan200.computercraft.core.ComputerTestDelegate/]: Starting 'The textutils library -> textutils.unserializeJSON -> passes nst/JSONTestSuite -> n_number_invalid-utf-8-in-bigger-int'
[13Jan.2024 07:34:01.410] [ComputerCraft-Coroutine-0/INFO] [dan200.computercraft.core.ComputerTestDelegate/]: 'The textutils library -> textutils.unserializeJSON -> passes nst/JSONTestSuite -> n_number_invalid-utf-8-in-bigger-int' finished with pass
[13Jan.2024 07:34:01.410] [ForkJoinPool-1-worker-1/INFO] [dan200.computercraft.core.ComputerTestDelegate/]: Finished 'The textutils library -> textutils.unserializeJSON -> passes nst/JSONTestSuite -> n_number_invalid-utf-8-in-bigger-int'
[13Jan.2024 07:34:01.411] [ForkJoinPool-1-worker-1/INFO] [dan200.computercraft.core.ComputerTestDelegate/]: Starting 'The textutils library -> textutils.unserializeJSON -> passes nst/JSONTestSuite -> i_number_neg_int_huge_exp'
[13Jan.2024 07:34:01.412] [ComputerCraft-Coroutine-0/INFO] [dan200.computercraft.core.ComputerTestDelegate/]: 'The textutils library -> textutils.unserializeJSON -> passes nst/JSONTestSuite -> i_number_neg_int_huge_exp' finished with pass
[13Jan.2024 07:34:01.412] [ForkJoinPool-1-worker-1/INFO] [dan200.computercraft.core.ComputerTestDelegate/]: Finished 'The textutils library -> textutils.unserializeJSON -> passes nst/JSONTestSuite -> i_number_neg_int_huge_exp'
[13Jan.2024 07:34:01.412] [ForkJoinPool-1-worker-1/INFO] [dan200.computercraft.core.ComputerTestDelegate/]: Starting 'The textutils library -> textutils.unserializeJSON -> passes nst/JSONTestSuite -> n_object_missing_colon'
[13Jan.2024 07:34:01.413] [ComputerCraft-Coroutine-0/INFO] [dan200.computercraft.core.ComputerTestDelegate/]: 'The textutils library -> textutils.unserializeJSON -> passes nst/JSONTestSuite -> n_object_missing_colon' finished with pass
[13Jan.2024 07:34:01.413] [ForkJoinPool-1-worker-1/INFO] [dan200.computercraft.core.ComputerTestDelegate/]: Finished 'The textutils library -> textutils.unserializeJSON -> passes nst/JSONTestSuite -> n_object_missing_colon'
[13Jan.2024 07:34:01.413] [ForkJoinPool-1-worker-1/INFO] [dan200.computercraft.core.ComputerTestDelegate/]: Starting 'The textutils library -> textutils.unserializeJSON -> passes nst/JSONTestSuite -> i_string_lone_utf8_continuation_byte'
[13Jan.2024 07:34:01.414] [ComputerCraft-Coroutine-0/INFO] [dan200.computercraft.core.ComputerTestDelegate/]: 'The textutils library -> textutils.unserializeJSON -> passes nst/JSONTestSuite -> i_string_lone_utf8_continuation_byte' finished with pass
[13Jan.2024 07:34:01.414] [ForkJoinPool-1-worker-1/INFO] [dan200.computercraft.core.ComputerTestDelegate/]: Finished 'The textutils library -> textutils.unserializeJSON -> passes nst/JSONTestSuite -> i_string_lone_utf8_continuation_byte'
[13Jan.2024 07:34:01.414] [ForkJoinPool-1-worker-1/INFO] [dan200.computercraft.core.ComputerTestDelegate/]: Starting 'The textutils library -> textutils.unserializeJSON -> passes nst/JSONTestSuite -> n_structure_open_object_comma'
[13Jan.2024 07:34:01.415] [ComputerCraft-Coroutine-0/INFO] [dan200.computercraft.core.ComputerTestDelegate/]: 'The textutils library -> textutils.unserializeJSON -> passes nst/JSONTestSuite -> n_structure_open_object_comma' finished with pass
[13Jan.2024 07:34:01.415] [ForkJoinPool-1-worker-1/INFO] [dan200.computercraft.core.ComputerTestDelegate/]: Finished 'The textutils library -> textutils.unserializeJSON -> passes nst/JSONTestSuite -> n_structure_open_object_comma'
[13Jan.2024 07:34:01.415] [ForkJoinPool-1-worker-1/INFO] [dan200.computercraft.core.ComputerTestDelegate/]: Starting 'The textutils library -> textutils.unserializeJSON -> passes nst/JSONTestSuite -> n_number_infinity'
[13Jan.2024 07:34:01.416] [ComputerCraft-Coroutine-0/INFO] [dan200.computercraft.core.ComputerTestDelegate/]: 'The textutils library -> textutils.unserializeJSON -> passes nst/JSONTestSuite -> n_number_infinity' finished with pass
[13Jan.2024 07:34:01.416] [ForkJoinPool-1-worker-1/INFO] [dan200.computercraft.core.ComputerTestDelegate/]: Finished 'The textutils library -> textutils.unserializeJSON -> passes nst/JSONTestSuite -> n_number_infinity'
[13Jan.2024 07:34:01.416] [ForkJoinPool-1-worker-1/INFO] [dan200.computercraft.core.ComputerTestDelegate/]: Starting 'The textutils library -> textutils.unserializeJSON -> passes nst/JSONTestSuite -> n_string_1_surrogate_then_escape_u'
[13Jan.2024 07:34:01.417] [ComputerCraft-Coroutine-0/INFO] [dan200.computercraft.core.ComputerTestDelegate/]: 'The textutils library -> textutils.unserializeJSON -> passes nst/JSONTestSuite -> n_string_1_surrogate_then_escape_u' finished with pass
[13Jan.2024 07:34:01.417] [ForkJoinPool-1-worker-1/INFO] [dan200.computercraft.core.ComputerTestDelegate/]: Finished 'The textutils library -> textutils.unserializeJSON -> passes nst/JSONTestSuite -> n_string_1_surrogate_then_escape_u'
[13Jan.2024 07:34:01.417] [ForkJoinPool-1-worker-1/INFO] [dan200.computercraft.core.ComputerTestDelegate/]: Starting 'The textutils library -> textutils.unserializeJSON -> passes nst/JSONTestSuite -> n_number_neg_real_without_int_part'
[13Jan.2024 07:34:01.418] [ComputerCraft-Coroutine-0/INFO] [dan200.computercraft.core.ComputerTestDelegate/]: 'The textutils library -> textutils.unserializeJSON -> passes nst/JSONTestSuite -> n_number_neg_real_without_int_part' finished with pass
[13Jan.2024 07:34:01.418] [ForkJoinPool-1-worker-1/INFO] [dan200.computercraft.core.ComputerTestDelegate/]: Finished 'The textutils library -> textutils.unserializeJSON -> passes nst/JSONTestSuite -> n_number_neg_real_without_int_part'
[13Jan.2024 07:34:01.418] [ForkJoinPool-1-worker-1/INFO] [dan200.computercraft.core.ComputerTestDelegate/]: Starting 'The textutils library -> textutils.unserializeJSON -> passes nst/JSONTestSuite -> y_structure_lonely_negative_real'
[13Jan.2024 07:34:01.419] [ComputerCraft-Coroutine-0/INFO] [dan200.computercraft.core.ComputerTestDelegate/]: 'The textutils library -> textutils.unserializeJSON -> passes nst/JSONTestSuite -> y_structure_lonely_negative_real' finished with pass
[13Jan.2024 07:34:01.419] [ForkJoinPool-1-worker-1/INFO] [dan200.computercraft.core.ComputerTestDelegate/]: Finished 'The textutils library -> textutils.unserializeJSON -> passes nst/JSONTestSuite -> y_structure_lonely_negative_real'
[13Jan.2024 07:34:01.419] [ForkJoinPool-1-worker-1/INFO] [dan200.computercraft.core.ComputerTestDelegate/]: Starting 'The textutils library -> textutils.unserializeJSON -> passes nst/JSONTestSuite -> n_structure_capitalized_True'
[13Jan.2024 07:34:01.419] [ComputerCraft-Coroutine-0/INFO] [dan200.computercraft.core.ComputerTestDelegate/]: 'The textutils library -> textutils.unserializeJSON -> passes nst/JSONTestSuite -> n_structure_capitalized_True' finished with pass
[13Jan.2024 07:34:01.419] [ForkJoinPool-1-worker-1/INFO] [dan200.computercraft.core.ComputerTestDelegate/]: Finished 'The textutils library -> textutils.unserializeJSON -> passes nst/JSONTestSuite -> n_structure_capitalized_True'
[13Jan.2024 07:34:01.420] [ForkJoinPool-1-worker-1/INFO] [dan200.computercraft.core.ComputerTestDelegate/]: Starting 'The textutils library -> textutils.unserializeJSON -> passes nst/JSONTestSuite -> y_string_in_array'
[13Jan.2024 07:34:01.420] [ComputerCraft-Coroutine-0/INFO] [dan200.computercraft.core.ComputerTestDelegate/]: 'The textutils library -> textutils.unserializeJSON -> passes nst/JSONTestSuite -> y_string_in_array' finished with pass
[13Jan.2024 07:34:01.420] [ForkJoinPool-1-worker-1/INFO] [dan200.computercraft.core.ComputerTestDelegate/]: Finished 'The textutils library -> textutils.unserializeJSON -> passes nst/JSONTestSuite -> y_string_in_array'
[13Jan.2024 07:34:01.421] [ForkJoinPool-1-worker-1/INFO] [dan200.computercraft.core.ComputerTestDelegate/]: Starting 'The textutils library -> textutils.unserializeJSON -> passes nst/JSONTestSuite -> n_structure_double_array'
[13Jan.2024 07:34:01.421] [ComputerCraft-Coroutine-0/INFO] [dan200.computercraft.core.ComputerTestDelegate/]: 'The textutils library -> textutils.unserializeJSON -> passes nst/JSONTestSuite -> n_structure_double_array' finished with pass
[13Jan.2024 07:34:01.421] [ForkJoinPool-1-worker-1/INFO] [dan200.computercraft.core.ComputerTestDelegate/]: Finished 'The textutils library -> textutils.unserializeJSON -> passes nst/JSONTestSuite -> n_structure_double_array'
[13Jan.2024 07:34:01.422] [ForkJoinPool-1-worker-1/INFO] [dan200.computercraft.core.ComputerTestDelegate/]: Starting 'The textutils library -> textutils.unserializeJSON -> passes nst/JSONTestSuite -> i_string_utf16LE_no_BOM'
[13Jan.2024 07:34:01.422] [ComputerCraft-Coroutine-0/INFO] [dan200.computercraft.core.ComputerTestDelegate/]: 'The textutils library -> textutils.unserializeJSON -> passes nst/JSONTestSuite -> i_string_utf16LE_no_BOM' finished with pass
[13Jan.2024 07:34:01.423] [ForkJoinPool-1-worker-1/INFO] [dan200.computercraft.core.ComputerTestDelegate/]: Finished 'The textutils library -> textutils.unserializeJSON -> passes nst/JSONTestSuite -> i_string_utf16LE_no_BOM'
[13Jan.2024 07:34:01.423] [ForkJoinPool-1-worker-1/INFO] [dan200.computercraft.core.ComputerTestDelegate/]: Starting 'The textutils library -> textutils.unserializeJSON -> passes nst/JSONTestSuite -> n_string_unescaped_crtl_char'
[13Jan.2024 07:34:01.424] [ComputerCraft-Coroutine-0/INFO] [dan200.computercraft.core.ComputerTestDelegate/]: 'The textutils library -> textutils.unserializeJSON -> passes nst/JSONTestSuite -> n_string_unescaped_crtl_char' finished with pass
[13Jan.2024 07:34:01.424] [ForkJoinPool-1-worker-1/INFO] [dan200.computercraft.core.ComputerTestDelegate/]: Finished 'The textutils library -> textutils.unserializeJSON -> passes nst/JSONTestSuite -> n_string_unescaped_crtl_char'
[13Jan.2024 07:34:01.424] [ForkJoinPool-1-worker-1/INFO] [dan200.computercraft.core.ComputerTestDelegate/]: Starting 'The textutils library -> textutils.unserializeJSON -> passes nst/JSONTestSuite -> n_number_0.1.2'
[13Jan.2024 07:34:01.425] [ComputerCraft-Coroutine-0/INFO] [dan200.computercraft.core.ComputerTestDelegate/]: 'The textutils library -> textutils.unserializeJSON -> passes nst/JSONTestSuite -> n_number_0.1.2' finished with pass
[13Jan.2024 07:34:01.425] [ForkJoinPool-1-worker-1/INFO] [dan200.computercraft.core.ComputerTestDelegate/]: Finished 'The textutils library -> textutils.unserializeJSON -> passes nst/JSONTestSuite -> n_number_0.1.2'
[13Jan.2024 07:34:01.425] [ForkJoinPool-1-worker-1/INFO] [dan200.computercraft.core.ComputerTestDelegate/]: Starting 'The textutils library -> textutils.unserializeJSON -> passes nst/JSONTestSuite -> y_string_uEscape'
[13Jan.2024 07:34:01.426] [ComputerCraft-Coroutine-0/INFO] [dan200.computercraft.core.ComputerTestDelegate/]: 'The textutils library -> textutils.unserializeJSON -> passes nst/JSONTestSuite -> y_string_uEscape' finished with pass
[13Jan.2024 07:34:01.426] [ForkJoinPool-1-worker-1/INFO] [dan200.computercraft.core.ComputerTestDelegate/]: Finished 'The textutils library -> textutils.unserializeJSON -> passes nst/JSONTestSuite -> y_string_uEscape'
[13Jan.2024 07:34:01.426] [ForkJoinPool-1-worker-1/INFO] [dan200.computercraft.core.ComputerTestDelegate/]: Starting 'The textutils library -> textutils.unserializeJSON -> passes nst/JSONTestSuite -> n_string_invalid_utf8_after_escape'
[13Jan.2024 07:34:01.427] [ComputerCraft-Coroutine-0/INFO] [dan200.computercraft.core.ComputerTestDelegate/]: 'The textutils library -> textutils.unserializeJSON -> passes nst/JSONTestSuite -> n_string_invalid_utf8_after_escape' finished with pass
[13Jan.2024 07:34:01.427] [ForkJoinPool-1-worker-1/INFO] [dan200.computercraft.core.ComputerTestDelegate/]: Finished 'The textutils library -> textutils.unserializeJSON -> passes nst/JSONTestSuite -> n_string_invalid_utf8_after_escape'
[13Jan.2024 07:34:01.427] [ForkJoinPool-1-worker-1/INFO] [dan200.computercraft.core.ComputerTestDelegate/]: Starting 'The textutils library -> textutils.unserializeJSON -> passes nst/JSONTestSuite -> y_string_double_escape_n'
[13Jan.2024 07:34:01.428] [ComputerCraft-Coroutine-0/INFO] [dan200.computercraft.core.ComputerTestDelegate/]: 'The textutils library -> textutils.unserializeJSON -> passes nst/JSONTestSuite -> y_string_double_escape_n' finished with pass
[13Jan.2024 07:34:01.428] [ForkJoinPool-1-worker-1/INFO] [dan200.computercraft.core.ComputerTestDelegate/]: Finished 'The textutils library -> textutils.unserializeJSON -> passes nst/JSONTestSuite -> y_string_double_escape_n'
[13Jan.2024 07:34:01.428] [ForkJoinPool-1-worker-1/INFO] [dan200.computercraft.core.ComputerTestDelegate/]: Starting 'The textutils library -> textutils.unserializeJSON -> passes nst/JSONTestSuite -> y_object_empty_key'
[13Jan.2024 07:34:01.429] [ComputerCraft-Coroutine-0/INFO] [dan200.computercraft.core.ComputerTestDelegate/]: 'The textutils library -> textutils.unserializeJSON -> passes nst/JSONTestSuite -> y_object_empty_key' finished with pass
[13Jan.2024 07:34:01.429] [ForkJoinPool-1-worker-1/INFO] [dan200.computercraft.core.ComputerTestDelegate/]: Finished 'The textutils library -> textutils.unserializeJSON -> passes nst/JSONTestSuite -> y_object_empty_key'
[13Jan.2024 07:34:01.429] [ForkJoinPool-1-worker-1/INFO] [dan200.computercraft.core.ComputerTestDelegate/]: Starting 'The textutils library -> textutils.unserializeJSON -> passes nst/JSONTestSuite -> y_object_simple'
[13Jan.2024 07:34:01.430] [ComputerCraft-Coroutine-0/INFO] [dan200.computercraft.core.ComputerTestDelegate/]: 'The textutils library -> textutils.unserializeJSON -> passes nst/JSONTestSuite -> y_object_simple' finished with pass
[13Jan.2024 07:34:01.430] [ForkJoinPool-1-worker-1/INFO] [dan200.computercraft.core.ComputerTestDelegate/]: Finished 'The textutils library -> textutils.unserializeJSON -> passes nst/JSONTestSuite -> y_object_simple'
[13Jan.2024 07:34:01.430] [ForkJoinPool-1-worker-1/INFO] [dan200.computercraft.core.ComputerTestDelegate/]: Starting 'The textutils library -> textutils.unserializeJSON -> passes nst/JSONTestSuite -> y_number_simple_real'
[13Jan.2024 07:34:01.431] [ComputerCraft-Coroutine-0/INFO] [dan200.computercraft.core.ComputerTestDelegate/]: 'The textutils library -> textutils.unserializeJSON -> passes nst/JSONTestSuite -> y_number_simple_real' finished with pass
[13Jan.2024 07:34:01.431] [ForkJoinPool-1-worker-1/INFO] [dan200.computercraft.core.ComputerTestDelegate/]: Finished 'The textutils library -> textutils.unserializeJSON -> passes nst/JSONTestSuite -> y_number_simple_real'
[13Jan.2024 07:34:01.431] [ForkJoinPool-1-worker-1/INFO] [dan200.computercraft.core.ComputerTestDelegate/]: Starting 'The textutils library -> textutils.unserializeJSON -> passes nst/JSONTestSuite -> n_string_1_surrogate_then_escape_u1x'
[13Jan.2024 07:34:01.431] [ComputerCraft-Coroutine-0/INFO] [dan200.computercraft.core.ComputerTestDelegate/]: 'The textutils library -> textutils.unserializeJSON -> passes nst/JSONTestSuite -> n_string_1_surrogate_then_escape_u1x' finished with pass
[13Jan.2024 07:34:01.432] [ForkJoinPool-1-worker-1/INFO] [dan200.computercraft.core.ComputerTestDelegate/]: Finished 'The textutils library -> textutils.unserializeJSON -> passes nst/JSONTestSuite -> n_string_1_surrogate_then_escape_u1x'
[13Jan.2024 07:34:01.432] [ForkJoinPool-1-worker-1/INFO] [dan200.computercraft.core.ComputerTestDelegate/]: Starting 'The textutils library -> textutils.unserializeJSON -> passes nst/JSONTestSuite -> i_object_key_lone_2nd_surrogate'
[13Jan.2024 07:34:01.433] [ComputerCraft-Coroutine-0/INFO] [dan200.computercraft.core.ComputerTestDelegate/]: 'The textutils library -> textutils.unserializeJSON -> passes nst/JSONTestSuite -> i_object_key_lone_2nd_surrogate' finished with pass
[13Jan.2024 07:34:01.433] [ForkJoinPool-1-worker-1/INFO] [dan200.computercraft.core.ComputerTestDelegate/]: Finished 'The textutils library -> textutils.unserializeJSON -> passes nst/JSONTestSuite -> i_object_key_lone_2nd_surrogate'
[13Jan.2024 07:34:01.433] [ForkJoinPool-1-worker-1/INFO] [dan200.computercraft.core.ComputerTestDelegate/]: Starting 'The textutils library -> textutils.unserializeJSON -> passes nst/JSONTestSuite -> y_string_unicode_U+1FFFE_nonchar'
[13Jan.2024 07:34:01.434] [ComputerCraft-Coroutine-0/INFO] [dan200.computercraft.core.ComputerTestDelegate/]: 'The textutils library -> textutils.unserializeJSON -> passes nst/JSONTestSuite -> y_string_unicode_U+1FFFE_nonchar' finished with pass
[13Jan.2024 07:34:01.434] [ForkJoinPool-1-worker-1/INFO] [dan200.computercraft.core.ComputerTestDelegate/]: Finished 'The textutils library -> textutils.unserializeJSON -> passes nst/JSONTestSuite -> y_string_unicode_U+1FFFE_nonchar'
[13Jan.2024 07:34:01.434] [ForkJoinPool-1-worker-1/INFO] [dan200.computercraft.core.ComputerTestDelegate/]: Starting 'The textutils library -> textutils.unserializeJSON -> passes nst/JSONTestSuite -> y_structure_lonely_int'
[13Jan.2024 07:34:01.434] [ComputerCraft-Coroutine-0/INFO] [dan200.computercraft.core.ComputerTestDelegate/]: 'The textutils library -> textutils.unserializeJSON -> passes nst/JSONTestSuite -> y_structure_lonely_int' finished with pass
[13Jan.2024 07:34:01.435] [ForkJoinPool-1-worker-1/INFO] [dan200.computercraft.core.ComputerTestDelegate/]: Finished 'The textutils library -> textutils.unserializeJSON -> passes nst/JSONTestSuite -> y_structure_lonely_int'
[13Jan.2024 07:34:01.435] [ForkJoinPool-1-worker-1/INFO] [dan200.computercraft.core.ComputerTestDelegate/]: Starting 'The textutils library -> textutils.unserializeJSON -> passes nst/JSONTestSuite -> n_string_escaped_emoji'
[13Jan.2024 07:34:01.435] [ComputerCraft-Coroutine-0/INFO] [dan200.computercraft.core.ComputerTestDelegate/]: 'The textutils library -> textutils.unserializeJSON -> passes nst/JSONTestSuite -> n_string_escaped_emoji' finished with pass
[13Jan.2024 07:34:01.435] [ForkJoinPool-1-worker-1/INFO] [dan200.computercraft.core.ComputerTestDelegate/]: Finished 'The textutils library -> textutils.unserializeJSON -> passes nst/JSONTestSuite -> n_string_escaped_emoji'
[13Jan.2024 07:34:01.436] [ForkJoinPool-1-worker-1/INFO] [dan200.computercraft.core.ComputerTestDelegate/]: Starting 'The textutils library -> textutils.unserializeJSON -> passes nst/JSONTestSuite -> n_number_1eE2'
[13Jan.2024 07:34:01.436] [ComputerCraft-Coroutine-0/INFO] [dan200.computercraft.core.ComputerTestDelegate/]: 'The textutils library -> textutils.unserializeJSON -> passes nst/JSONTestSuite -> n_number_1eE2' finished with pass
[13Jan.2024 07:34:01.436] [ForkJoinPool-1-worker-1/INFO] [dan200.computercraft.core.ComputerTestDelegate/]: Finished 'The textutils library -> textutils.unserializeJSON -> passes nst/JSONTestSuite -> n_number_1eE2'
[13Jan.2024 07:34:01.437] [ForkJoinPool-1-worker-1/INFO] [dan200.computercraft.core.ComputerTestDelegate/]: Starting 'The textutils library -> textutils.unserializeJSON -> passes nst/JSONTestSuite -> y_number_minus_zero'
[13Jan.2024 07:34:01.437] [ComputerCraft-Coroutine-0/INFO] [dan200.computercraft.core.ComputerTestDelegate/]: 'The textutils library -> textutils.unserializeJSON -> passes nst/JSONTestSuite -> y_number_minus_zero' finished with pass
[13Jan.2024 07:34:01.437] [ForkJoinPool-1-worker-1/INFO] [dan200.computercraft.core.ComputerTestDelegate/]: Finished 'The textutils library -> textutils.unserializeJSON -> passes nst/JSONTestSuite -> y_number_minus_zero'
[13Jan.2024 07:34:01.438] [ForkJoinPool-1-worker-1/INFO] [dan200.computercraft.core.ComputerTestDelegate/]: Starting 'The textutils library -> textutils.unserializeJSON -> passes nst/JSONTestSuite -> n_array_incomplete_invalid_value'
[13Jan.2024 07:34:01.438] [ComputerCraft-Coroutine-0/INFO] [dan200.computercraft.core.ComputerTestDelegate/]: 'The textutils library -> textutils.unserializeJSON -> passes nst/JSONTestSuite -> n_array_incomplete_invalid_value' finished with pass
[13Jan.2024 07:34:01.438] [ForkJoinPool-1-worker-1/INFO] [dan200.computercraft.core.ComputerTestDelegate/]: Finished 'The textutils library -> textutils.unserializeJSON -> passes nst/JSONTestSuite -> n_array_incomplete_invalid_value'
[13Jan.2024 07:34:01.439] [ForkJoinPool-1-worker-1/INFO] [dan200.computercraft.core.ComputerTestDelegate/]: Starting 'The textutils library -> textutils.unserializeJSON -> passes nst/JSONTestSuite -> y_string_double_escape_a'
[13Jan.2024 07:34:01.439] [ComputerCraft-Coroutine-0/INFO] [dan200.computercraft.core.ComputerTestDelegate/]: 'The textutils library -> textutils.unserializeJSON -> passes nst/JSONTestSuite -> y_string_double_escape_a' finished with pass
[13Jan.2024 07:34:01.439] [ForkJoinPool-1-worker-1/INFO] [dan200.computercraft.core.ComputerTestDelegate/]: Finished 'The textutils library -> textutils.unserializeJSON -> passes nst/JSONTestSuite -> y_string_double_escape_a'
[13Jan.2024 07:34:01.440] [ForkJoinPool-1-worker-1/INFO] [dan200.computercraft.core.ComputerTestDelegate/]: Starting 'The textutils library -> textutils.unserializeJSON -> passes nst/JSONTestSuite -> y_string_backslash_doublequotes'
[13Jan.2024 07:34:01.440] [ComputerCraft-Coroutine-0/INFO] [dan200.computercraft.core.ComputerTestDelegate/]: 'The textutils library -> textutils.unserializeJSON -> passes nst/JSONTestSuite -> y_string_backslash_doublequotes' finished with pass
[13Jan.2024 07:34:01.440] [ForkJoinPool-1-worker-1/INFO] [dan200.computercraft.core.ComputerTestDelegate/]: Finished 'The textutils library -> textutils.unserializeJSON -> passes nst/JSONTestSuite -> y_string_backslash_doublequotes'
[13Jan.2024 07:34:01.441] [ForkJoinPool-1-worker-1/INFO] [dan200.computercraft.core.ComputerTestDelegate/]: Starting 'The textutils library -> textutils.unserializeJSON -> passes nst/JSONTestSuite -> n_number_invalid+-'
[13Jan.2024 07:34:01.441] [ComputerCraft-Coroutine-0/INFO] [dan200.computercraft.core.ComputerTestDelegate/]: 'The textutils library -> textutils.unserializeJSON -> passes nst/JSONTestSuite -> n_number_invalid+-' finished with pass
[13Jan.2024 07:34:01.441] [ForkJoinPool-1-worker-1/INFO] [dan200.computercraft.core.ComputerTestDelegate/]: Finished 'The textutils library -> textutils.unserializeJSON -> passes nst/JSONTestSuite -> n_number_invalid+-'
[13Jan.2024 07:34:01.441] [ForkJoinPool-1-worker-1/INFO] [dan200.computercraft.core.ComputerTestDelegate/]: Starting 'The textutils library -> textutils.unserializeJSON -> passes nst/JSONTestSuite -> n_string_invalid-utf-8-in-escape'
[13Jan.2024 07:34:01.442] [ComputerCraft-Coroutine-0/INFO] [dan200.computercraft.core.ComputerTestDelegate/]: 'The textutils library -> textutils.unserializeJSON -> passes nst/JSONTestSuite -> n_string_invalid-utf-8-in-escape' finished with pass
[13Jan.2024 07:34:01.442] [ForkJoinPool-1-worker-1/INFO] [dan200.computercraft.core.ComputerTestDelegate/]: Finished 'The textutils library -> textutils.unserializeJSON -> passes nst/JSONTestSuite -> n_string_invalid-utf-8-in-escape'
[13Jan.2024 07:34:01.442] [ForkJoinPool-1-worker-1/INFO] [dan200.computercraft.core.ComputerTestDelegate/]: Starting 'The textutils library -> textutils.unserializeJSON -> passes nst/JSONTestSuite -> n_structure_number_with_trailing_garbage'
[13Jan.2024 07:34:01.443] [ComputerCraft-Coroutine-0/INFO] [dan200.computercraft.core.ComputerTestDelegate/]: 'The textutils library -> textutils.unserializeJSON -> passes nst/JSONTestSuite -> n_structure_number_with_trailing_garbage' finished with pass
[13Jan.2024 07:34:01.443] [ForkJoinPool-1-worker-1/INFO] [dan200.computercraft.core.ComputerTestDelegate/]: Finished 'The textutils library -> textutils.unserializeJSON -> passes nst/JSONTestSuite -> n_structure_number_with_trailing_garbage'
[13Jan.2024 07:34:01.443] [ForkJoinPool-1-worker-1/INFO] [dan200.computercraft.core.ComputerTestDelegate/]: Starting 'The textutils library -> textutils.unserializeJSON -> passes nst/JSONTestSuite -> y_object_empty'
[13Jan.2024 07:34:01.444] [ComputerCraft-Coroutine-0/INFO] [dan200.computercraft.core.ComputerTestDelegate/]: 'The textutils library -> textutils.unserializeJSON -> passes nst/JSONTestSuite -> y_object_empty' finished with pass
[13Jan.2024 07:34:01.444] [ForkJoinPool-1-worker-1/INFO] [dan200.computercraft.core.ComputerTestDelegate/]: Finished 'The textutils library -> textutils.unserializeJSON -> passes nst/JSONTestSuite -> y_object_empty'
[13Jan.2024 07:34:01.444] [ForkJoinPool-1-worker-1/INFO] [dan200.computercraft.core.ComputerTestDelegate/]: Starting 'The textutils library -> textutils.unserializeJSON -> passes nst/JSONTestSuite -> n_array_inner_array_no_comma'
[13Jan.2024 07:34:01.445] [ComputerCraft-Coroutine-0/INFO] [dan200.computercraft.core.ComputerTestDelegate/]: 'The textutils library -> textutils.unserializeJSON -> passes nst/JSONTestSuite -> n_array_inner_array_no_comma' finished with pass
[13Jan.2024 07:34:01.445] [ForkJoinPool-1-worker-1/INFO] [dan200.computercraft.core.ComputerTestDelegate/]: Finished 'The textutils library -> textutils.unserializeJSON -> passes nst/JSONTestSuite -> n_array_inner_array_no_comma'
[13Jan.2024 07:34:01.446] [ForkJoinPool-1-worker-1/INFO] [dan200.computercraft.core.ComputerTestDelegate/]: Starting 'The textutils library -> textutils.unserializeJSON -> passes nst/JSONTestSuite -> y_object_with_newlines'
[13Jan.2024 07:34:01.447] [ComputerCraft-Coroutine-0/INFO] [dan200.computercraft.core.ComputerTestDelegate/]: 'The textutils library -> textutils.unserializeJSON -> passes nst/JSONTestSuite -> y_object_with_newlines' finished with pass
[13Jan.2024 07:34:01.447] [ForkJoinPool-1-worker-1/INFO] [dan200.computercraft.core.ComputerTestDelegate/]: Finished 'The textutils library -> textutils.unserializeJSON -> passes nst/JSONTestSuite -> y_object_with_newlines'
[13Jan.2024 07:34:01.448] [ForkJoinPool-1-worker-1/INFO] [dan200.computercraft.core.ComputerTestDelegate/]: Starting 'The textutils library -> textutils.unserializeJSON -> passes nst/JSONTestSuite -> n_structure_uescaped_LF_before_string'
[13Jan.2024 07:34:01.449] [ComputerCraft-Coroutine-0/INFO] [dan200.computercraft.core.ComputerTestDelegate/]: 'The textutils library -> textutils.unserializeJSON -> passes nst/JSONTestSuite -> n_structure_uescaped_LF_before_string' finished with pass
[13Jan.2024 07:34:01.449] [ForkJoinPool-1-worker-1/INFO] [dan200.computercraft.core.ComputerTestDelegate/]: Finished 'The textutils library -> textutils.unserializeJSON -> passes nst/JSONTestSuite -> n_structure_uescaped_LF_before_string'
[13Jan.2024 07:34:01.449] [ForkJoinPool-1-worker-1/INFO] [dan200.computercraft.core.ComputerTestDelegate/]: Starting 'The textutils library -> textutils.unserializeJSON -> passes nst/JSONTestSuite -> n_number_Inf'
[13Jan.2024 07:34:01.450] [ComputerCraft-Coroutine-0/INFO] [dan200.computercraft.core.ComputerTestDelegate/]: 'The textutils library -> textutils.unserializeJSON -> passes nst/JSONTestSuite -> n_number_Inf' finished with pass
[13Jan.2024 07:34:01.450] [ForkJoinPool-1-worker-1/INFO] [dan200.computercraft.core.ComputerTestDelegate/]: Finished 'The textutils library -> textutils.unserializeJSON -> passes nst/JSONTestSuite -> n_number_Inf'
[13Jan.2024 07:34:01.450] [ForkJoinPool-1-worker-1/INFO] [dan200.computercraft.core.ComputerTestDelegate/]: Starting 'The textutils library -> textutils.unserializeJSON -> passes nst/JSONTestSuite -> n_array_unclosed_trailing_comma'
[13Jan.2024 07:34:01.451] [ComputerCraft-Coroutine-0/INFO] [dan200.computercraft.core.ComputerTestDelegate/]: 'The textutils library -> textutils.unserializeJSON -> passes nst/JSONTestSuite -> n_array_unclosed_trailing_comma' finished with pass
[13Jan.2024 07:34:01.451] [ForkJoinPool-1-worker-1/INFO] [dan200.computercraft.core.ComputerTestDelegate/]: Finished 'The textutils library -> textutils.unserializeJSON -> passes nst/JSONTestSuite -> n_array_unclosed_trailing_comma'
[13Jan.2024 07:34:01.451] [ForkJoinPool-1-worker-1/INFO] [dan200.computercraft.core.ComputerTestDelegate/]: Starting 'The textutils library -> textutils.unserializeJSON -> passes nst/JSONTestSuite -> n_structure_object_unclosed_no_value'
[13Jan.2024 07:34:01.452] [ComputerCraft-Coroutine-0/INFO] [dan200.computercraft.core.ComputerTestDelegate/]: 'The textutils library -> textutils.unserializeJSON -> passes nst/JSONTestSuite -> n_structure_object_unclosed_no_value' finished with pass
[13Jan.2024 07:34:01.452] [ForkJoinPool-1-worker-1/INFO] [dan200.computercraft.core.ComputerTestDelegate/]: Finished 'The textutils library -> textutils.unserializeJSON -> passes nst/JSONTestSuite -> n_structure_object_unclosed_no_value'
[13Jan.2024 07:34:01.452] [ForkJoinPool-1-worker-1/INFO] [dan200.computercraft.core.ComputerTestDelegate/]: Starting 'The textutils library -> textutils.unserializeJSON -> passes nst/JSONTestSuite -> n_string_unicode_CapitalU'
[13Jan.2024 07:34:01.454] [ComputerCraft-Coroutine-0/INFO] [dan200.computercraft.core.ComputerTestDelegate/]: 'The textutils library -> textutils.unserializeJSON -> passes nst/JSONTestSuite -> n_string_unicode_CapitalU' finished with pass
[13Jan.2024 07:34:01.454] [ForkJoinPool-1-worker-1/INFO] [dan200.computercraft.core.ComputerTestDelegate/]: Finished 'The textutils library -> textutils.unserializeJSON -> passes nst/JSONTestSuite -> n_string_unicode_CapitalU'
[13Jan.2024 07:34:01.454] [ForkJoinPool-1-worker-1/INFO] [dan200.computercraft.core.ComputerTestDelegate/]: Starting 'The textutils library -> textutils.unserializeJSON -> passes nst/JSONTestSuite -> n_structure_angle_bracket_null'
[13Jan.2024 07:34:01.455] [ComputerCraft-Coroutine-0/INFO] [dan200.computercraft.core.ComputerTestDelegate/]: 'The textutils library -> textutils.unserializeJSON -> passes nst/JSONTestSuite -> n_structure_angle_bracket_null' finished with pass
[13Jan.2024 07:34:01.455] [ForkJoinPool-1-worker-1/INFO] [dan200.computercraft.core.ComputerTestDelegate/]: Finished 'The textutils library -> textutils.unserializeJSON -> passes nst/JSONTestSuite -> n_structure_angle_bracket_null'
[13Jan.2024 07:34:01.456] [ForkJoinPool-1-worker-1/INFO] [dan200.computercraft.core.ComputerTestDelegate/]: Starting 'The textutils library -> textutils.unserializeJSON -> passes nst/JSONTestSuite -> y_string_surrogates_U+1D11E_MUSICAL_SYMBOL_G_CLEF'
[13Jan.2024 07:34:01.457] [ComputerCraft-Coroutine-0/INFO] [dan200.computercraft.core.ComputerTestDelegate/]: 'The textutils library -> textutils.unserializeJSON -> passes nst/JSONTestSuite -> y_string_surrogates_U+1D11E_MUSICAL_SYMBOL_G_CLEF' finished with pass
[13Jan.2024 07:34:01.457] [ForkJoinPool-1-worker-1/INFO] [dan200.computercraft.core.ComputerTestDelegate/]: Finished 'The textutils library -> textutils.unserializeJSON -> passes nst/JSONTestSuite -> y_string_surrogates_U+1D11E_MUSICAL_SYMBOL_G_CLEF'
[13Jan.2024 07:34:01.457] [ForkJoinPool-1-worker-1/INFO] [dan200.computercraft.core.ComputerTestDelegate/]: Starting 'The textutils library -> textutils.unserializeJSON -> passes nst/JSONTestSuite -> n_string_single_quote'
[13Jan.2024 07:34:01.458] [ComputerCraft-Coroutine-0/INFO] [dan200.computercraft.core.ComputerTestDelegate/]: 'The textutils library -> textutils.unserializeJSON -> passes nst/JSONTestSuite -> n_string_single_quote' finished with pass
[13Jan.2024 07:34:01.458] [ForkJoinPool-1-worker-1/INFO] [dan200.computercraft.core.ComputerTestDelegate/]: Finished 'The textutils library -> textutils.unserializeJSON -> passes nst/JSONTestSuite -> n_string_single_quote'
[13Jan.2024 07:34:01.459] [ForkJoinPool-1-worker-1/INFO] [dan200.computercraft.core.ComputerTestDelegate/]: Starting 'The textutils library -> textutils.unserializeJSON -> passes nst/JSONTestSuite -> i_string_overlong_sequence_6_bytes'
[13Jan.2024 07:34:01.460] [ComputerCraft-Coroutine-0/INFO] [dan200.computercraft.core.ComputerTestDelegate/]: 'The textutils library -> textutils.unserializeJSON -> passes nst/JSONTestSuite -> i_string_overlong_sequence_6_bytes' finished with pass
[13Jan.2024 07:34:01.460] [ForkJoinPool-1-worker-1/INFO] [dan200.computercraft.core.ComputerTestDelegate/]: Finished 'The textutils library -> textutils.unserializeJSON -> passes nst/JSONTestSuite -> i_string_overlong_sequence_6_bytes'
[13Jan.2024 07:34:01.460] [ForkJoinPool-1-worker-1/INFO] [dan200.computercraft.core.ComputerTestDelegate/]: Starting 'The textutils library -> textutils.unserializeJSON -> passes nst/JSONTestSuite -> n_array_invalid_utf8'
[13Jan.2024 07:34:01.461] [ComputerCraft-Coroutine-0/INFO] [dan200.computercraft.core.ComputerTestDelegate/]: 'The textutils library -> textutils.unserializeJSON -> passes nst/JSONTestSuite -> n_array_invalid_utf8' finished with pass
[13Jan.2024 07:34:01.461] [ForkJoinPool-1-worker-1/INFO] [dan200.computercraft.core.ComputerTestDelegate/]: Finished 'The textutils library -> textutils.unserializeJSON -> passes nst/JSONTestSuite -> n_array_invalid_utf8'
[13Jan.2024 07:34:01.461] [ForkJoinPool-1-worker-1/INFO] [dan200.computercraft.core.ComputerTestDelegate/]: Starting 'The textutils library -> textutils.unserializeJSON -> passes nst/JSONTestSuite -> y_string_escaped_control_character'
[13Jan.2024 07:34:01.462] [ComputerCraft-Coroutine-0/INFO] [dan200.computercraft.core.ComputerTestDelegate/]: 'The textutils library -> textutils.unserializeJSON -> passes nst/JSONTestSuite -> y_string_escaped_control_character' finished with pass
[13Jan.2024 07:34:01.462] [ForkJoinPool-1-worker-1/INFO] [dan200.computercraft.core.ComputerTestDelegate/]: Finished 'The textutils library -> textutils.unserializeJSON -> passes nst/JSONTestSuite -> y_string_escaped_control_character'
[13Jan.2024 07:34:01.462] [ForkJoinPool-1-worker-1/INFO] [dan200.computercraft.core.ComputerTestDelegate/]: Starting 'The textutils library -> textutils.unserializeJSON -> passes nst/JSONTestSuite -> i_string_invalid_surrogate'
[13Jan.2024 07:34:01.463] [ComputerCraft-Coroutine-0/INFO] [dan200.computercraft.core.ComputerTestDelegate/]: 'The textutils library -> textutils.unserializeJSON -> passes nst/JSONTestSuite -> i_string_invalid_surrogate' finished with pass
[13Jan.2024 07:34:01.463] [ForkJoinPool-1-worker-1/INFO] [dan200.computercraft.core.ComputerTestDelegate/]: Finished 'The textutils library -> textutils.unserializeJSON -> passes nst/JSONTestSuite -> i_string_invalid_surrogate'
[13Jan.2024 07:34:01.463] [ForkJoinPool-1-worker-1/INFO] [dan200.computercraft.core.ComputerTestDelegate/]: Starting 'The textutils library -> textutils.unserializeJSON -> passes nst/JSONTestSuite -> n_string_single_doublequote'
[13Jan.2024 07:34:01.464] [ComputerCraft-Coroutine-0/INFO] [dan200.computercraft.core.ComputerTestDelegate/]: 'The textutils library -> textutils.unserializeJSON -> passes nst/JSONTestSuite -> n_string_single_doublequote' finished with pass
[13Jan.2024 07:34:01.464] [ForkJoinPool-1-worker-1/INFO] [dan200.computercraft.core.ComputerTestDelegate/]: Finished 'The textutils library -> textutils.unserializeJSON -> passes nst/JSONTestSuite -> n_string_single_doublequote'
[13Jan.2024 07:34:01.464] [ForkJoinPool-1-worker-1/INFO] [dan200.computercraft.core.ComputerTestDelegate/]: Starting 'The textutils library -> textutils.unserializeJSON -> passes nst/JSONTestSuite -> n_string_incomplete_escape'
[13Jan.2024 07:34:01.465] [ComputerCraft-Coroutine-0/INFO] [dan200.computercraft.core.ComputerTestDelegate/]: 'The textutils library -> textutils.unserializeJSON -> passes nst/JSONTestSuite -> n_string_incomplete_escape' finished with pass
[13Jan.2024 07:34:01.465] [ForkJoinPool-1-worker-1/INFO] [dan200.computercraft.core.ComputerTestDelegate/]: Finished 'The textutils library -> textutils.unserializeJSON -> passes nst/JSONTestSuite -> n_string_incomplete_escape'
[13Jan.2024 07:34:01.465] [ForkJoinPool-1-worker-1/INFO] [dan200.computercraft.core.ComputerTestDelegate/]: Starting 'The textutils library -> textutils.unserializeJSON -> passes nst/JSONTestSuite -> n_structure_open_array_string'
[13Jan.2024 07:34:01.466] [ComputerCraft-Coroutine-0/INFO] [dan200.computercraft.core.ComputerTestDelegate/]: 'The textutils library -> textutils.unserializeJSON -> passes nst/JSONTestSuite -> n_structure_open_array_string' finished with pass
[13Jan.2024 07:34:01.466] [ForkJoinPool-1-worker-1/INFO] [dan200.computercraft.core.ComputerTestDelegate/]: Finished 'The textutils library -> textutils.unserializeJSON -> passes nst/JSONTestSuite -> n_structure_open_array_string'
[13Jan.2024 07:34:01.467] [ForkJoinPool-1-worker-1/INFO] [dan200.computercraft.core.ComputerTestDelegate/]: Starting 'The textutils library -> textutils.unserializeJSON -> parses using NBT-style syntax -> strings'
[13Jan.2024 07:34:01.467] [ComputerCraft-Coroutine-0/INFO] [dan200.computercraft.core.ComputerTestDelegate/]: 'The textutils library -> textutils.unserializeJSON -> parses using NBT-style syntax -> strings' finished with pass
[13Jan.2024 07:34:01.467] [ForkJoinPool-1-worker-1/INFO] [dan200.computercraft.core.ComputerTestDelegate/]: Finished 'The textutils library -> textutils.unserializeJSON -> parses using NBT-style syntax -> strings'
[13Jan.2024 07:34:01.468] [ForkJoinPool-1-worker-1/INFO] [dan200.computercraft.core.ComputerTestDelegate/]: Starting 'The textutils library -> textutils.unserializeJSON -> parses using NBT-style syntax -> suffixed numbers'
[13Jan.2024 07:34:01.469] [ComputerCraft-Coroutine-0/INFO] [dan200.computercraft.core.ComputerTestDelegate/]: 'The textutils library -> textutils.unserializeJSON -> parses using NBT-style syntax -> suffixed numbers' finished with pass
[13Jan.2024 07:34:01.469] [ForkJoinPool-1-worker-1/INFO] [dan200.computercraft.core.ComputerTestDelegate/]: Finished 'The textutils library -> textutils.unserializeJSON -> parses using NBT-style syntax -> suffixed numbers'
[13Jan.2024 07:34:01.469] [ForkJoinPool-1-worker-1/INFO] [dan200.computercraft.core.ComputerTestDelegate/]: Starting 'The textutils library -> textutils.unserializeJSON -> parses using NBT-style syntax -> basic objects'
[13Jan.2024 07:34:01.470] [ComputerCraft-Coroutine-1/INFO] [dan200.computercraft.core.ComputerTestDelegate/]: 'The textutils library -> textutils.unserializeJSON -> parses using NBT-style syntax -> basic objects' finished with pass
[13Jan.2024 07:34:01.470] [ForkJoinPool-1-worker-1/INFO] [dan200.computercraft.core.ComputerTestDelegate/]: Finished 'The textutils library -> textutils.unserializeJSON -> parses using NBT-style syntax -> basic objects'
[13Jan.2024 07:34:01.470] [ForkJoinPool-1-worker-1/INFO] [dan200.computercraft.core.ComputerTestDelegate/]: Starting 'The textutils library -> textutils.unserializeJSON -> parses using NBT-style syntax -> typed arrays'
[13Jan.2024 07:34:01.471] [ComputerCraft-Coroutine-1/INFO] [dan200.computercraft.core.ComputerTestDelegate/]: 'The textutils library -> textutils.unserializeJSON -> parses using NBT-style syntax -> typed arrays' finished with pass
[13Jan.2024 07:34:01.471] [ForkJoinPool-1-worker-1/INFO] [dan200.computercraft.core.ComputerTestDelegate/]: Finished 'The textutils library -> textutils.unserializeJSON -> parses using NBT-style syntax -> typed arrays'
[13Jan.2024 07:34:01.472] [ForkJoinPool-1-worker-1/INFO] [dan200.computercraft.core.ComputerTestDelegate/]: Starting 'The textutils library -> textutils.unserializeJSON -> parses -> null when parse_null is true'
[13Jan.2024 07:34:01.472] [ComputerCraft-Coroutine-1/INFO] [dan200.computercraft.core.ComputerTestDelegate/]: 'The textutils library -> textutils.unserializeJSON -> parses -> null when parse_null is true' finished with pass
[13Jan.2024 07:34:01.472] [ForkJoinPool-1-worker-1/INFO] [dan200.computercraft.core.ComputerTestDelegate/]: Finished 'The textutils library -> textutils.unserializeJSON -> parses -> null when parse_null is true'
[13Jan.2024 07:34:01.473] [ForkJoinPool-1-worker-1/INFO] [dan200.computercraft.core.ComputerTestDelegate/]: Starting 'The textutils library -> textutils.unserializeJSON -> parses -> an empty array when parse_empty_array is false'
[13Jan.2024 07:34:01.473] [ComputerCraft-Coroutine-1/INFO] [dan200.computercraft.core.ComputerTestDelegate/]: 'The textutils library -> textutils.unserializeJSON -> parses -> an empty array when parse_empty_array is false' finished with pass
[13Jan.2024 07:34:01.473] [ForkJoinPool-1-worker-1/INFO] [dan200.computercraft.core.ComputerTestDelegate/]: Finished 'The textutils library -> textutils.unserializeJSON -> parses -> an empty array when parse_empty_array is false'
[13Jan.2024 07:34:01.473] [ForkJoinPool-1-worker-1/INFO] [dan200.computercraft.core.ComputerTestDelegate/]: Starting 'The textutils library -> textutils.unserializeJSON -> parses -> null when parse_null is false'
[13Jan.2024 07:34:01.474] [ComputerCraft-Coroutine-1/INFO] [dan200.computercraft.core.ComputerTestDelegate/]: 'The textutils library -> textutils.unserializeJSON -> parses -> null when parse_null is false' finished with pass
[13Jan.2024 07:34:01.474] [ForkJoinPool-1-worker-1/INFO] [dan200.computercraft.core.ComputerTestDelegate/]: Finished 'The textutils library -> textutils.unserializeJSON -> parses -> null when parse_null is false'
[13Jan.2024 07:34:01.474] [ForkJoinPool-1-worker-1/INFO] [dan200.computercraft.core.ComputerTestDelegate/]: Starting 'The textutils library -> textutils.unserializeJSON -> parses -> basic objects'
[13Jan.2024 07:34:01.475] [ComputerCraft-Coroutine-1/INFO] [dan200.computercraft.core.ComputerTestDelegate/]: 'The textutils library -> textutils.unserializeJSON -> parses -> basic objects' finished with pass
[13Jan.2024 07:34:01.475] [ForkJoinPool-1-worker-1/INFO] [dan200.computercraft.core.ComputerTestDelegate/]: Finished 'The textutils library -> textutils.unserializeJSON -> parses -> basic objects'
[13Jan.2024 07:34:01.475] [ForkJoinPool-1-worker-1/INFO] [dan200.computercraft.core.ComputerTestDelegate/]: Starting 'The textutils library -> textutils.unserializeJSON -> parses -> an empty array when parse_empty_array is true'
[13Jan.2024 07:34:01.476] [ComputerCraft-Coroutine-1/INFO] [dan200.computercraft.core.ComputerTestDelegate/]: 'The textutils library -> textutils.unserializeJSON -> parses -> an empty array when parse_empty_array is true' finished with pass
[13Jan.2024 07:34:01.476] [ForkJoinPool-1-worker-1/INFO] [dan200.computercraft.core.ComputerTestDelegate/]: Finished 'The textutils library -> textutils.unserializeJSON -> parses -> an empty array when parse_empty_array is true'
[13Jan.2024 07:34:01.476] [ForkJoinPool-1-worker-1/INFO] [dan200.computercraft.core.ComputerTestDelegate/]: Starting 'The textutils library -> textutils.unserializeJSON -> parses -> a list of primitives'
[13Jan.2024 07:34:01.477] [ComputerCraft-Coroutine-1/INFO] [dan200.computercraft.core.ComputerTestDelegate/]: 'The textutils library -> textutils.unserializeJSON -> parses -> a list of primitives' finished with pass
[13Jan.2024 07:34:01.477] [ForkJoinPool-1-worker-1/INFO] [dan200.computercraft.core.ComputerTestDelegate/]: Finished 'The textutils library -> textutils.unserializeJSON -> parses -> a list of primitives'
[13Jan.2024 07:34:01.480] [ForkJoinPool-1-worker-1/INFO] [dan200.computercraft.core.ComputerTestDelegate/]: Starting 'The textutils library -> textutils.pagedTabulate -> validates arguments'
[13Jan.2024 07:34:01.482] [ComputerCraft-Coroutine-1/INFO] [dan200.computercraft.core.ComputerTestDelegate/]: 'The textutils library -> textutils.pagedTabulate -> validates arguments' finished with pass
[13Jan.2024 07:34:01.482] [ForkJoinPool-1-worker-1/INFO] [dan200.computercraft.core.ComputerTestDelegate/]: Finished 'The textutils library -> textutils.pagedTabulate -> validates arguments'
[13Jan.2024 07:34:01.482] [ForkJoinPool-1-worker-1/INFO] [dan200.computercraft.core.ComputerTestDelegate/]: Starting 'The textutils library -> textutils.serialise -> can emit in a compact form'
[13Jan.2024 07:34:01.483] [ComputerCraft-Coroutine-1/INFO] [dan200.computercraft.core.ComputerTestDelegate/]: 'The textutils library -> textutils.serialise -> can emit in a compact form' finished with pass
[13Jan.2024 07:34:01.483] [ForkJoinPool-1-worker-1/INFO] [dan200.computercraft.core.ComputerTestDelegate/]: Finished 'The textutils library -> textutils.serialise -> can emit in a compact form'
[13Jan.2024 07:34:01.484] [ForkJoinPool-1-worker-1/INFO] [dan200.computercraft.core.ComputerTestDelegate/]: Starting 'The textutils library -> textutils.serialise -> fails on recursive/repeated tables'
[13Jan.2024 07:34:01.484] [ComputerCraft-Coroutine-1/INFO] [dan200.computercraft.core.ComputerTestDelegate/]: 'The textutils library -> textutils.serialise -> fails on recursive/repeated tables' finished with pass
[13Jan.2024 07:34:01.484] [ForkJoinPool-1-worker-1/INFO] [dan200.computercraft.core.ComputerTestDelegate/]: Finished 'The textutils library -> textutils.serialise -> fails on recursive/repeated tables'
[13Jan.2024 07:34:01.485] [ForkJoinPool-1-worker-1/INFO] [dan200.computercraft.core.ComputerTestDelegate/]: Starting 'The textutils library -> textutils.serialise -> can allow repeated tables'
[13Jan.2024 07:34:01.485] [ComputerCraft-Coroutine-1/INFO] [dan200.computercraft.core.ComputerTestDelegate/]: 'The textutils library -> textutils.serialise -> can allow repeated tables' finished with pass
[13Jan.2024 07:34:01.486] [ForkJoinPool-1-worker-1/INFO] [dan200.computercraft.core.ComputerTestDelegate/]: Finished 'The textutils library -> textutils.serialise -> can allow repeated tables'
[13Jan.2024 07:34:01.486] [ForkJoinPool-1-worker-1/INFO] [dan200.computercraft.core.ComputerTestDelegate/]: Starting 'The textutils library -> textutils.serialise -> serialises basic tables'
[13Jan.2024 07:34:01.486] [ComputerCraft-Coroutine-1/INFO] [dan200.computercraft.core.ComputerTestDelegate/]: 'The textutils library -> textutils.serialise -> serialises basic tables' finished with pass
[13Jan.2024 07:34:01.487] [ForkJoinPool-1-worker-1/INFO] [dan200.computercraft.core.ComputerTestDelegate/]: Finished 'The textutils library -> textutils.serialise -> serialises basic tables'
[13Jan.2024 07:34:01.487] [ForkJoinPool-1-worker-1/INFO] [dan200.computercraft.core.ComputerTestDelegate/]: Starting 'The textutils library -> textutils.tabulate -> validates arguments'
[13Jan.2024 07:34:01.492] [ComputerCraft-Coroutine-1/INFO] [dan200.computercraft.core.ComputerTestDelegate/]: 'The textutils library -> textutils.tabulate -> validates arguments' finished with pass
[13Jan.2024 07:34:01.492] [ForkJoinPool-1-worker-1/INFO] [dan200.computercraft.core.ComputerTestDelegate/]: Finished 'The textutils library -> textutils.tabulate -> validates arguments'
[13Jan.2024 07:34:01.492] [ForkJoinPool-1-worker-1/INFO] [dan200.computercraft.core.ComputerTestDelegate/]: Starting 'The textutils library -> textutils.complete -> validates arguments'
[13Jan.2024 07:34:01.494] [ComputerCraft-Coroutine-1/INFO] [dan200.computercraft.core.ComputerTestDelegate/]: 'The textutils library -> textutils.complete -> validates arguments' finished with pass
[13Jan.2024 07:34:01.494] [ForkJoinPool-1-worker-1/INFO] [dan200.computercraft.core.ComputerTestDelegate/]: Finished 'The textutils library -> textutils.complete -> validates arguments'
[13Jan.2024 07:34:01.494] [ForkJoinPool-1-worker-1/INFO] [dan200.computercraft.core.ComputerTestDelegate/]: Starting 'The textutils library -> textutils.unserialise -> validates arguments'
[13Jan.2024 07:34:01.494] [ComputerCraft-Coroutine-1/INFO] [dan200.computercraft.core.ComputerTestDelegate/]: 'The textutils library -> textutils.unserialise -> validates arguments' finished with pass
[13Jan.2024 07:34:01.495] [ForkJoinPool-1-worker-1/INFO] [dan200.computercraft.core.ComputerTestDelegate/]: Finished 'The textutils library -> textutils.unserialise -> validates arguments'
[13Jan.2024 07:34:01.495] [ForkJoinPool-1-worker-1/INFO] [dan200.computercraft.core.ComputerTestDelegate/]: Starting 'The pastebin program -> displays its usage when given no arguments'
[13Jan.2024 07:34:01.497] [ComputerCraft-Coroutine-1/INFO] [dan200.computercraft.core.ComputerTestDelegate/]: 'The pastebin program -> displays its usage when given no arguments' finished with pass
[13Jan.2024 07:34:01.497] [ForkJoinPool-1-worker-1/INFO] [dan200.computercraft.core.ComputerTestDelegate/]: Finished 'The pastebin program -> displays its usage when given no arguments'
[13Jan.2024 07:34:01.497] [ForkJoinPool-1-worker-1/INFO] [dan200.computercraft.core.ComputerTestDelegate/]: Starting 'The pastebin program -> upload a not existing program to pastebin'
[13Jan.2024 07:34:01.498] [ComputerCraft-Coroutine-1/INFO] [dan200.computercraft.core.ComputerTestDelegate/]: 'The pastebin program -> upload a not existing program to pastebin' finished with pass
[13Jan.2024 07:34:01.499] [ForkJoinPool-1-worker-1/INFO] [dan200.computercraft.core.ComputerTestDelegate/]: Finished 'The pastebin program -> upload a not existing program to pastebin'
[13Jan.2024 07:34:01.499] [ForkJoinPool-1-worker-1/INFO] [dan200.computercraft.core.ComputerTestDelegate/]: Starting 'The pastebin program -> runs a program from the internet'
[13Jan.2024 07:34:01.500] [ComputerCraft-Coroutine-1/INFO] [dan200.computercraft.core.ComputerTestDelegate/]: 'The pastebin program -> runs a program from the internet' finished with pass
[13Jan.2024 07:34:01.500] [ForkJoinPool-1-worker-1/INFO] [dan200.computercraft.core.ComputerTestDelegate/]: Finished 'The pastebin program -> runs a program from the internet'
[13Jan.2024 07:34:01.501] [ForkJoinPool-1-worker-1/INFO] [dan200.computercraft.core.ComputerTestDelegate/]: Starting 'The pastebin program -> upload a program to pastebin'
[13Jan.2024 07:34:01.506] [ComputerCraft-Coroutine-1/INFO] [dan200.computercraft.core.ComputerTestDelegate/]: 'The pastebin program -> upload a program to pastebin' finished with pass
[13Jan.2024 07:34:01.506] [ForkJoinPool-1-worker-1/INFO] [dan200.computercraft.core.ComputerTestDelegate/]: Finished 'The pastebin program -> upload a program to pastebin'
[13Jan.2024 07:34:01.507] [ForkJoinPool-1-worker-1/INFO] [dan200.computercraft.core.ComputerTestDelegate/]: Starting 'The pastebin program -> can be completed'
[13Jan.2024 07:34:01.507] [ComputerCraft-Coroutine-1/INFO] [dan200.computercraft.core.ComputerTestDelegate/]: 'The pastebin program -> can be completed' finished with pass
[13Jan.2024 07:34:01.507] [ForkJoinPool-1-worker-1/INFO] [dan200.computercraft.core.ComputerTestDelegate/]: Finished 'The pastebin program -> can be completed'
[13Jan.2024 07:34:01.507] [ForkJoinPool-1-worker-1/INFO] [dan200.computercraft.core.ComputerTestDelegate/]: Starting 'The pastebin program -> downloads one file'
[13Jan.2024 07:34:01.509] [ComputerCraft-Coroutine-1/INFO] [dan200.computercraft.core.ComputerTestDelegate/]: 'The pastebin program -> downloads one file' finished with pass
[13Jan.2024 07:34:01.509] [ForkJoinPool-1-worker-1/INFO] [dan200.computercraft.core.ComputerTestDelegate/]: Finished 'The pastebin program -> downloads one file'
[13Jan.2024 07:34:01.510] [ForkJoinPool-1-worker-1/INFO] [dan200.computercraft.core.ComputerTestDelegate/]: Starting 'The help library -> help.lookup -> validates arguments'
[13Jan.2024 07:34:01.510] [ComputerCraft-Coroutine-1/INFO] [dan200.computercraft.core.ComputerTestDelegate/]: 'The help library -> help.lookup -> validates arguments' finished with pass
[13Jan.2024 07:34:01.510] [ForkJoinPool-1-worker-1/INFO] [dan200.computercraft.core.ComputerTestDelegate/]: Finished 'The help library -> help.lookup -> validates arguments'
[13Jan.2024 07:34:01.511] [ForkJoinPool-1-worker-1/INFO] [dan200.computercraft.core.ComputerTestDelegate/]: Starting 'The help library -> help.setPath -> validates arguments'
[13Jan.2024 07:34:01.511] [ComputerCraft-Coroutine-1/INFO] [dan200.computercraft.core.ComputerTestDelegate/]: 'The help library -> help.setPath -> validates arguments' finished with pass
[13Jan.2024 07:34:01.511] [ForkJoinPool-1-worker-1/INFO] [dan200.computercraft.core.ComputerTestDelegate/]: Finished 'The help library -> help.setPath -> validates arguments'
[13Jan.2024 07:34:01.512] [ForkJoinPool-1-worker-1/INFO] [dan200.computercraft.core.ComputerTestDelegate/]: Starting 'The help library -> help.completeTopic -> completes topics without extensions'
[13Jan.2024 07:34:01.520] [ComputerCraft-Coroutine-1/INFO] [dan200.computercraft.core.ComputerTestDelegate/]: 'The help library -> help.completeTopic -> completes topics without extensions' finished with pass
[13Jan.2024 07:34:01.520] [ForkJoinPool-1-worker-1/INFO] [dan200.computercraft.core.ComputerTestDelegate/]: Finished 'The help library -> help.completeTopic -> completes topics without extensions'
[13Jan.2024 07:34:01.522] [ForkJoinPool-1-worker-1/INFO] [dan200.computercraft.core.ComputerTestDelegate/]: Starting 'The help library -> help.completeTopic -> validates arguments'
[13Jan.2024 07:34:01.526] [ComputerCraft-Coroutine-1/INFO] [dan200.computercraft.core.ComputerTestDelegate/]: 'The help library -> help.completeTopic -> validates arguments' finished with pass
[13Jan.2024 07:34:01.526] [ForkJoinPool-1-worker-1/INFO] [dan200.computercraft.core.ComputerTestDelegate/]: Finished 'The help library -> help.completeTopic -> validates arguments'
[13Jan.2024 07:34:01.527] [ForkJoinPool-1-worker-1/INFO] [dan200.computercraft.core.ComputerTestDelegate/]: Starting 'The id program -> displays computer id'
[13Jan.2024 07:34:01.528] [ComputerCraft-Coroutine-1/INFO] [dan200.computercraft.core.ComputerTestDelegate/]: 'The id program -> displays computer id' finished with pass
[13Jan.2024 07:34:01.528] [ForkJoinPool-1-worker-1/INFO] [dan200.computercraft.core.ComputerTestDelegate/]: Finished 'The id program -> displays computer id'
[13Jan.2024 07:34:01.529] [ForkJoinPool-1-worker-1/INFO] [dan200.computercraft.core.ComputerTestDelegate/]: Starting 'The rename program -> can rename a file'
[13Jan.2024 07:34:01.534] [ComputerCraft-Coroutine-1/INFO] [dan200.computercraft.core.ComputerTestDelegate/]: 'The rename program -> can rename a file' finished with pass
[13Jan.2024 07:34:01.534] [ForkJoinPool-1-worker-1/INFO] [dan200.computercraft.core.ComputerTestDelegate/]: Finished 'The rename program -> can rename a file'
[13Jan.2024 07:34:01.535] [ForkJoinPool-1-worker-1/INFO] [dan200.computercraft.core.ComputerTestDelegate/]: Starting 'The rename program -> fails when overwriting an existing file'
[13Jan.2024 07:34:01.536] [ComputerCraft-Coroutine-1/INFO] [dan200.computercraft.core.ComputerTestDelegate/]: 'The rename program -> fails when overwriting an existing file' finished with pass
[13Jan.2024 07:34:01.536] [ForkJoinPool-1-worker-1/INFO] [dan200.computercraft.core.ComputerTestDelegate/]: Finished 'The rename program -> fails when overwriting an existing file'
[13Jan.2024 07:34:01.537] [ForkJoinPool-1-worker-1/INFO] [dan200.computercraft.core.ComputerTestDelegate/]: Starting 'The rename program -> fails when renaming mounts'
[13Jan.2024 07:34:01.538] [ComputerCraft-Coroutine-1/INFO] [dan200.computercraft.core.ComputerTestDelegate/]: 'The rename program -> fails when renaming mounts' finished with pass
[13Jan.2024 07:34:01.538] [ForkJoinPool-1-worker-1/INFO] [dan200.computercraft.core.ComputerTestDelegate/]: Finished 'The rename program -> fails when renaming mounts'
[13Jan.2024 07:34:01.539] [ForkJoinPool-1-worker-1/INFO] [dan200.computercraft.core.ComputerTestDelegate/]: Starting 'The rename program -> fails when renaming to read-only locations'
[13Jan.2024 07:34:01.540] [ComputerCraft-Coroutine-1/INFO] [dan200.computercraft.core.ComputerTestDelegate/]: 'The rename program -> fails when renaming to read-only locations' finished with pass
[13Jan.2024 07:34:01.540] [ForkJoinPool-1-worker-1/INFO] [dan200.computercraft.core.ComputerTestDelegate/]: Finished 'The rename program -> fails when renaming to read-only locations'
[13Jan.2024 07:34:01.541] [ForkJoinPool-1-worker-1/INFO] [dan200.computercraft.core.ComputerTestDelegate/]: Starting 'The rename program -> displays the usage when given no arguments'
[13Jan.2024 07:34:01.542] [ComputerCraft-Coroutine-1/INFO] [dan200.computercraft.core.ComputerTestDelegate/]: 'The rename program -> displays the usage when given no arguments' finished with pass
[13Jan.2024 07:34:01.542] [ForkJoinPool-1-worker-1/INFO] [dan200.computercraft.core.ComputerTestDelegate/]: Finished 'The rename program -> displays the usage when given no arguments'
[13Jan.2024 07:34:01.542] [ForkJoinPool-1-worker-1/INFO] [dan200.computercraft.core.ComputerTestDelegate/]: Starting 'The rename program -> fails when renaming a file which doesn't exist'
[13Jan.2024 07:34:01.543] [ComputerCraft-Coroutine-1/INFO] [dan200.computercraft.core.ComputerTestDelegate/]: 'The rename program -> fails when renaming a file which doesn't exist' finished with pass
[13Jan.2024 07:34:01.543] [ForkJoinPool-1-worker-1/INFO] [dan200.computercraft.core.ComputerTestDelegate/]: Finished 'The rename program -> fails when renaming a file which doesn't exist'
[13Jan.2024 07:34:01.543] [ForkJoinPool-1-worker-1/INFO] [dan200.computercraft.core.ComputerTestDelegate/]: Starting 'The rename program -> fails when renaming from read-only locations'
[13Jan.2024 07:34:01.544] [ComputerCraft-Coroutine-1/INFO] [dan200.computercraft.core.ComputerTestDelegate/]: 'The rename program -> fails when renaming from read-only locations' finished with pass
[13Jan.2024 07:34:01.544] [ForkJoinPool-1-worker-1/INFO] [dan200.computercraft.core.ComputerTestDelegate/]: Finished 'The rename program -> fails when renaming from read-only locations'
[13Jan.2024 07:34:01.545] [ForkJoinPool-1-worker-1/INFO] [dan200.computercraft.core.ComputerTestDelegate/]: Starting 'The move program -> move a file'
[13Jan.2024 07:34:01.547] [ComputerCraft-Coroutine-1/INFO] [dan200.computercraft.core.ComputerTestDelegate/]: 'The move program -> move a file' finished with pass
[13Jan.2024 07:34:01.547] [ForkJoinPool-1-worker-1/INFO] [dan200.computercraft.core.ComputerTestDelegate/]: Finished 'The move program -> move a file'
[13Jan.2024 07:34:01.547] [ForkJoinPool-1-worker-1/INFO] [dan200.computercraft.core.ComputerTestDelegate/]: Starting 'The move program -> fails when moving to read-only locations'
[13Jan.2024 07:34:01.548] [ComputerCraft-Coroutine-1/INFO] [dan200.computercraft.core.ComputerTestDelegate/]: 'The move program -> fails when moving to read-only locations' finished with pass
[13Jan.2024 07:34:01.548] [ForkJoinPool-1-worker-1/INFO] [dan200.computercraft.core.ComputerTestDelegate/]: Finished 'The move program -> fails when moving to read-only locations'
[13Jan.2024 07:34:01.549] [ForkJoinPool-1-worker-1/INFO] [dan200.computercraft.core.ComputerTestDelegate/]: Starting 'The move program -> displays the usage with no arguments'
[13Jan.2024 07:34:01.549] [ComputerCraft-Coroutine-1/INFO] [dan200.computercraft.core.ComputerTestDelegate/]: 'The move program -> displays the usage with no arguments' finished with pass
[13Jan.2024 07:34:01.550] [ForkJoinPool-1-worker-1/INFO] [dan200.computercraft.core.ComputerTestDelegate/]: Finished 'The move program -> displays the usage with no arguments'
[13Jan.2024 07:34:01.550] [ForkJoinPool-1-worker-1/INFO] [dan200.computercraft.core.ComputerTestDelegate/]: Starting 'The move program -> fails when moving mounts'
[13Jan.2024 07:34:01.551] [ComputerCraft-Coroutine-1/INFO] [dan200.computercraft.core.ComputerTestDelegate/]: 'The move program -> fails when moving mounts' finished with pass
[13Jan.2024 07:34:01.551] [ForkJoinPool-1-worker-1/INFO] [dan200.computercraft.core.ComputerTestDelegate/]: Finished 'The move program -> fails when moving mounts'
[13Jan.2024 07:34:01.551] [ForkJoinPool-1-worker-1/INFO] [dan200.computercraft.core.ComputerTestDelegate/]: Starting 'The move program -> fails when moving from read-only locations'
[13Jan.2024 07:34:01.552] [ComputerCraft-Coroutine-1/INFO] [dan200.computercraft.core.ComputerTestDelegate/]: 'The move program -> fails when moving from read-only locations' finished with pass
[13Jan.2024 07:34:01.552] [ForkJoinPool-1-worker-1/INFO] [dan200.computercraft.core.ComputerTestDelegate/]: Finished 'The move program -> fails when moving from read-only locations'
[13Jan.2024 07:34:01.553] [ForkJoinPool-1-worker-1/INFO] [dan200.computercraft.core.ComputerTestDelegate/]: Starting 'The move program -> moves a file to a directory'
[13Jan.2024 07:34:01.554] [ComputerCraft-Coroutine-1/INFO] [dan200.computercraft.core.ComputerTestDelegate/]: 'The move program -> moves a file to a directory' finished with pass
[13Jan.2024 07:34:01.554] [ForkJoinPool-1-worker-1/INFO] [dan200.computercraft.core.ComputerTestDelegate/]: Finished 'The move program -> moves a file to a directory'
[13Jan.2024 07:34:01.555] [ForkJoinPool-1-worker-1/INFO] [dan200.computercraft.core.ComputerTestDelegate/]: Starting 'The move program -> fails when overwriting an existing file'
[13Jan.2024 07:34:01.556] [ComputerCraft-Coroutine-1/INFO] [dan200.computercraft.core.ComputerTestDelegate/]: 'The move program -> fails when overwriting an existing file' finished with pass
[13Jan.2024 07:34:01.556] [ForkJoinPool-1-worker-1/INFO] [dan200.computercraft.core.ComputerTestDelegate/]: Finished 'The move program -> fails when overwriting an existing file'
[13Jan.2024 07:34:01.557] [ForkJoinPool-1-worker-1/INFO] [dan200.computercraft.core.ComputerTestDelegate/]: Starting 'The move program -> fails when moving a file multiple times'
[13Jan.2024 07:34:01.558] [ComputerCraft-Coroutine-1/INFO] [dan200.computercraft.core.ComputerTestDelegate/]: 'The move program -> fails when moving a file multiple times' finished with pass
[13Jan.2024 07:34:01.558] [ForkJoinPool-1-worker-1/INFO] [dan200.computercraft.core.ComputerTestDelegate/]: Finished 'The move program -> fails when moving a file multiple times'
[13Jan.2024 07:34:01.559] [ForkJoinPool-1-worker-1/INFO] [dan200.computercraft.core.ComputerTestDelegate/]: Starting 'The move program -> fails when moving a file which doesn't exist'
[13Jan.2024 07:34:01.560] [ComputerCraft-Coroutine-1/INFO] [dan200.computercraft.core.ComputerTestDelegate/]: 'The move program -> fails when moving a file which doesn't exist' finished with pass
[13Jan.2024 07:34:01.560] [ForkJoinPool-1-worker-1/INFO] [dan200.computercraft.core.ComputerTestDelegate/]: Finished 'The move program -> fails when moving a file which doesn't exist'
[13Jan.2024 07:34:01.560] [ForkJoinPool-1-worker-1/INFO] [dan200.computercraft.core.ComputerTestDelegate/]: Starting 'The redstone library -> redstone.getAnalogueOutput -> requires a specific side'
[13Jan.2024 07:34:01.563] [ComputerCraft-Coroutine-1/INFO] [dan200.computercraft.core.ComputerTestDelegate/]: 'The redstone library -> redstone.getAnalogueOutput -> requires a specific side' finished with pass
[13Jan.2024 07:34:01.563] [ForkJoinPool-1-worker-1/INFO] [dan200.computercraft.core.ComputerTestDelegate/]: Finished 'The redstone library -> redstone.getAnalogueOutput -> requires a specific side'
[13Jan.2024 07:34:01.564] [ForkJoinPool-1-worker-1/INFO] [dan200.computercraft.core.ComputerTestDelegate/]: Starting 'The redstone library -> redstone.getBundledOutput -> requires a specific side'
[13Jan.2024 07:34:01.564] [ComputerCraft-Coroutine-1/INFO] [dan200.computercraft.core.ComputerTestDelegate/]: 'The redstone library -> redstone.getBundledOutput -> requires a specific side' finished with pass
[13Jan.2024 07:34:01.564] [ForkJoinPool-1-worker-1/INFO] [dan200.computercraft.core.ComputerTestDelegate/]: Finished 'The redstone library -> redstone.getBundledOutput -> requires a specific side'
[13Jan.2024 07:34:01.565] [ForkJoinPool-1-worker-1/INFO] [dan200.computercraft.core.ComputerTestDelegate/]: Starting 'The redstone library -> redstone.setAnalogueOutput -> checks the strength parameter'
[13Jan.2024 07:34:01.566] [ComputerCraft-Coroutine-1/INFO] [dan200.computercraft.core.ComputerTestDelegate/]: 'The redstone library -> redstone.setAnalogueOutput -> checks the strength parameter' finished with pass
[13Jan.2024 07:34:01.566] [ForkJoinPool-1-worker-1/INFO] [dan200.computercraft.core.ComputerTestDelegate/]: Finished 'The redstone library -> redstone.setAnalogueOutput -> checks the strength parameter'
[13Jan.2024 07:34:01.566] [ForkJoinPool-1-worker-1/INFO] [dan200.computercraft.core.ComputerTestDelegate/]: Starting 'The redstone library -> redstone.setAnalogueOutput -> requires a specific side'
[13Jan.2024 07:34:01.567] [ComputerCraft-Coroutine-1/INFO] [dan200.computercraft.core.ComputerTestDelegate/]: 'The redstone library -> redstone.setAnalogueOutput -> requires a specific side' finished with pass
[13Jan.2024 07:34:01.567] [ForkJoinPool-1-worker-1/INFO] [dan200.computercraft.core.ComputerTestDelegate/]: Finished 'The redstone library -> redstone.setAnalogueOutput -> requires a specific side'
[13Jan.2024 07:34:01.567] [ForkJoinPool-1-worker-1/INFO] [dan200.computercraft.core.ComputerTestDelegate/]: Starting 'The redstone library -> redstone.testBundledInput -> requires a specific side'
[13Jan.2024 07:34:01.568] [ComputerCraft-Coroutine-1/INFO] [dan200.computercraft.core.ComputerTestDelegate/]: 'The redstone library -> redstone.testBundledInput -> requires a specific side' finished with pass
[13Jan.2024 07:34:01.568] [ForkJoinPool-1-worker-1/INFO] [dan200.computercraft.core.ComputerTestDelegate/]: Finished 'The redstone library -> redstone.testBundledInput -> requires a specific side'
[13Jan.2024 07:34:01.568] [ForkJoinPool-1-worker-1/INFO] [dan200.computercraft.core.ComputerTestDelegate/]: Starting 'The redstone library -> redstone.testBundledInput -> checks the mask parameter'
[13Jan.2024 07:34:01.569] [ComputerCraft-Coroutine-1/INFO] [dan200.computercraft.core.ComputerTestDelegate/]: 'The redstone library -> redstone.testBundledInput -> checks the mask parameter' finished with pass
[13Jan.2024 07:34:01.569] [ForkJoinPool-1-worker-1/INFO] [dan200.computercraft.core.ComputerTestDelegate/]: Finished 'The redstone library -> redstone.testBundledInput -> checks the mask parameter'
[13Jan.2024 07:34:01.569] [ForkJoinPool-1-worker-1/INFO] [dan200.computercraft.core.ComputerTestDelegate/]: Starting 'The redstone library -> redstone.getAnalogueInput -> requires a specific side'
[13Jan.2024 07:34:01.570] [ComputerCraft-Coroutine-1/INFO] [dan200.computercraft.core.ComputerTestDelegate/]: 'The redstone library -> redstone.getAnalogueInput -> requires a specific side' finished with pass
[13Jan.2024 07:34:01.570] [ForkJoinPool-1-worker-1/INFO] [dan200.computercraft.core.ComputerTestDelegate/]: Finished 'The redstone library -> redstone.getAnalogueInput -> requires a specific side'
[13Jan.2024 07:34:01.570] [ForkJoinPool-1-worker-1/INFO] [dan200.computercraft.core.ComputerTestDelegate/]: Starting 'The redstone library -> redstone.setOutput -> sets the output strength correctly'
[13Jan.2024 07:34:01.571] [ComputerCraft-Coroutine-1/INFO] [dan200.computercraft.core.ComputerTestDelegate/]: 'The redstone library -> redstone.setOutput -> sets the output strength correctly' finished with pass
[13Jan.2024 07:34:01.571] [ForkJoinPool-1-worker-1/INFO] [dan200.computercraft.core.ComputerTestDelegate/]: Finished 'The redstone library -> redstone.setOutput -> sets the output strength correctly'
[13Jan.2024 07:34:01.571] [ForkJoinPool-1-worker-1/INFO] [dan200.computercraft.core.ComputerTestDelegate/]: Starting 'The redstone library -> redstone.setOutput -> requires a specific side'
[13Jan.2024 07:34:01.571] [ComputerCraft-Coroutine-1/INFO] [dan200.computercraft.core.ComputerTestDelegate/]: 'The redstone library -> redstone.setOutput -> requires a specific side' finished with pass
[13Jan.2024 07:34:01.571] [ForkJoinPool-1-worker-1/INFO] [dan200.computercraft.core.ComputerTestDelegate/]: Finished 'The redstone library -> redstone.setOutput -> requires a specific side'
[13Jan.2024 07:34:01.572] [ForkJoinPool-1-worker-1/INFO] [dan200.computercraft.core.ComputerTestDelegate/]: Starting 'The redstone library -> redstone.setBundledOutput -> requires a specific side'
[13Jan.2024 07:34:01.572] [ComputerCraft-Coroutine-1/INFO] [dan200.computercraft.core.ComputerTestDelegate/]: 'The redstone library -> redstone.setBundledOutput -> requires a specific side' finished with pass
[13Jan.2024 07:34:01.572] [ForkJoinPool-1-worker-1/INFO] [dan200.computercraft.core.ComputerTestDelegate/]: Finished 'The redstone library -> redstone.setBundledOutput -> requires a specific side'
[13Jan.2024 07:34:01.573] [ForkJoinPool-1-worker-1/INFO] [dan200.computercraft.core.ComputerTestDelegate/]: Starting 'The redstone library -> redstone.setBundledOutput -> checks the mask parameter'
[13Jan.2024 07:34:01.574] [ComputerCraft-Coroutine-1/INFO] [dan200.computercraft.core.ComputerTestDelegate/]: 'The redstone library -> redstone.setBundledOutput -> checks the mask parameter' finished with pass
[13Jan.2024 07:34:01.574] [ForkJoinPool-1-worker-1/INFO] [dan200.computercraft.core.ComputerTestDelegate/]: Finished 'The redstone library -> redstone.setBundledOutput -> checks the mask parameter'
[13Jan.2024 07:34:01.574] [ForkJoinPool-1-worker-1/INFO] [dan200.computercraft.core.ComputerTestDelegate/]: Starting 'The redstone library -> redstone.getOutput -> gets the output strength correctly'
[13Jan.2024 07:34:01.574] [ComputerCraft-Coroutine-1/INFO] [dan200.computercraft.core.ComputerTestDelegate/]: 'The redstone library -> redstone.getOutput -> gets the output strength correctly' finished with pass
[13Jan.2024 07:34:01.574] [ForkJoinPool-1-worker-1/INFO] [dan200.computercraft.core.ComputerTestDelegate/]: Finished 'The redstone library -> redstone.getOutput -> gets the output strength correctly'
[13Jan.2024 07:34:01.575] [ForkJoinPool-1-worker-1/INFO] [dan200.computercraft.core.ComputerTestDelegate/]: Starting 'The redstone library -> redstone.getOutput -> requires a specific side'
[13Jan.2024 07:34:01.575] [ComputerCraft-Coroutine-1/INFO] [dan200.computercraft.core.ComputerTestDelegate/]: 'The redstone library -> redstone.getOutput -> requires a specific side' finished with pass
[13Jan.2024 07:34:01.575] [ForkJoinPool-1-worker-1/INFO] [dan200.computercraft.core.ComputerTestDelegate/]: Finished 'The redstone library -> redstone.getOutput -> requires a specific side'
[13Jan.2024 07:34:01.576] [ForkJoinPool-1-worker-1/INFO] [dan200.computercraft.core.ComputerTestDelegate/]: Starting 'The redstone library -> redstone.getBundledInput -> requires a specific side'
[13Jan.2024 07:34:01.576] [ComputerCraft-Coroutine-1/INFO] [dan200.computercraft.core.ComputerTestDelegate/]: 'The redstone library -> redstone.getBundledInput -> requires a specific side' finished with pass
[13Jan.2024 07:34:01.576] [ForkJoinPool-1-worker-1/INFO] [dan200.computercraft.core.ComputerTestDelegate/]: Finished 'The redstone library -> redstone.getBundledInput -> requires a specific side'
[13Jan.2024 07:34:01.577] [ForkJoinPool-1-worker-1/INFO] [dan200.computercraft.core.ComputerTestDelegate/]: Starting 'The redstone library -> redstone.getInput -> requires a specific side'
[13Jan.2024 07:34:01.577] [ComputerCraft-Coroutine-1/INFO] [dan200.computercraft.core.ComputerTestDelegate/]: 'The redstone library -> redstone.getInput -> requires a specific side' finished with pass
[13Jan.2024 07:34:01.577] [ForkJoinPool-1-worker-1/INFO] [dan200.computercraft.core.ComputerTestDelegate/]: Finished 'The redstone library -> redstone.getInput -> requires a specific side'
[13Jan.2024 07:34:01.578] [ForkJoinPool-1-worker-1/INFO] [dan200.computercraft.core.ComputerTestDelegate/]: Starting 'The set program -> checks the type of a setting'
[13Jan.2024 07:34:01.584] [ComputerCraft-Coroutine-1/INFO] [dan200.computercraft.core.ComputerTestDelegate/]: 'The set program -> checks the type of a setting' finished with pass
[13Jan.2024 07:34:01.584] [ForkJoinPool-1-worker-1/INFO] [dan200.computercraft.core.ComputerTestDelegate/]: Finished 'The set program -> checks the type of a setting'
[13Jan.2024 07:34:01.585] [ForkJoinPool-1-worker-1/INFO] [dan200.computercraft.core.ComputerTestDelegate/]: Starting 'The set program -> displays a single setting with description'
[13Jan.2024 07:34:01.588] [ComputerCraft-Coroutine-1/INFO] [dan200.computercraft.core.ComputerTestDelegate/]: 'The set program -> displays a single setting with description' finished with pass
[13Jan.2024 07:34:01.588] [ForkJoinPool-1-worker-1/INFO] [dan200.computercraft.core.ComputerTestDelegate/]: Finished 'The set program -> displays a single setting with description'
[13Jan.2024 07:34:01.588] [ForkJoinPool-1-worker-1/INFO] [dan200.computercraft.core.ComputerTestDelegate/]: Starting 'The set program -> set a setting'
[13Jan.2024 07:34:01.591] [ComputerCraft-Coroutine-1/INFO] [dan200.computercraft.core.ComputerTestDelegate/]: 'The set program -> set a setting' finished with pass
[13Jan.2024 07:34:01.592] [ForkJoinPool-1-worker-1/INFO] [dan200.computercraft.core.ComputerTestDelegate/]: Finished 'The set program -> set a setting'
[13Jan.2024 07:34:01.592] [ForkJoinPool-1-worker-1/INFO] [dan200.computercraft.core.ComputerTestDelegate/]: Starting 'The set program -> displays all settings'
[13Jan.2024 07:34:01.595] [ComputerCraft-Coroutine-1/INFO] [dan200.computercraft.core.ComputerTestDelegate/]: 'The set program -> displays all settings' finished with pass
[13Jan.2024 07:34:01.595] [ForkJoinPool-1-worker-1/INFO] [dan200.computercraft.core.ComputerTestDelegate/]: Finished 'The set program -> displays all settings'
[13Jan.2024 07:34:01.595] [ForkJoinPool-1-worker-1/INFO] [dan200.computercraft.core.ComputerTestDelegate/]: Starting 'The set program -> displays a single setting'
[13Jan.2024 07:34:01.598] [ComputerCraft-Coroutine-1/INFO] [dan200.computercraft.core.ComputerTestDelegate/]: 'The set program -> displays a single setting' finished with pass
[13Jan.2024 07:34:01.598] [ForkJoinPool-1-worker-1/INFO] [dan200.computercraft.core.ComputerTestDelegate/]: Finished 'The set program -> displays a single setting'
[13Jan.2024 07:34:01.599] [ForkJoinPool-1-worker-1/INFO] [dan200.computercraft.core.ComputerTestDelegate/]: Starting 'The set program -> displays a changed setting with description'
[13Jan.2024 07:34:01.602] [ComputerCraft-Coroutine-1/INFO] [dan200.computercraft.core.ComputerTestDelegate/]: 'The set program -> displays a changed setting with description' finished with pass
[13Jan.2024 07:34:01.602] [ForkJoinPool-1-worker-1/INFO] [dan200.computercraft.core.ComputerTestDelegate/]: Finished 'The set program -> displays a changed setting with description'
[13Jan.2024 07:34:01.602] [ForkJoinPool-1-worker-1/INFO] [dan200.computercraft.core.ComputerTestDelegate/]: Starting 'cc.completion -> peripheral -> provides a choice of peripherals'
[13Jan.2024 07:34:01.603] [ComputerCraft-Coroutine-1/INFO] [dan200.computercraft.core.ComputerTestDelegate/]: 'cc.completion -> peripheral -> provides a choice of peripherals' finished with pass
[13Jan.2024 07:34:01.603] [ForkJoinPool-1-worker-1/INFO] [dan200.computercraft.core.ComputerTestDelegate/]: Finished 'cc.completion -> peripheral -> provides a choice of peripherals'
[13Jan.2024 07:34:01.603] [ForkJoinPool-1-worker-1/INFO] [dan200.computercraft.core.ComputerTestDelegate/]: Starting 'cc.completion -> side -> provides a choice of sides'
[13Jan.2024 07:34:01.603] [ComputerCraft-Coroutine-1/INFO] [dan200.computercraft.core.ComputerTestDelegate/]: 'cc.completion -> side -> provides a choice of sides' finished with pass
[13Jan.2024 07:34:01.603] [ForkJoinPool-1-worker-1/INFO] [dan200.computercraft.core.ComputerTestDelegate/]: Finished 'cc.completion -> side -> provides a choice of sides'
[13Jan.2024 07:34:01.604] [ForkJoinPool-1-worker-1/INFO] [dan200.computercraft.core.ComputerTestDelegate/]: Starting 'cc.completion -> choice -> adds text if needed'
[13Jan.2024 07:34:01.604] [ComputerCraft-Coroutine-1/INFO] [dan200.computercraft.core.ComputerTestDelegate/]: 'cc.completion -> choice -> adds text if needed' finished with pass
[13Jan.2024 07:34:01.604] [ForkJoinPool-1-worker-1/INFO] [dan200.computercraft.core.ComputerTestDelegate/]: Finished 'cc.completion -> choice -> adds text if needed'
[13Jan.2024 07:34:01.604] [ForkJoinPool-1-worker-1/INFO] [dan200.computercraft.core.ComputerTestDelegate/]: Starting 'cc.completion -> choice -> provides a filtered list of choices'
[13Jan.2024 07:34:01.605] [ComputerCraft-Coroutine-1/INFO] [dan200.computercraft.core.ComputerTestDelegate/]: 'cc.completion -> choice -> provides a filtered list of choices' finished with pass
[13Jan.2024 07:34:01.605] [ForkJoinPool-1-worker-1/INFO] [dan200.computercraft.core.ComputerTestDelegate/]: Finished 'cc.completion -> choice -> provides a filtered list of choices'
[13Jan.2024 07:34:01.605] [ForkJoinPool-1-worker-1/INFO] [dan200.computercraft.core.ComputerTestDelegate/]: Starting 'cc.completion -> choice -> provides all choices'
[13Jan.2024 07:34:01.605] [ComputerCraft-Coroutine-1/INFO] [dan200.computercraft.core.ComputerTestDelegate/]: 'cc.completion -> choice -> provides all choices' finished with pass
[13Jan.2024 07:34:01.605] [ForkJoinPool-1-worker-1/INFO] [dan200.computercraft.core.ComputerTestDelegate/]: Finished 'cc.completion -> choice -> provides all choices'
[13Jan.2024 07:34:01.605] [ForkJoinPool-1-worker-1/INFO] [dan200.computercraft.core.ComputerTestDelegate/]: Starting 'cc.completion -> command -> provides a choice of command names'
[13Jan.2024 07:34:01.606] [ComputerCraft-Coroutine-1/INFO] [dan200.computercraft.core.ComputerTestDelegate/]: 'cc.completion -> command -> provides a choice of command names' finished with pass
[13Jan.2024 07:34:01.606] [ForkJoinPool-1-worker-1/INFO] [dan200.computercraft.core.ComputerTestDelegate/]: Finished 'cc.completion -> command -> provides a choice of command names'
[13Jan.2024 07:34:01.606] [ForkJoinPool-1-worker-1/INFO] [dan200.computercraft.core.ComputerTestDelegate/]: Starting 'cc.completion -> setting -> provides a choice of setting names'
[13Jan.2024 07:34:01.606] [ComputerCraft-Coroutine-1/INFO] [dan200.computercraft.core.ComputerTestDelegate/]: 'cc.completion -> setting -> provides a choice of setting names' finished with pass
[13Jan.2024 07:34:01.606] [ForkJoinPool-1-worker-1/INFO] [dan200.computercraft.core.ComputerTestDelegate/]: Finished 'cc.completion -> setting -> provides a choice of setting names'
[13Jan.2024 07:34:01.607] [ForkJoinPool-1-worker-1/INFO] [dan200.computercraft.core.ComputerTestDelegate/]: Starting 'The peripheral library -> peripheral.isPresent -> asserts the presence of local peripherals'
[13Jan.2024 07:34:01.607] [ComputerCraft-Coroutine-1/INFO] [dan200.computercraft.core.ComputerTestDelegate/]: 'The peripheral library -> peripheral.isPresent -> asserts the presence of local peripherals' finished with pass
[13Jan.2024 07:34:01.607] [ForkJoinPool-1-worker-1/INFO] [dan200.computercraft.core.ComputerTestDelegate/]: Finished 'The peripheral library -> peripheral.isPresent -> asserts the presence of local peripherals'
[13Jan.2024 07:34:01.607] [ForkJoinPool-1-worker-1/INFO] [dan200.computercraft.core.ComputerTestDelegate/]: Starting 'The peripheral library -> peripheral.isPresent -> asserts the presence of remote peripherals'
[13Jan.2024 07:34:01.608] [ComputerCraft-Coroutine-1/INFO] [dan200.computercraft.core.ComputerTestDelegate/]: 'The peripheral library -> peripheral.isPresent -> asserts the presence of remote peripherals' finished with pass
[13Jan.2024 07:34:01.608] [ForkJoinPool-1-worker-1/INFO] [dan200.computercraft.core.ComputerTestDelegate/]: Finished 'The peripheral library -> peripheral.isPresent -> asserts the presence of remote peripherals'
[13Jan.2024 07:34:01.608] [ForkJoinPool-1-worker-1/INFO] [dan200.computercraft.core.ComputerTestDelegate/]: Starting 'The peripheral library -> peripheral.isPresent -> validates arguments'
[13Jan.2024 07:34:01.609] [ComputerCraft-Coroutine-1/INFO] [dan200.computercraft.core.ComputerTestDelegate/]: 'The peripheral library -> peripheral.isPresent -> validates arguments' finished with pass
[13Jan.2024 07:34:01.609] [ForkJoinPool-1-worker-1/INFO] [dan200.computercraft.core.ComputerTestDelegate/]: Finished 'The peripheral library -> peripheral.isPresent -> validates arguments'
[13Jan.2024 07:34:01.609] [ForkJoinPool-1-worker-1/INFO] [dan200.computercraft.core.ComputerTestDelegate/]: Starting 'The peripheral library -> peripheral.getType -> can get the type of a remote peripheral'
[13Jan.2024 07:34:01.609] [ComputerCraft-Coroutine-1/INFO] [dan200.computercraft.core.ComputerTestDelegate/]: 'The peripheral library -> peripheral.getType -> can get the type of a remote peripheral' finished with pass
[13Jan.2024 07:34:01.609] [ForkJoinPool-1-worker-1/INFO] [dan200.computercraft.core.ComputerTestDelegate/]: Finished 'The peripheral library -> peripheral.getType -> can get the type of a remote peripheral'
[13Jan.2024 07:34:01.610] [ForkJoinPool-1-worker-1/INFO] [dan200.computercraft.core.ComputerTestDelegate/]: Starting 'The peripheral library -> peripheral.getType -> can get the type of a wrapped peripheral'
[13Jan.2024 07:34:01.610] [ComputerCraft-Coroutine-1/INFO] [dan200.computercraft.core.ComputerTestDelegate/]: 'The peripheral library -> peripheral.getType -> can get the type of a wrapped peripheral' finished with pass
[13Jan.2024 07:34:01.610] [ForkJoinPool-1-worker-1/INFO] [dan200.computercraft.core.ComputerTestDelegate/]: Finished 'The peripheral library -> peripheral.getType -> can get the type of a wrapped peripheral'
[13Jan.2024 07:34:01.610] [ForkJoinPool-1-worker-1/INFO] [dan200.computercraft.core.ComputerTestDelegate/]: Starting 'The peripheral library -> peripheral.getType -> returns nil when no peripheral is present'
[13Jan.2024 07:34:01.611] [ComputerCraft-Coroutine-1/INFO] [dan200.computercraft.core.ComputerTestDelegate/]: 'The peripheral library -> peripheral.getType -> returns nil when no peripheral is present' finished with pass
[13Jan.2024 07:34:01.611] [ForkJoinPool-1-worker-1/INFO] [dan200.computercraft.core.ComputerTestDelegate/]: Finished 'The peripheral library -> peripheral.getType -> returns nil when no peripheral is present'
[13Jan.2024 07:34:01.611] [ForkJoinPool-1-worker-1/INFO] [dan200.computercraft.core.ComputerTestDelegate/]: Starting 'The peripheral library -> peripheral.getType -> can return multiple types'
[13Jan.2024 07:34:01.612] [ComputerCraft-Coroutine-1/INFO] [dan200.computercraft.core.ComputerTestDelegate/]: 'The peripheral library -> peripheral.getType -> can return multiple types' finished with pass
[13Jan.2024 07:34:01.612] [ForkJoinPool-1-worker-1/INFO] [dan200.computercraft.core.ComputerTestDelegate/]: Finished 'The peripheral library -> peripheral.getType -> can return multiple types'
[13Jan.2024 07:34:01.612] [ForkJoinPool-1-worker-1/INFO] [dan200.computercraft.core.ComputerTestDelegate/]: Starting 'The peripheral library -> peripheral.getType -> validates arguments'
[13Jan.2024 07:34:01.614] [ComputerCraft-Coroutine-1/INFO] [dan200.computercraft.core.ComputerTestDelegate/]: 'The peripheral library -> peripheral.getType -> validates arguments' finished with pass
[13Jan.2024 07:34:01.614] [ForkJoinPool-1-worker-1/INFO] [dan200.computercraft.core.ComputerTestDelegate/]: Finished 'The peripheral library -> peripheral.getType -> validates arguments'
[13Jan.2024 07:34:01.614] [ForkJoinPool-1-worker-1/INFO] [dan200.computercraft.core.ComputerTestDelegate/]: Starting 'The peripheral library -> peripheral.getType -> can get the type of a local peripheral'
[13Jan.2024 07:34:01.615] [ComputerCraft-Coroutine-1/INFO] [dan200.computercraft.core.ComputerTestDelegate/]: 'The peripheral library -> peripheral.getType -> can get the type of a local peripheral' finished with pass
[13Jan.2024 07:34:01.615] [ForkJoinPool-1-worker-1/INFO] [dan200.computercraft.core.ComputerTestDelegate/]: Finished 'The peripheral library -> peripheral.getType -> can get the type of a local peripheral'
[13Jan.2024 07:34:01.615] [ForkJoinPool-1-worker-1/INFO] [dan200.computercraft.core.ComputerTestDelegate/]: Starting 'The peripheral library -> peripheral.find -> validates arguments'
[13Jan.2024 07:34:01.617] [ComputerCraft-Coroutine-1/INFO] [dan200.computercraft.core.ComputerTestDelegate/]: 'The peripheral library -> peripheral.find -> validates arguments' finished with pass
[13Jan.2024 07:34:01.617] [ForkJoinPool-1-worker-1/INFO] [dan200.computercraft.core.ComputerTestDelegate/]: Finished 'The peripheral library -> peripheral.find -> validates arguments'
[13Jan.2024 07:34:01.618] [ForkJoinPool-1-worker-1/INFO] [dan200.computercraft.core.ComputerTestDelegate/]: Starting 'The peripheral library -> peripheral.find -> finds a local peripheral'
[13Jan.2024 07:34:01.618] [ComputerCraft-Coroutine-1/INFO] [dan200.computercraft.core.ComputerTestDelegate/]: 'The peripheral library -> peripheral.find -> finds a local peripheral' finished with pass
[13Jan.2024 07:34:01.619] [ForkJoinPool-1-worker-1/INFO] [dan200.computercraft.core.ComputerTestDelegate/]: Finished 'The peripheral library -> peripheral.find -> finds a local peripheral'
[13Jan.2024 07:34:01.619] [ForkJoinPool-1-worker-1/INFO] [dan200.computercraft.core.ComputerTestDelegate/]: Starting 'The peripheral library -> peripheral.getName -> can get the name of a fake peripheral'
[13Jan.2024 07:34:01.620] [ComputerCraft-Coroutine-1/INFO] [dan200.computercraft.core.ComputerTestDelegate/]: 'The peripheral library -> peripheral.getName -> can get the name of a fake peripheral' finished with pass
[13Jan.2024 07:34:01.620] [ForkJoinPool-1-worker-1/INFO] [dan200.computercraft.core.ComputerTestDelegate/]: Finished 'The peripheral library -> peripheral.getName -> can get the name of a fake peripheral'
[13Jan.2024 07:34:01.621] [ForkJoinPool-1-worker-1/INFO] [dan200.computercraft.core.ComputerTestDelegate/]: Starting 'The peripheral library -> peripheral.getName -> validates arguments'
[13Jan.2024 07:34:01.622] [ComputerCraft-Coroutine-1/INFO] [dan200.computercraft.core.ComputerTestDelegate/]: 'The peripheral library -> peripheral.getName -> validates arguments' finished with pass
[13Jan.2024 07:34:01.622] [ForkJoinPool-1-worker-1/INFO] [dan200.computercraft.core.ComputerTestDelegate/]: Finished 'The peripheral library -> peripheral.getName -> validates arguments'
[13Jan.2024 07:34:01.622] [ForkJoinPool-1-worker-1/INFO] [dan200.computercraft.core.ComputerTestDelegate/]: Starting 'The peripheral library -> peripheral.getName -> can get the name of a wrapped peripheral'
[13Jan.2024 07:34:01.623] [ComputerCraft-Coroutine-1/INFO] [dan200.computercraft.core.ComputerTestDelegate/]: 'The peripheral library -> peripheral.getName -> can get the name of a wrapped peripheral' finished with pass
[13Jan.2024 07:34:01.623] [ForkJoinPool-1-worker-1/INFO] [dan200.computercraft.core.ComputerTestDelegate/]: Finished 'The peripheral library -> peripheral.getName -> can get the name of a wrapped peripheral'
[13Jan.2024 07:34:01.624] [ForkJoinPool-1-worker-1/INFO] [dan200.computercraft.core.ComputerTestDelegate/]: Starting 'The peripheral library -> peripheral.wrap -> wraps a local peripheral'
[13Jan.2024 07:34:01.625] [ComputerCraft-Coroutine-1/INFO] [dan200.computercraft.core.ComputerTestDelegate/]: 'The peripheral library -> peripheral.wrap -> wraps a local peripheral' finished with pass
[13Jan.2024 07:34:01.625] [ForkJoinPool-1-worker-1/INFO] [dan200.computercraft.core.ComputerTestDelegate/]: Finished 'The peripheral library -> peripheral.wrap -> wraps a local peripheral'
[13Jan.2024 07:34:01.625] [ForkJoinPool-1-worker-1/INFO] [dan200.computercraft.core.ComputerTestDelegate/]: Starting 'The peripheral library -> peripheral.wrap -> validates arguments'
[13Jan.2024 07:34:01.626] [ComputerCraft-Coroutine-1/INFO] [dan200.computercraft.core.ComputerTestDelegate/]: 'The peripheral library -> peripheral.wrap -> validates arguments' finished with pass
[13Jan.2024 07:34:01.626] [ForkJoinPool-1-worker-1/INFO] [dan200.computercraft.core.ComputerTestDelegate/]: Finished 'The peripheral library -> peripheral.wrap -> validates arguments'
[13Jan.2024 07:34:01.626] [ForkJoinPool-1-worker-1/INFO] [dan200.computercraft.core.ComputerTestDelegate/]: Starting 'The peripheral library -> peripheral.wrap -> wraps a remote peripheral'
[13Jan.2024 07:34:01.626] [ComputerCraft-Coroutine-1/INFO] [dan200.computercraft.core.ComputerTestDelegate/]: 'The peripheral library -> peripheral.wrap -> wraps a remote peripheral' finished with pass
[13Jan.2024 07:34:01.626] [ForkJoinPool-1-worker-1/INFO] [dan200.computercraft.core.ComputerTestDelegate/]: Finished 'The peripheral library -> peripheral.wrap -> wraps a remote peripheral'
[13Jan.2024 07:34:01.627] [ForkJoinPool-1-worker-1/INFO] [dan200.computercraft.core.ComputerTestDelegate/]: Starting 'The peripheral library -> peripheral.hasType -> returns nil when no peripherals are present'
[13Jan.2024 07:34:01.627] [ComputerCraft-Coroutine-1/INFO] [dan200.computercraft.core.ComputerTestDelegate/]: 'The peripheral library -> peripheral.hasType -> returns nil when no peripherals are present' finished with pass
[13Jan.2024 07:34:01.627] [ForkJoinPool-1-worker-1/INFO] [dan200.computercraft.core.ComputerTestDelegate/]: Finished 'The peripheral library -> peripheral.hasType -> returns nil when no peripherals are present'
[13Jan.2024 07:34:01.628] [ForkJoinPool-1-worker-1/INFO] [dan200.computercraft.core.ComputerTestDelegate/]: Starting 'The peripheral library -> peripheral.hasType -> can check the type of a wrapped peripheral (true)'
[13Jan.2024 07:34:01.628] [ComputerCraft-Coroutine-1/INFO] [dan200.computercraft.core.ComputerTestDelegate/]: 'The peripheral library -> peripheral.hasType -> can check the type of a wrapped peripheral (true)' finished with pass
[13Jan.2024 07:34:01.628] [ForkJoinPool-1-worker-1/INFO] [dan200.computercraft.core.ComputerTestDelegate/]: Finished 'The peripheral library -> peripheral.hasType -> can check the type of a wrapped peripheral (true)'
[13Jan.2024 07:34:01.628] [ForkJoinPool-1-worker-1/INFO] [dan200.computercraft.core.ComputerTestDelegate/]: Starting 'The peripheral library -> peripheral.hasType -> can check type of a remote peripheral'
[13Jan.2024 07:34:01.629] [ComputerCraft-Coroutine-1/INFO] [dan200.computercraft.core.ComputerTestDelegate/]: 'The peripheral library -> peripheral.hasType -> can check type of a remote peripheral' finished with pass
[13Jan.2024 07:34:01.629] [ForkJoinPool-1-worker-1/INFO] [dan200.computercraft.core.ComputerTestDelegate/]: Finished 'The peripheral library -> peripheral.hasType -> can check type of a remote peripheral'
[13Jan.2024 07:34:01.629] [ForkJoinPool-1-worker-1/INFO] [dan200.computercraft.core.ComputerTestDelegate/]: Starting 'The peripheral library -> peripheral.hasType -> validates arguments'
[13Jan.2024 07:34:01.630] [ComputerCraft-Coroutine-1/INFO] [dan200.computercraft.core.ComputerTestDelegate/]: 'The peripheral library -> peripheral.hasType -> validates arguments' finished with pass
[13Jan.2024 07:34:01.630] [ForkJoinPool-1-worker-1/INFO] [dan200.computercraft.core.ComputerTestDelegate/]: Finished 'The peripheral library -> peripheral.hasType -> validates arguments'
[13Jan.2024 07:34:01.630] [ForkJoinPool-1-worker-1/INFO] [dan200.computercraft.core.ComputerTestDelegate/]: Starting 'The peripheral library -> peripheral.hasType -> can check type of a peripheral by side'
[13Jan.2024 07:34:01.631] [ComputerCraft-Coroutine-1/INFO] [dan200.computercraft.core.ComputerTestDelegate/]: 'The peripheral library -> peripheral.hasType -> can check type of a peripheral by side' finished with pass
[13Jan.2024 07:34:01.631] [ForkJoinPool-1-worker-1/INFO] [dan200.computercraft.core.ComputerTestDelegate/]: Finished 'The peripheral library -> peripheral.hasType -> can check type of a peripheral by side'
[13Jan.2024 07:34:01.631] [ForkJoinPool-1-worker-1/INFO] [dan200.computercraft.core.ComputerTestDelegate/]: Starting 'The peripheral library -> peripheral.hasType -> can check the type of a wrapped peripheral (fake)'
[13Jan.2024 07:34:01.631] [ComputerCraft-Coroutine-1/INFO] [dan200.computercraft.core.ComputerTestDelegate/]: 'The peripheral library -> peripheral.hasType -> can check the type of a wrapped peripheral (fake)' finished with pass
[13Jan.2024 07:34:01.631] [ForkJoinPool-1-worker-1/INFO] [dan200.computercraft.core.ComputerTestDelegate/]: Finished 'The peripheral library -> peripheral.hasType -> can check the type of a wrapped peripheral (fake)'
[13Jan.2024 07:34:01.632] [ForkJoinPool-1-worker-1/INFO] [dan200.computercraft.core.ComputerTestDelegate/]: Starting 'The peripheral library -> peripheral.getMethods -> validates arguments'
[13Jan.2024 07:34:01.632] [ComputerCraft-Coroutine-1/INFO] [dan200.computercraft.core.ComputerTestDelegate/]: 'The peripheral library -> peripheral.getMethods -> validates arguments' finished with pass
[13Jan.2024 07:34:01.632] [ForkJoinPool-1-worker-1/INFO] [dan200.computercraft.core.ComputerTestDelegate/]: Finished 'The peripheral library -> peripheral.getMethods -> validates arguments'
[13Jan.2024 07:34:01.633] [ForkJoinPool-1-worker-1/INFO] [dan200.computercraft.core.ComputerTestDelegate/]: Starting 'The peripheral library -> peripheral.call -> has the correct error location'
[13Jan.2024 07:34:01.633] [ComputerCraft-Coroutine-1/INFO] [dan200.computercraft.core.ComputerTestDelegate/]: 'The peripheral library -> peripheral.call -> has the correct error location' finished with pass
[13Jan.2024 07:34:01.634] [ForkJoinPool-1-worker-1/INFO] [dan200.computercraft.core.ComputerTestDelegate/]: Finished 'The peripheral library -> peripheral.call -> has the correct error location'
[13Jan.2024 07:34:01.634] [ForkJoinPool-1-worker-1/INFO] [dan200.computercraft.core.ComputerTestDelegate/]: Starting 'The peripheral library -> peripheral.call -> validates arguments'
[13Jan.2024 07:34:01.634] [ComputerCraft-Coroutine-1/INFO] [dan200.computercraft.core.ComputerTestDelegate/]: 'The peripheral library -> peripheral.call -> validates arguments' finished with pass
[13Jan.2024 07:34:01.634] [ForkJoinPool-1-worker-1/INFO] [dan200.computercraft.core.ComputerTestDelegate/]: Finished 'The peripheral library -> peripheral.call -> validates arguments'
[13Jan.2024 07:34:01.635] [ForkJoinPool-1-worker-1/INFO] [dan200.computercraft.core.ComputerTestDelegate/]: Starting 'The keys library -> keys.getName -> validates arguments'
[13Jan.2024 07:34:01.635] [ComputerCraft-Coroutine-1/INFO] [dan200.computercraft.core.ComputerTestDelegate/]: 'The keys library -> keys.getName -> validates arguments' finished with pass
[13Jan.2024 07:34:01.635] [ForkJoinPool-1-worker-1/INFO] [dan200.computercraft.core.ComputerTestDelegate/]: Finished 'The keys library -> keys.getName -> validates arguments'
[13Jan.2024 07:34:01.636] [ForkJoinPool-1-worker-1/INFO] [dan200.computercraft.core.ComputerTestDelegate/]: Starting 'The copy program -> fails when copying into read-only locations'
[13Jan.2024 07:34:01.637] [ComputerCraft-Coroutine-1/INFO] [dan200.computercraft.core.ComputerTestDelegate/]: 'The copy program -> fails when copying into read-only locations' finished with pass
[13Jan.2024 07:34:01.637] [ForkJoinPool-1-worker-1/INFO] [dan200.computercraft.core.ComputerTestDelegate/]: Finished 'The copy program -> fails when copying into read-only locations'
[13Jan.2024 07:34:01.638] [ForkJoinPool-1-worker-1/INFO] [dan200.computercraft.core.ComputerTestDelegate/]: Starting 'The copy program -> fails when overwriting an existing file'
[13Jan.2024 07:34:01.639] [ComputerCraft-Coroutine-1/INFO] [dan200.computercraft.core.ComputerTestDelegate/]: 'The copy program -> fails when overwriting an existing file' finished with pass
[13Jan.2024 07:34:01.639] [ForkJoinPool-1-worker-1/INFO] [dan200.computercraft.core.ComputerTestDelegate/]: Finished 'The copy program -> fails when overwriting an existing file'
[13Jan.2024 07:34:01.639] [ForkJoinPool-1-worker-1/INFO] [dan200.computercraft.core.ComputerTestDelegate/]: Starting 'The copy program -> fails when copying a non-existent file'
[13Jan.2024 07:34:01.640] [ComputerCraft-Coroutine-1/INFO] [dan200.computercraft.core.ComputerTestDelegate/]: 'The copy program -> fails when copying a non-existent file' finished with pass
[13Jan.2024 07:34:01.640] [ForkJoinPool-1-worker-1/INFO] [dan200.computercraft.core.ComputerTestDelegate/]: Finished 'The copy program -> fails when copying a non-existent file'
[13Jan.2024 07:34:01.640] [ForkJoinPool-1-worker-1/INFO] [dan200.computercraft.core.ComputerTestDelegate/]: Starting 'The copy program -> displays the usage when given no arguments'
[13Jan.2024 07:34:01.641] [ComputerCraft-Coroutine-1/INFO] [dan200.computercraft.core.ComputerTestDelegate/]: 'The copy program -> displays the usage when given no arguments' finished with pass
[13Jan.2024 07:34:01.641] [ForkJoinPool-1-worker-1/INFO] [dan200.computercraft.core.ComputerTestDelegate/]: Finished 'The copy program -> displays the usage when given no arguments'
[13Jan.2024 07:34:01.641] [ForkJoinPool-1-worker-1/INFO] [dan200.computercraft.core.ComputerTestDelegate/]: Starting 'The copy program -> copies a file'
[13Jan.2024 07:34:01.642] [ComputerCraft-Coroutine-1/INFO] [dan200.computercraft.core.ComputerTestDelegate/]: 'The copy program -> copies a file' finished with pass
[13Jan.2024 07:34:01.642] [ForkJoinPool-1-worker-1/INFO] [dan200.computercraft.core.ComputerTestDelegate/]: Finished 'The copy program -> copies a file'
[13Jan.2024 07:34:01.643] [ForkJoinPool-1-worker-1/INFO] [dan200.computercraft.core.ComputerTestDelegate/]: Starting 'The list program -> fails on a non-existent directory'
[13Jan.2024 07:34:01.643] [ComputerCraft-Coroutine-1/INFO] [dan200.computercraft.core.ComputerTestDelegate/]: 'The list program -> fails on a non-existent directory' finished with pass
[13Jan.2024 07:34:01.644] [ForkJoinPool-1-worker-1/INFO] [dan200.computercraft.core.ComputerTestDelegate/]: Finished 'The list program -> fails on a non-existent directory'
[13Jan.2024 07:34:01.644] [ForkJoinPool-1-worker-1/INFO] [dan200.computercraft.core.ComputerTestDelegate/]: Starting 'The list program -> lists files'
[13Jan.2024 07:34:01.647] [ComputerCraft-Coroutine-1/INFO] [dan200.computercraft.core.ComputerTestDelegate/]: 'The list program -> lists files' finished with pass
[13Jan.2024 07:34:01.647] [ForkJoinPool-1-worker-1/INFO] [dan200.computercraft.core.ComputerTestDelegate/]: Finished 'The list program -> lists files'
[13Jan.2024 07:34:01.648] [ForkJoinPool-1-worker-1/INFO] [dan200.computercraft.core.ComputerTestDelegate/]: Starting 'The list program -> fails on a file'
[13Jan.2024 07:34:01.649] [ComputerCraft-Coroutine-1/INFO] [dan200.computercraft.core.ComputerTestDelegate/]: 'The list program -> fails on a file' finished with pass
[13Jan.2024 07:34:01.649] [ForkJoinPool-1-worker-1/INFO] [dan200.computercraft.core.ComputerTestDelegate/]: Finished 'The list program -> fails on a file'
[13Jan.2024 07:34:01.649] [ForkJoinPool-1-worker-1/INFO] [dan200.computercraft.core.ComputerTestDelegate/]: Starting 'cc.shell.completion -> build -> supports variadic completions'
[13Jan.2024 07:34:01.650] [ComputerCraft-Coroutine-1/INFO] [dan200.computercraft.core.ComputerTestDelegate/]: 'cc.shell.completion -> build -> supports variadic completions' finished with pass
[13Jan.2024 07:34:01.650] [ForkJoinPool-1-worker-1/INFO] [dan200.computercraft.core.ComputerTestDelegate/]: Finished 'cc.shell.completion -> build -> supports variadic completions'
[13Jan.2024 07:34:01.650] [ForkJoinPool-1-worker-1/INFO] [dan200.computercraft.core.ComputerTestDelegate/]: Starting 'cc.shell.completion -> build -> completes multiple arguments'
[13Jan.2024 07:34:01.651] [ComputerCraft-Coroutine-1/INFO] [dan200.computercraft.core.ComputerTestDelegate/]: 'cc.shell.completion -> build -> completes multiple arguments' finished with pass
[13Jan.2024 07:34:01.651] [ForkJoinPool-1-worker-1/INFO] [dan200.computercraft.core.ComputerTestDelegate/]: Finished 'cc.shell.completion -> build -> completes multiple arguments'
[13Jan.2024 07:34:01.651] [ForkJoinPool-1-worker-1/INFO] [dan200.computercraft.core.ComputerTestDelegate/]: Starting 'cc.shell.completion -> program -> completes programs'
[13Jan.2024 07:34:01.652] [ComputerCraft-Coroutine-1/INFO] [dan200.computercraft.core.ComputerTestDelegate/]: 'cc.shell.completion -> program -> completes programs' finished with pass
[13Jan.2024 07:34:01.652] [ForkJoinPool-1-worker-1/INFO] [dan200.computercraft.core.ComputerTestDelegate/]: Finished 'cc.shell.completion -> program -> completes programs'
[13Jan.2024 07:34:01.652] [ForkJoinPool-1-worker-1/INFO] [dan200.computercraft.core.ComputerTestDelegate/]: Starting 'cc.shell.completion -> programWithArgs -> completes program arguments'
[13Jan.2024 07:34:01.653] [ComputerCraft-Coroutine-1/INFO] [dan200.computercraft.core.ComputerTestDelegate/]: 'cc.shell.completion -> programWithArgs -> completes program arguments' finished with pass
[13Jan.2024 07:34:01.653] [ForkJoinPool-1-worker-1/INFO] [dan200.computercraft.core.ComputerTestDelegate/]: Finished 'cc.shell.completion -> programWithArgs -> completes program arguments'
[13Jan.2024 07:34:01.653] [ForkJoinPool-1-worker-1/INFO] [dan200.computercraft.core.ComputerTestDelegate/]: Starting 'cc.shell.completion -> programWithArgs -> completes program name'
[13Jan.2024 07:34:01.654] [ComputerCraft-Coroutine-1/INFO] [dan200.computercraft.core.ComputerTestDelegate/]: 'cc.shell.completion -> programWithArgs -> completes program name' finished with pass
[13Jan.2024 07:34:01.654] [ForkJoinPool-1-worker-1/INFO] [dan200.computercraft.core.ComputerTestDelegate/]: Finished 'cc.shell.completion -> programWithArgs -> completes program name'
[13Jan.2024 07:34:01.654] [ForkJoinPool-1-worker-1/INFO] [dan200.computercraft.core.ComputerTestDelegate/]: Starting 'cc.shell.completion -> dirOrFile -> adds a space'
[13Jan.2024 07:34:01.655] [ComputerCraft-Coroutine-1/INFO] [dan200.computercraft.core.ComputerTestDelegate/]: 'cc.shell.completion -> dirOrFile -> adds a space' finished with pass
[13Jan.2024 07:34:01.655] [ForkJoinPool-1-worker-1/INFO] [dan200.computercraft.core.ComputerTestDelegate/]: Finished 'cc.shell.completion -> dirOrFile -> adds a space'
[13Jan.2024 07:34:01.655] [ForkJoinPool-1-worker-1/INFO] [dan200.computercraft.core.ComputerTestDelegate/]: Starting 'cc.shell.completion -> dirOrFile -> completes both'
[13Jan.2024 07:34:01.656] [ComputerCraft-Coroutine-1/INFO] [dan200.computercraft.core.ComputerTestDelegate/]: 'cc.shell.completion -> dirOrFile -> completes both' finished with pass
[13Jan.2024 07:34:01.656] [ForkJoinPool-1-worker-1/INFO] [dan200.computercraft.core.ComputerTestDelegate/]: Finished 'cc.shell.completion -> dirOrFile -> completes both'
[13Jan.2024 07:34:01.656] [ForkJoinPool-1-worker-1/INFO] [dan200.computercraft.core.ComputerTestDelegate/]: Starting 'The settings library -> settings.getDetails -> works on defined but unset values'
[13Jan.2024 07:34:01.657] [ComputerCraft-Coroutine-1/INFO] [dan200.computercraft.core.ComputerTestDelegate/]: 'The settings library -> settings.getDetails -> works on defined but unset values' finished with pass
[13Jan.2024 07:34:01.657] [ForkJoinPool-1-worker-1/INFO] [dan200.computercraft.core.ComputerTestDelegate/]: Finished 'The settings library -> settings.getDetails -> works on defined but unset values'
[13Jan.2024 07:34:01.657] [ForkJoinPool-1-worker-1/INFO] [dan200.computercraft.core.ComputerTestDelegate/]: Starting 'The settings library -> settings.getDetails -> works on undefined but set values'
[13Jan.2024 07:34:01.657] [ComputerCraft-Coroutine-1/INFO] [dan200.computercraft.core.ComputerTestDelegate/]: 'The settings library -> settings.getDetails -> works on undefined but set values' finished with pass
[13Jan.2024 07:34:01.657] [ForkJoinPool-1-worker-1/INFO] [dan200.computercraft.core.ComputerTestDelegate/]: Finished 'The settings library -> settings.getDetails -> works on undefined but set values'
[13Jan.2024 07:34:01.657] [ForkJoinPool-1-worker-1/INFO] [dan200.computercraft.core.ComputerTestDelegate/]: Starting 'The settings library -> settings.getDetails -> works on undefined and unset values'
[13Jan.2024 07:34:01.658] [ComputerCraft-Coroutine-1/INFO] [dan200.computercraft.core.ComputerTestDelegate/]: 'The settings library -> settings.getDetails -> works on undefined and unset values' finished with pass
[13Jan.2024 07:34:01.658] [ForkJoinPool-1-worker-1/INFO] [dan200.computercraft.core.ComputerTestDelegate/]: Finished 'The settings library -> settings.getDetails -> works on undefined and unset values'
[13Jan.2024 07:34:01.658] [ForkJoinPool-1-worker-1/INFO] [dan200.computercraft.core.ComputerTestDelegate/]: Starting 'The settings library -> settings.getDetails -> validates arguments'
[13Jan.2024 07:34:01.659] [ComputerCraft-Coroutine-1/INFO] [dan200.computercraft.core.ComputerTestDelegate/]: 'The settings library -> settings.getDetails -> validates arguments' finished with pass
[13Jan.2024 07:34:01.659] [ForkJoinPool-1-worker-1/INFO] [dan200.computercraft.core.ComputerTestDelegate/]: Finished 'The settings library -> settings.getDetails -> validates arguments'
[13Jan.2024 07:34:01.659] [ForkJoinPool-1-worker-1/INFO] [dan200.computercraft.core.ComputerTestDelegate/]: Starting 'The settings library -> settings.getDetails -> works on defined and set values'
[13Jan.2024 07:34:01.659] [ComputerCraft-Coroutine-1/INFO] [dan200.computercraft.core.ComputerTestDelegate/]: 'The settings library -> settings.getDetails -> works on defined and set values' finished with pass
[13Jan.2024 07:34:01.659] [ForkJoinPool-1-worker-1/INFO] [dan200.computercraft.core.ComputerTestDelegate/]: Finished 'The settings library -> settings.getDetails -> works on defined and set values'
[13Jan.2024 07:34:01.660] [ForkJoinPool-1-worker-1/INFO] [dan200.computercraft.core.ComputerTestDelegate/]: Starting 'The settings library -> settings.save -> defaults to .settings'
[13Jan.2024 07:34:01.660] [ComputerCraft-Coroutine-1/INFO] [dan200.computercraft.core.ComputerTestDelegate/]: 'The settings library -> settings.save -> defaults to .settings' finished with pass
[13Jan.2024 07:34:01.660] [ForkJoinPool-1-worker-1/INFO] [dan200.computercraft.core.ComputerTestDelegate/]: Finished 'The settings library -> settings.save -> defaults to .settings'
[13Jan.2024 07:34:01.661] [ForkJoinPool-1-worker-1/INFO] [dan200.computercraft.core.ComputerTestDelegate/]: Starting 'The settings library -> settings.save -> validates arguments'
[13Jan.2024 07:34:01.661] [ComputerCraft-Coroutine-1/INFO] [dan200.computercraft.core.ComputerTestDelegate/]: 'The settings library -> settings.save -> validates arguments' finished with pass
[13Jan.2024 07:34:01.661] [ForkJoinPool-1-worker-1/INFO] [dan200.computercraft.core.ComputerTestDelegate/]: Finished 'The settings library -> settings.save -> validates arguments'
[13Jan.2024 07:34:01.661] [ForkJoinPool-1-worker-1/INFO] [dan200.computercraft.core.ComputerTestDelegate/]: Starting 'The settings library -> settings.get -> returns the default'
[13Jan.2024 07:34:01.662] [ComputerCraft-Coroutine-1/INFO] [dan200.computercraft.core.ComputerTestDelegate/]: 'The settings library -> settings.get -> returns the default' finished with pass
[13Jan.2024 07:34:01.662] [ForkJoinPool-1-worker-1/INFO] [dan200.computercraft.core.ComputerTestDelegate/]: Finished 'The settings library -> settings.get -> returns the default'
[13Jan.2024 07:34:01.662] [ForkJoinPool-1-worker-1/INFO] [dan200.computercraft.core.ComputerTestDelegate/]: Starting 'The settings library -> settings.get -> validates arguments'
[13Jan.2024 07:34:01.662] [ComputerCraft-Coroutine-1/INFO] [dan200.computercraft.core.ComputerTestDelegate/]: 'The settings library -> settings.get -> validates arguments' finished with pass
[13Jan.2024 07:34:01.663] [ForkJoinPool-1-worker-1/INFO] [dan200.computercraft.core.ComputerTestDelegate/]: Finished 'The settings library -> settings.get -> validates arguments'
[13Jan.2024 07:34:01.663] [ForkJoinPool-1-worker-1/INFO] [dan200.computercraft.core.ComputerTestDelegate/]: Starting 'The settings library -> settings.load -> loads undefined settings'
[13Jan.2024 07:34:01.664] [ComputerCraft-Coroutine-1/INFO] [dan200.computercraft.core.ComputerTestDelegate/]: 'The settings library -> settings.load -> loads undefined settings' finished with pass
[13Jan.2024 07:34:01.664] [ForkJoinPool-1-worker-1/INFO] [dan200.computercraft.core.ComputerTestDelegate/]: Finished 'The settings library -> settings.load -> loads undefined settings'
[13Jan.2024 07:34:01.664] [ForkJoinPool-1-worker-1/INFO] [dan200.computercraft.core.ComputerTestDelegate/]: Starting 'The settings library -> settings.load -> skips non-table files'
[13Jan.2024 07:34:01.665] [ComputerCraft-Coroutine-1/INFO] [dan200.computercraft.core.ComputerTestDelegate/]: 'The settings library -> settings.load -> skips non-table files' finished with pass
[13Jan.2024 07:34:01.665] [ForkJoinPool-1-worker-1/INFO] [dan200.computercraft.core.ComputerTestDelegate/]: Finished 'The settings library -> settings.load -> skips non-table files'
[13Jan.2024 07:34:01.665] [ForkJoinPool-1-worker-1/INFO] [dan200.computercraft.core.ComputerTestDelegate/]: Starting 'The settings library -> settings.load -> loads defined settings'
[13Jan.2024 07:34:01.666] [ComputerCraft-Coroutine-1/INFO] [dan200.computercraft.core.ComputerTestDelegate/]: 'The settings library -> settings.load -> loads defined settings' finished with pass
[13Jan.2024 07:34:01.666] [ForkJoinPool-1-worker-1/INFO] [dan200.computercraft.core.ComputerTestDelegate/]: Finished 'The settings library -> settings.load -> loads defined settings'
[13Jan.2024 07:34:01.666] [ForkJoinPool-1-worker-1/INFO] [dan200.computercraft.core.ComputerTestDelegate/]: Starting 'The settings library -> settings.load -> defaults to .settings'
[13Jan.2024 07:34:01.667] [ComputerCraft-Coroutine-1/INFO] [dan200.computercraft.core.ComputerTestDelegate/]: 'The settings library -> settings.load -> defaults to .settings' finished with pass
[13Jan.2024 07:34:01.667] [ForkJoinPool-1-worker-1/INFO] [dan200.computercraft.core.ComputerTestDelegate/]: Finished 'The settings library -> settings.load -> defaults to .settings'
[13Jan.2024 07:34:01.667] [ForkJoinPool-1-worker-1/INFO] [dan200.computercraft.core.ComputerTestDelegate/]: Starting 'The settings library -> settings.load -> validates arguments'
[13Jan.2024 07:34:01.667] [ComputerCraft-Coroutine-1/INFO] [dan200.computercraft.core.ComputerTestDelegate/]: 'The settings library -> settings.load -> validates arguments' finished with pass
[13Jan.2024 07:34:01.667] [ForkJoinPool-1-worker-1/INFO] [dan200.computercraft.core.ComputerTestDelegate/]: Finished 'The settings library -> settings.load -> validates arguments'
[13Jan.2024 07:34:01.668] [ForkJoinPool-1-worker-1/INFO] [dan200.computercraft.core.ComputerTestDelegate/]: Starting 'The settings library -> settings.load -> skips unserializable values'
[13Jan.2024 07:34:01.668] [ComputerCraft-Coroutine-1/INFO] [dan200.computercraft.core.ComputerTestDelegate/]: 'The settings library -> settings.load -> skips unserializable values' finished with pass
[13Jan.2024 07:34:01.668] [ForkJoinPool-1-worker-1/INFO] [dan200.computercraft.core.ComputerTestDelegate/]: Finished 'The settings library -> settings.load -> skips unserializable values'
[13Jan.2024 07:34:01.669] [ForkJoinPool-1-worker-1/INFO] [dan200.computercraft.core.ComputerTestDelegate/]: Starting 'The settings library -> settings.load -> skips defined settings with incorrect types'
[13Jan.2024 07:34:01.669] [ComputerCraft-Coroutine-1/INFO] [dan200.computercraft.core.ComputerTestDelegate/]: 'The settings library -> settings.load -> skips defined settings with incorrect types' finished with pass
[13Jan.2024 07:34:01.669] [ForkJoinPool-1-worker-1/INFO] [dan200.computercraft.core.ComputerTestDelegate/]: Finished 'The settings library -> settings.load -> skips defined settings with incorrect types'
[13Jan.2024 07:34:01.670] [ForkJoinPool-1-worker-1/INFO] [dan200.computercraft.core.ComputerTestDelegate/]: Starting 'The settings library -> settings.clear -> clearing fires an event'
[13Jan.2024 07:34:01.670] [ComputerCraft-Coroutine-1/INFO] [dan200.computercraft.core.ComputerTestDelegate/]: 'The settings library -> settings.clear -> clearing fires an event' finished with pass
[13Jan.2024 07:34:01.670] [ForkJoinPool-1-worker-1/INFO] [dan200.computercraft.core.ComputerTestDelegate/]: Finished 'The settings library -> settings.clear -> clearing fires an event'
[13Jan.2024 07:34:01.670] [ForkJoinPool-1-worker-1/INFO] [dan200.computercraft.core.ComputerTestDelegate/]: Starting 'The settings library -> settings.clear -> clearing resets all values'
[13Jan.2024 07:34:01.671] [ComputerCraft-Coroutine-1/INFO] [dan200.computercraft.core.ComputerTestDelegate/]: 'The settings library -> settings.clear -> clearing resets all values' finished with pass
[13Jan.2024 07:34:01.671] [ForkJoinPool-1-worker-1/INFO] [dan200.computercraft.core.ComputerTestDelegate/]: Finished 'The settings library -> settings.clear -> clearing resets all values'
[13Jan.2024 07:34:01.671] [ForkJoinPool-1-worker-1/INFO] [dan200.computercraft.core.ComputerTestDelegate/]: Starting 'The settings library -> settings.clear -> clearing does not touch defaults'
[13Jan.2024 07:34:01.671] [ComputerCraft-Coroutine-1/INFO] [dan200.computercraft.core.ComputerTestDelegate/]: 'The settings library -> settings.clear -> clearing does not touch defaults' finished with pass
[13Jan.2024 07:34:01.671] [ForkJoinPool-1-worker-1/INFO] [dan200.computercraft.core.ComputerTestDelegate/]: Finished 'The settings library -> settings.clear -> clearing does not touch defaults'
[13Jan.2024 07:34:01.672] [ForkJoinPool-1-worker-1/INFO] [dan200.computercraft.core.ComputerTestDelegate/]: Starting 'The settings library -> settings.define -> ensures valid type names'
[13Jan.2024 07:34:01.672] [ComputerCraft-Coroutine-1/INFO] [dan200.computercraft.core.ComputerTestDelegate/]: 'The settings library -> settings.define -> ensures valid type names' finished with pass
[13Jan.2024 07:34:01.672] [ForkJoinPool-1-worker-1/INFO] [dan200.computercraft.core.ComputerTestDelegate/]: Finished 'The settings library -> settings.define -> ensures valid type names'
[13Jan.2024 07:34:01.673] [ForkJoinPool-1-worker-1/INFO] [dan200.computercraft.core.ComputerTestDelegate/]: Starting 'The settings library -> settings.unset -> unsetting does not touch defaults'
[13Jan.2024 07:34:01.673] [ComputerCraft-Coroutine-1/INFO] [dan200.computercraft.core.ComputerTestDelegate/]: 'The settings library -> settings.unset -> unsetting does not touch defaults' finished with pass
[13Jan.2024 07:34:01.673] [ForkJoinPool-1-worker-1/INFO] [dan200.computercraft.core.ComputerTestDelegate/]: Finished 'The settings library -> settings.unset -> unsetting does not touch defaults'
[13Jan.2024 07:34:01.673] [ForkJoinPool-1-worker-1/INFO] [dan200.computercraft.core.ComputerTestDelegate/]: Starting 'The settings library -> settings.unset -> unsetting fires an event'
[13Jan.2024 07:34:01.674] [ComputerCraft-Coroutine-1/INFO] [dan200.computercraft.core.ComputerTestDelegate/]: 'The settings library -> settings.unset -> unsetting fires an event' finished with pass
[13Jan.2024 07:34:01.674] [ForkJoinPool-1-worker-1/INFO] [dan200.computercraft.core.ComputerTestDelegate/]: Finished 'The settings library -> settings.unset -> unsetting fires an event'
[13Jan.2024 07:34:01.674] [ForkJoinPool-1-worker-1/INFO] [dan200.computercraft.core.ComputerTestDelegate/]: Starting 'The settings library -> settings.unset -> validates arguments'
[13Jan.2024 07:34:01.674] [ComputerCraft-Coroutine-1/INFO] [dan200.computercraft.core.ComputerTestDelegate/]: 'The settings library -> settings.unset -> validates arguments' finished with pass
[13Jan.2024 07:34:01.675] [ForkJoinPool-1-worker-1/INFO] [dan200.computercraft.core.ComputerTestDelegate/]: Finished 'The settings library -> settings.unset -> validates arguments'
[13Jan.2024 07:34:01.675] [ForkJoinPool-1-worker-1/INFO] [dan200.computercraft.core.ComputerTestDelegate/]: Starting 'The settings library -> settings.unset -> unsetting resets the value'
[13Jan.2024 07:34:01.675] [ComputerCraft-Coroutine-1/INFO] [dan200.computercraft.core.ComputerTestDelegate/]: 'The settings library -> settings.unset -> unsetting resets the value' finished with pass
[13Jan.2024 07:34:01.675] [ForkJoinPool-1-worker-1/INFO] [dan200.computercraft.core.ComputerTestDelegate/]: Finished 'The settings library -> settings.unset -> unsetting resets the value'
[13Jan.2024 07:34:01.676] [ForkJoinPool-1-worker-1/INFO] [dan200.computercraft.core.ComputerTestDelegate/]: Starting 'The settings library -> settings.undefine -> clears defined settings'
[13Jan.2024 07:34:01.676] [ComputerCraft-Coroutine-1/INFO] [dan200.computercraft.core.ComputerTestDelegate/]: 'The settings library -> settings.undefine -> clears defined settings' finished with pass
[13Jan.2024 07:34:01.676] [ForkJoinPool-1-worker-1/INFO] [dan200.computercraft.core.ComputerTestDelegate/]: Finished 'The settings library -> settings.undefine -> clears defined settings'
[13Jan.2024 07:34:01.676] [ForkJoinPool-1-worker-1/INFO] [dan200.computercraft.core.ComputerTestDelegate/]: Starting 'The settings library -> settings.set -> setting changes the value'
[13Jan.2024 07:34:01.677] [ComputerCraft-Coroutine-1/INFO] [dan200.computercraft.core.ComputerTestDelegate/]: 'The settings library -> settings.set -> setting changes the value' finished with pass
[13Jan.2024 07:34:01.677] [ForkJoinPool-1-worker-1/INFO] [dan200.computercraft.core.ComputerTestDelegate/]: Finished 'The settings library -> settings.set -> setting changes the value'
[13Jan.2024 07:34:01.677] [ForkJoinPool-1-worker-1/INFO] [dan200.computercraft.core.ComputerTestDelegate/]: Starting 'The settings library -> settings.set -> prevents storing unserialisable types'
[13Jan.2024 07:34:01.678] [ComputerCraft-Coroutine-1/INFO] [dan200.computercraft.core.ComputerTestDelegate/]: 'The settings library -> settings.set -> prevents storing unserialisable types' finished with pass
[13Jan.2024 07:34:01.678] [ForkJoinPool-1-worker-1/INFO] [dan200.computercraft.core.ComputerTestDelegate/]: Finished 'The settings library -> settings.set -> prevents storing unserialisable types'
[13Jan.2024 07:34:01.678] [ForkJoinPool-1-worker-1/INFO] [dan200.computercraft.core.ComputerTestDelegate/]: Starting 'The settings library -> settings.set -> checks the type of the value'
[13Jan.2024 07:34:01.678] [ComputerCraft-Coroutine-1/INFO] [dan200.computercraft.core.ComputerTestDelegate/]: 'The settings library -> settings.set -> checks the type of the value' finished with pass
[13Jan.2024 07:34:01.678] [ForkJoinPool-1-worker-1/INFO] [dan200.computercraft.core.ComputerTestDelegate/]: Finished 'The settings library -> settings.set -> checks the type of the value'
[13Jan.2024 07:34:01.679] [ForkJoinPool-1-worker-1/INFO] [dan200.computercraft.core.ComputerTestDelegate/]: Starting 'The settings library -> settings.set -> validates arguments'
[13Jan.2024 07:34:01.679] [ComputerCraft-Coroutine-1/INFO] [dan200.computercraft.core.ComputerTestDelegate/]: 'The settings library -> settings.set -> validates arguments' finished with pass
[13Jan.2024 07:34:01.679] [ForkJoinPool-1-worker-1/INFO] [dan200.computercraft.core.ComputerTestDelegate/]: Finished 'The settings library -> settings.set -> validates arguments'
[13Jan.2024 07:34:01.679] [ForkJoinPool-1-worker-1/INFO] [dan200.computercraft.core.ComputerTestDelegate/]: Starting 'The settings library -> settings.set -> setting fires an event'
[13Jan.2024 07:34:01.680] [ComputerCraft-Coroutine-1/INFO] [dan200.computercraft.core.ComputerTestDelegate/]: 'The settings library -> settings.set -> setting fires an event' finished with pass
[13Jan.2024 07:34:01.680] [ForkJoinPool-1-worker-1/INFO] [dan200.computercraft.core.ComputerTestDelegate/]: Finished 'The settings library -> settings.set -> setting fires an event'
[13Jan.2024 07:34:01.680] [ForkJoinPool-1-worker-1/INFO] [dan200.computercraft.core.ComputerTestDelegate/]: Starting 'The gps program -> displays its usage when given no arguments'
[13Jan.2024 07:34:01.681] [ComputerCraft-Coroutine-1/INFO] [dan200.computercraft.core.ComputerTestDelegate/]: 'The gps program -> displays its usage when given no arguments' finished with pass
[13Jan.2024 07:34:01.681] [ForkJoinPool-1-worker-1/INFO] [dan200.computercraft.core.ComputerTestDelegate/]: Finished 'The gps program -> displays its usage when given no arguments'
[13Jan.2024 07:34:01.682] [ForkJoinPool-1-worker-1/INFO] [dan200.computercraft.core.ComputerTestDelegate/]: Starting 'The gps program -> can locate the computer'
[13Jan.2024 07:34:01.683] [ComputerCraft-Coroutine-1/INFO] [dan200.computercraft.core.ComputerTestDelegate/]: 'The gps program -> can locate the computer' finished with pass
[13Jan.2024 07:34:01.683] [ForkJoinPool-1-worker-1/INFO] [dan200.computercraft.core.ComputerTestDelegate/]: Finished 'The gps program -> can locate the computer'
[13Jan.2024 07:34:01.683] [ForkJoinPool-1-worker-1/INFO] [dan200.computercraft.core.ComputerTestDelegate/]: Starting 'The gps program -> fails on a pocket computer'
[13Jan.2024 07:34:01.684] [ComputerCraft-Coroutine-1/INFO] [dan200.computercraft.core.ComputerTestDelegate/]: 'The gps program -> fails on a pocket computer' finished with pass
[13Jan.2024 07:34:01.684] [ForkJoinPool-1-worker-1/INFO] [dan200.computercraft.core.ComputerTestDelegate/]: Finished 'The gps program -> fails on a pocket computer'
[13Jan.2024 07:34:01.687] [ForkJoinPool-1-worker-1/INFO] [dan200.computercraft.core.ComputerTestDelegate/]: Starting 'The window library -> Window.reposition -> validates arguments'
[13Jan.2024 07:34:01.688] [ComputerCraft-Coroutine-1/INFO] [dan200.computercraft.core.ComputerTestDelegate/]: 'The window library -> Window.reposition -> validates arguments' finished with pass
[13Jan.2024 07:34:01.688] [ForkJoinPool-1-worker-1/INFO] [dan200.computercraft.core.ComputerTestDelegate/]: Finished 'The window library -> Window.reposition -> validates arguments'
[13Jan.2024 07:34:01.689] [ForkJoinPool-1-worker-1/INFO] [dan200.computercraft.core.ComputerTestDelegate/]: Starting 'The window library -> Window.reposition -> can change the buffer'
[13Jan.2024 07:34:01.690] [ComputerCraft-Coroutine-1/INFO] [dan200.computercraft.core.ComputerTestDelegate/]: 'The window library -> Window.reposition -> can change the buffer' finished with pass
[13Jan.2024 07:34:01.690] [ForkJoinPool-1-worker-1/INFO] [dan200.computercraft.core.ComputerTestDelegate/]: Finished 'The window library -> Window.reposition -> can change the buffer'
[13Jan.2024 07:34:01.690] [ForkJoinPool-1-worker-1/INFO] [dan200.computercraft.core.ComputerTestDelegate/]: Starting 'The window library -> Window.setCursorBlink -> validates arguments'
[13Jan.2024 07:34:01.692] [ComputerCraft-Coroutine-1/INFO] [dan200.computercraft.core.ComputerTestDelegate/]: 'The window library -> Window.setCursorBlink -> validates arguments' finished with pass
[13Jan.2024 07:34:01.692] [ForkJoinPool-1-worker-1/INFO] [dan200.computercraft.core.ComputerTestDelegate/]: Finished 'The window library -> Window.setCursorBlink -> validates arguments'
[13Jan.2024 07:34:01.692] [ForkJoinPool-1-worker-1/INFO] [dan200.computercraft.core.ComputerTestDelegate/]: Starting 'The window library -> Window.setBackgroundColour -> validates arguments'
[13Jan.2024 07:34:01.693] [ComputerCraft-Coroutine-1/INFO] [dan200.computercraft.core.ComputerTestDelegate/]: 'The window library -> Window.setBackgroundColour -> validates arguments' finished with pass
[13Jan.2024 07:34:01.693] [ForkJoinPool-1-worker-1/INFO] [dan200.computercraft.core.ComputerTestDelegate/]: Finished 'The window library -> Window.setBackgroundColour -> validates arguments'
[13Jan.2024 07:34:01.694] [ForkJoinPool-1-worker-1/INFO] [dan200.computercraft.core.ComputerTestDelegate/]: Starting 'The window library -> Window.blit -> validates arguments'
[13Jan.2024 07:34:01.695] [ComputerCraft-Coroutine-1/INFO] [dan200.computercraft.core.ComputerTestDelegate/]: 'The window library -> Window.blit -> validates arguments' finished with pass
[13Jan.2024 07:34:01.695] [ForkJoinPool-1-worker-1/INFO] [dan200.computercraft.core.ComputerTestDelegate/]: Finished 'The window library -> Window.blit -> validates arguments'
[13Jan.2024 07:34:01.695] [ForkJoinPool-1-worker-1/INFO] [dan200.computercraft.core.ComputerTestDelegate/]: Starting 'The window library -> Window.setCursorPos -> validates arguments'
[13Jan.2024 07:34:01.696] [ComputerCraft-Coroutine-1/INFO] [dan200.computercraft.core.ComputerTestDelegate/]: 'The window library -> Window.setCursorPos -> validates arguments' finished with pass
[13Jan.2024 07:34:01.696] [ForkJoinPool-1-worker-1/INFO] [dan200.computercraft.core.ComputerTestDelegate/]: Finished 'The window library -> Window.setCursorPos -> validates arguments'
[13Jan.2024 07:34:01.697] [ForkJoinPool-1-worker-1/INFO] [dan200.computercraft.core.ComputerTestDelegate/]: Starting 'The window library -> Window.setVisible -> validates arguments'
[13Jan.2024 07:34:01.697] [ComputerCraft-Coroutine-1/INFO] [dan200.computercraft.core.ComputerTestDelegate/]: 'The window library -> Window.setVisible -> validates arguments' finished with pass
[13Jan.2024 07:34:01.697] [ForkJoinPool-1-worker-1/INFO] [dan200.computercraft.core.ComputerTestDelegate/]: Finished 'The window library -> Window.setVisible -> validates arguments'
[13Jan.2024 07:34:01.698] [ForkJoinPool-1-worker-1/INFO] [dan200.computercraft.core.ComputerTestDelegate/]: Starting 'The window library -> Window.getLine -> validates arguments'
[13Jan.2024 07:34:01.699] [ComputerCraft-Coroutine-1/INFO] [dan200.computercraft.core.ComputerTestDelegate/]: 'The window library -> Window.getLine -> validates arguments' finished with pass
[13Jan.2024 07:34:01.699] [ForkJoinPool-1-worker-1/INFO] [dan200.computercraft.core.ComputerTestDelegate/]: Finished 'The window library -> Window.getLine -> validates arguments'
[13Jan.2024 07:34:01.699] [ForkJoinPool-1-worker-1/INFO] [dan200.computercraft.core.ComputerTestDelegate/]: Starting 'The window library -> Window.getLine -> provides a line's contents'
[13Jan.2024 07:34:01.700] [ComputerCraft-Coroutine-1/INFO] [dan200.computercraft.core.ComputerTestDelegate/]: 'The window library -> Window.getLine -> provides a line's contents' finished with pass
[13Jan.2024 07:34:01.700] [ForkJoinPool-1-worker-1/INFO] [dan200.computercraft.core.ComputerTestDelegate/]: Finished 'The window library -> Window.getLine -> provides a line's contents'
[13Jan.2024 07:34:01.700] [ForkJoinPool-1-worker-1/INFO] [dan200.computercraft.core.ComputerTestDelegate/]: Starting 'The window library -> window.create -> validates arguments'
[13Jan.2024 07:34:01.701] [ComputerCraft-Coroutine-1/INFO] [dan200.computercraft.core.ComputerTestDelegate/]: 'The window library -> window.create -> validates arguments' finished with pass
[13Jan.2024 07:34:01.701] [ForkJoinPool-1-worker-1/INFO] [dan200.computercraft.core.ComputerTestDelegate/]: Finished 'The window library -> window.create -> validates arguments'
[13Jan.2024 07:34:01.701] [ForkJoinPool-1-worker-1/INFO] [dan200.computercraft.core.ComputerTestDelegate/]: Starting 'The window library -> Window.setPaletteColour -> validates arguments'
[13Jan.2024 07:34:01.702] [ComputerCraft-Coroutine-1/INFO] [dan200.computercraft.core.ComputerTestDelegate/]: 'The window library -> Window.setPaletteColour -> validates arguments' finished with pass
[13Jan.2024 07:34:01.702] [ForkJoinPool-1-worker-1/INFO] [dan200.computercraft.core.ComputerTestDelegate/]: Finished 'The window library -> Window.setPaletteColour -> validates arguments'
[13Jan.2024 07:34:01.703] [ForkJoinPool-1-worker-1/INFO] [dan200.computercraft.core.ComputerTestDelegate/]: Starting 'The window library -> Window.setTextColour -> validates arguments'
[13Jan.2024 07:34:01.703] [ComputerCraft-Coroutine-1/INFO] [dan200.computercraft.core.ComputerTestDelegate/]: 'The window library -> Window.setTextColour -> validates arguments' finished with pass
[13Jan.2024 07:34:01.703] [ForkJoinPool-1-worker-1/INFO] [dan200.computercraft.core.ComputerTestDelegate/]: Finished 'The window library -> Window.setTextColour -> validates arguments'
[13Jan.2024 07:34:01.704] [ForkJoinPool-1-worker-1/INFO] [dan200.computercraft.core.ComputerTestDelegate/]: Starting 'The window library -> Window.getPaletteColour -> validates arguments'
[13Jan.2024 07:34:01.705] [ComputerCraft-Coroutine-1/INFO] [dan200.computercraft.core.ComputerTestDelegate/]: 'The window library -> Window.getPaletteColour -> validates arguments' finished with pass
[13Jan.2024 07:34:01.705] [ForkJoinPool-1-worker-1/INFO] [dan200.computercraft.core.ComputerTestDelegate/]: Finished 'The window library -> Window.getPaletteColour -> validates arguments'
[13Jan.2024 07:34:01.705] [ForkJoinPool-1-worker-1/INFO] [dan200.computercraft.core.ComputerTestDelegate/]: Starting 'The window library -> Window.isVisible -> gets window visibility'
[13Jan.2024 07:34:01.705] [ComputerCraft-Coroutine-1/INFO] [dan200.computercraft.core.ComputerTestDelegate/]: 'The window library -> Window.isVisible -> gets window visibility' finished with pass
[13Jan.2024 07:34:01.705] [ForkJoinPool-1-worker-1/INFO] [dan200.computercraft.core.ComputerTestDelegate/]: Finished 'The window library -> Window.isVisible -> gets window visibility'
[13Jan.2024 07:34:01.706] [ForkJoinPool-1-worker-1/INFO] [dan200.computercraft.core.ComputerTestDelegate/]: Starting 'The window library -> Window.scroll -> validates arguments'
[13Jan.2024 07:34:01.706] [ComputerCraft-Coroutine-1/INFO] [dan200.computercraft.core.ComputerTestDelegate/]: 'The window library -> Window.scroll -> validates arguments' finished with pass
[13Jan.2024 07:34:01.706] [ForkJoinPool-1-worker-1/INFO] [dan200.computercraft.core.ComputerTestDelegate/]: Finished 'The window library -> Window.scroll -> validates arguments'
[13Jan.2024 07:34:01.707] [ForkJoinPool-1-worker-1/INFO] [dan200.computercraft.core.ComputerTestDelegate/]: Starting 'The fs library -> fs.complete -> include_hidden -> shows hidden files when include_hidden is true'
[13Jan.2024 07:34:01.708] [ComputerCraft-Coroutine-1/INFO] [dan200.computercraft.core.ComputerTestDelegate/]: 'The fs library -> fs.complete -> include_hidden -> shows hidden files when include_hidden is true' finished with pass
[13Jan.2024 07:34:01.709] [ForkJoinPool-1-worker-1/INFO] [dan200.computercraft.core.ComputerTestDelegate/]: Finished 'The fs library -> fs.complete -> include_hidden -> shows hidden files when include_hidden is true'
[13Jan.2024 07:34:01.709] [ForkJoinPool-1-worker-1/INFO] [dan200.computercraft.core.ComputerTestDelegate/]: Starting 'The fs library -> fs.complete -> include_hidden -> shows hidden files when typing a dot'
[13Jan.2024 07:34:01.711] [ComputerCraft-Coroutine-1/INFO] [dan200.computercraft.core.ComputerTestDelegate/]: 'The fs library -> fs.complete -> include_hidden -> shows hidden files when typing a dot' finished with pass
[13Jan.2024 07:34:01.711] [ForkJoinPool-1-worker-1/INFO] [dan200.computercraft.core.ComputerTestDelegate/]: Finished 'The fs library -> fs.complete -> include_hidden -> shows hidden files when typing a dot'
[13Jan.2024 07:34:01.711] [ForkJoinPool-1-worker-1/INFO] [dan200.computercraft.core.ComputerTestDelegate/]: Starting 'The fs library -> fs.complete -> include_hidden -> hides hidden files'
[13Jan.2024 07:34:01.713] [ComputerCraft-Coroutine-1/INFO] [dan200.computercraft.core.ComputerTestDelegate/]: 'The fs library -> fs.complete -> include_hidden -> hides hidden files' finished with pass
[13Jan.2024 07:34:01.713] [ForkJoinPool-1-worker-1/INFO] [dan200.computercraft.core.ComputerTestDelegate/]: Finished 'The fs library -> fs.complete -> include_hidden -> hides hidden files'
[13Jan.2024 07:34:01.714] [ForkJoinPool-1-worker-1/INFO] [dan200.computercraft.core.ComputerTestDelegate/]: Starting 'The fs library -> fs.complete -> validates arguments'
[13Jan.2024 07:34:01.716] [ComputerCraft-Coroutine-1/INFO] [dan200.computercraft.core.ComputerTestDelegate/]: 'The fs library -> fs.complete -> validates arguments' finished with pass
[13Jan.2024 07:34:01.716] [ForkJoinPool-1-worker-1/INFO] [dan200.computercraft.core.ComputerTestDelegate/]: Finished 'The fs library -> fs.complete -> validates arguments'
[13Jan.2024 07:34:01.717] [ForkJoinPool-1-worker-1/INFO] [dan200.computercraft.core.ComputerTestDelegate/]: Starting 'The fs library -> fs.isDriveRoot -> correctly identifies drive roots'
[13Jan.2024 07:34:01.717] [ComputerCraft-Coroutine-1/INFO] [dan200.computercraft.core.ComputerTestDelegate/]: 'The fs library -> fs.isDriveRoot -> correctly identifies drive roots' finished with pass
[13Jan.2024 07:34:01.717] [ForkJoinPool-1-worker-1/INFO] [dan200.computercraft.core.ComputerTestDelegate/]: Finished 'The fs library -> fs.isDriveRoot -> correctly identifies drive roots'
[13Jan.2024 07:34:01.718] [ForkJoinPool-1-worker-1/INFO] [dan200.computercraft.core.ComputerTestDelegate/]: Starting 'The fs library -> fs.isDriveRoot -> validates arguments'
[13Jan.2024 07:34:01.719] [ComputerCraft-Coroutine-1/INFO] [dan200.computercraft.core.ComputerTestDelegate/]: 'The fs library -> fs.isDriveRoot -> validates arguments' finished with pass
[13Jan.2024 07:34:01.719] [ForkJoinPool-1-worker-1/INFO] [dan200.computercraft.core.ComputerTestDelegate/]: Finished 'The fs library -> fs.isDriveRoot -> validates arguments'
[13Jan.2024 07:34:01.720] [ForkJoinPool-1-worker-1/INFO] [dan200.computercraft.core.ComputerTestDelegate/]: Starting 'The fs library -> fs.move -> fails on read-only mounts'
[13Jan.2024 07:34:01.721] [ComputerCraft-Coroutine-1/INFO] [dan200.computercraft.core.ComputerTestDelegate/]: 'The fs library -> fs.move -> fails on read-only mounts' finished with pass
[13Jan.2024 07:34:01.721] [ForkJoinPool-1-worker-1/INFO] [dan200.computercraft.core.ComputerTestDelegate/]: Finished 'The fs library -> fs.move -> fails on read-only mounts'
[13Jan.2024 07:34:01.722] [ForkJoinPool-1-worker-1/INFO] [dan200.computercraft.core.ComputerTestDelegate/]: Starting 'The fs library -> fs.move -> fails if destination exists'
[13Jan.2024 07:34:01.723] [ComputerCraft-Coroutine-1/INFO] [dan200.computercraft.core.ComputerTestDelegate/]: 'The fs library -> fs.move -> fails if destination exists' finished with pass
[13Jan.2024 07:34:01.723] [ForkJoinPool-1-worker-1/INFO] [dan200.computercraft.core.ComputerTestDelegate/]: Finished 'The fs library -> fs.move -> fails if destination exists'
[13Jan.2024 07:34:01.723] [ForkJoinPool-1-worker-1/INFO] [dan200.computercraft.core.ComputerTestDelegate/]: Starting 'The fs library -> fs.move -> directories can be renamed'
[13Jan.2024 07:34:01.725] [ComputerCraft-Coroutine-1/INFO] [dan200.computercraft.core.ComputerTestDelegate/]: 'The fs library -> fs.move -> directories can be renamed' finished with pass
[13Jan.2024 07:34:01.725] [ForkJoinPool-1-worker-1/INFO] [dan200.computercraft.core.ComputerTestDelegate/]: Finished 'The fs library -> fs.move -> directories can be renamed'
[13Jan.2024 07:34:01.726] [ForkJoinPool-1-worker-1/INFO] [dan200.computercraft.core.ComputerTestDelegate/]: Starting 'The fs library -> fs.move -> files can be renamed'
[13Jan.2024 07:34:01.727] [ComputerCraft-Coroutine-1/INFO] [dan200.computercraft.core.ComputerTestDelegate/]: 'The fs library -> fs.move -> files can be renamed' finished with pass
[13Jan.2024 07:34:01.727] [ForkJoinPool-1-worker-1/INFO] [dan200.computercraft.core.ComputerTestDelegate/]: Finished 'The fs library -> fs.move -> files can be renamed'
[13Jan.2024 07:34:01.727] [ForkJoinPool-1-worker-1/INFO] [dan200.computercraft.core.ComputerTestDelegate/]: Starting 'The fs library -> fs.move -> creates directories before renaming'
[13Jan.2024 07:34:01.729] [ComputerCraft-Coroutine-1/INFO] [dan200.computercraft.core.ComputerTestDelegate/]: 'The fs library -> fs.move -> creates directories before renaming' finished with pass
[13Jan.2024 07:34:01.729] [ForkJoinPool-1-worker-1/INFO] [dan200.computercraft.core.ComputerTestDelegate/]: Finished 'The fs library -> fs.move -> creates directories before renaming'
[13Jan.2024 07:34:01.729] [ForkJoinPool-1-worker-1/INFO] [dan200.computercraft.core.ComputerTestDelegate/]: Starting 'The fs library -> fs.move -> fails if source does not exist'
[13Jan.2024 07:34:01.730] [ComputerCraft-Coroutine-1/INFO] [dan200.computercraft.core.ComputerTestDelegate/]: 'The fs library -> fs.move -> fails if source does not exist' finished with pass
[13Jan.2024 07:34:01.730] [ForkJoinPool-1-worker-1/INFO] [dan200.computercraft.core.ComputerTestDelegate/]: Finished 'The fs library -> fs.move -> fails if source does not exist'
[13Jan.2024 07:34:01.730] [ForkJoinPool-1-worker-1/INFO] [dan200.computercraft.core.ComputerTestDelegate/]: Starting 'The fs library -> fs.move -> fails to move a directory inside itself'
[13Jan.2024 07:34:01.731] [ComputerCraft-Coroutine-1/INFO] [dan200.computercraft.core.ComputerTestDelegate/]: 'The fs library -> fs.move -> fails to move a directory inside itself' finished with pass
[13Jan.2024 07:34:01.731] [ForkJoinPool-1-worker-1/INFO] [dan200.computercraft.core.ComputerTestDelegate/]: Finished 'The fs library -> fs.move -> fails to move a directory inside itself'
[13Jan.2024 07:34:01.731] [ForkJoinPool-1-worker-1/INFO] [dan200.computercraft.core.ComputerTestDelegate/]: Starting 'The fs library -> fs.makeDir -> fails on files'
[13Jan.2024 07:34:01.732] [ComputerCraft-Coroutine-1/INFO] [dan200.computercraft.core.ComputerTestDelegate/]: 'The fs library -> fs.makeDir -> fails on files' finished with pass
[13Jan.2024 07:34:01.732] [ForkJoinPool-1-worker-1/INFO] [dan200.computercraft.core.ComputerTestDelegate/]: Finished 'The fs library -> fs.makeDir -> fails on files'
[13Jan.2024 07:34:01.733] [ForkJoinPool-1-worker-1/INFO] [dan200.computercraft.core.ComputerTestDelegate/]: Starting 'The fs library -> fs.makeDir -> fails on read-only mounts'
[13Jan.2024 07:34:01.733] [ComputerCraft-Coroutine-1/INFO] [dan200.computercraft.core.ComputerTestDelegate/]: 'The fs library -> fs.makeDir -> fails on read-only mounts' finished with pass
[13Jan.2024 07:34:01.733] [ForkJoinPool-1-worker-1/INFO] [dan200.computercraft.core.ComputerTestDelegate/]: Finished 'The fs library -> fs.makeDir -> fails on read-only mounts'
[13Jan.2024 07:34:01.734] [ForkJoinPool-1-worker-1/INFO] [dan200.computercraft.core.ComputerTestDelegate/]: Starting 'The fs library -> fs.copy -> fails on read-only mounts'
[13Jan.2024 07:34:01.734] [ComputerCraft-Coroutine-1/INFO] [dan200.computercraft.core.ComputerTestDelegate/]: 'The fs library -> fs.copy -> fails on read-only mounts' finished with pass
[13Jan.2024 07:34:01.735] [ForkJoinPool-1-worker-1/INFO] [dan200.computercraft.core.ComputerTestDelegate/]: Finished 'The fs library -> fs.copy -> fails on read-only mounts'
[13Jan.2024 07:34:01.735] [ForkJoinPool-1-worker-1/INFO] [dan200.computercraft.core.ComputerTestDelegate/]: Starting 'The fs library -> fs.copy -> copies folders'
[13Jan.2024 07:34:01.736] [ComputerCraft-Coroutine-1/INFO] [dan200.computercraft.core.ComputerTestDelegate/]: 'The fs library -> fs.copy -> copies folders' finished with pass
[13Jan.2024 07:34:01.736] [ForkJoinPool-1-worker-1/INFO] [dan200.computercraft.core.ComputerTestDelegate/]: Finished 'The fs library -> fs.copy -> copies folders'
[13Jan.2024 07:34:01.736] [ForkJoinPool-1-worker-1/INFO] [dan200.computercraft.core.ComputerTestDelegate/]: Starting 'The fs library -> fs.copy -> fails to copy a folder inside itself'
[13Jan.2024 07:34:01.737] [ComputerCraft-Coroutine-1/INFO] [dan200.computercraft.core.ComputerTestDelegate/]: 'The fs library -> fs.copy -> fails to copy a folder inside itself' finished with pass
[13Jan.2024 07:34:01.737] [ForkJoinPool-1-worker-1/INFO] [dan200.computercraft.core.ComputerTestDelegate/]: Finished 'The fs library -> fs.copy -> fails to copy a folder inside itself'
[13Jan.2024 07:34:01.737] [ForkJoinPool-1-worker-1/INFO] [dan200.computercraft.core.ComputerTestDelegate/]: Starting 'The fs library -> fs.combine -> removes . and ..'
[13Jan.2024 07:34:01.737] [ComputerCraft-Coroutine-1/INFO] [dan200.computercraft.core.ComputerTestDelegate/]: 'The fs library -> fs.combine -> removes . and ..' finished with pass
[13Jan.2024 07:34:01.737] [ForkJoinPool-1-worker-1/INFO] [dan200.computercraft.core.ComputerTestDelegate/]: Finished 'The fs library -> fs.combine -> removes . and ..'
[13Jan.2024 07:34:01.738] [ForkJoinPool-1-worker-1/INFO] [dan200.computercraft.core.ComputerTestDelegate/]: Starting 'The fs library -> fs.combine -> combines empty paths'
[13Jan.2024 07:34:01.738] [ComputerCraft-Coroutine-1/INFO] [dan200.computercraft.core.ComputerTestDelegate/]: 'The fs library -> fs.combine -> combines empty paths' finished with pass
[13Jan.2024 07:34:01.738] [ForkJoinPool-1-worker-1/INFO] [dan200.computercraft.core.ComputerTestDelegate/]: Finished 'The fs library -> fs.combine -> combines empty paths'
[13Jan.2024 07:34:01.738] [ForkJoinPool-1-worker-1/INFO] [dan200.computercraft.core.ComputerTestDelegate/]: Starting 'The fs library -> fs.getSize -> fails on non-existent nodes'
[13Jan.2024 07:34:01.739] [ComputerCraft-Coroutine-1/INFO] [dan200.computercraft.core.ComputerTestDelegate/]: 'The fs library -> fs.getSize -> fails on non-existent nodes' finished with pass
[13Jan.2024 07:34:01.739] [ForkJoinPool-1-worker-1/INFO] [dan200.computercraft.core.ComputerTestDelegate/]: Finished 'The fs library -> fs.getSize -> fails on non-existent nodes'
[13Jan.2024 07:34:01.739] [ForkJoinPool-1-worker-1/INFO] [dan200.computercraft.core.ComputerTestDelegate/]: Starting 'The fs library -> fs.getCapacity -> returns the capacity on the root mount'
[13Jan.2024 07:34:01.740] [ComputerCraft-Coroutine-1/INFO] [dan200.computercraft.core.ComputerTestDelegate/]: 'The fs library -> fs.getCapacity -> returns the capacity on the root mount' finished with pass
[13Jan.2024 07:34:01.740] [ForkJoinPool-1-worker-1/INFO] [dan200.computercraft.core.ComputerTestDelegate/]: Finished 'The fs library -> fs.getCapacity -> returns the capacity on the root mount'
[13Jan.2024 07:34:01.740] [ForkJoinPool-1-worker-1/INFO] [dan200.computercraft.core.ComputerTestDelegate/]: Starting 'The fs library -> fs.getCapacity -> returns nil on read-only mounts'
[13Jan.2024 07:34:01.741] [ComputerCraft-Coroutine-1/INFO] [dan200.computercraft.core.ComputerTestDelegate/]: 'The fs library -> fs.getCapacity -> returns nil on read-only mounts' finished with pass
[13Jan.2024 07:34:01.741] [ForkJoinPool-1-worker-1/INFO] [dan200.computercraft.core.ComputerTestDelegate/]: Finished 'The fs library -> fs.getCapacity -> returns nil on read-only mounts'
[13Jan.2024 07:34:01.741] [ForkJoinPool-1-worker-1/INFO] [dan200.computercraft.core.ComputerTestDelegate/]: Starting 'The fs library -> fs.list -> fails on files'
[13Jan.2024 07:34:01.742] [ComputerCraft-Coroutine-1/INFO] [dan200.computercraft.core.ComputerTestDelegate/]: 'The fs library -> fs.list -> fails on files' finished with pass
[13Jan.2024 07:34:01.742] [ForkJoinPool-1-worker-1/INFO] [dan200.computercraft.core.ComputerTestDelegate/]: Finished 'The fs library -> fs.list -> fails on files'
[13Jan.2024 07:34:01.742] [ForkJoinPool-1-worker-1/INFO] [dan200.computercraft.core.ComputerTestDelegate/]: Starting 'The fs library -> fs.list -> fails on non-existent nodes'
[13Jan.2024 07:34:01.743] [ComputerCraft-Coroutine-1/INFO] [dan200.computercraft.core.ComputerTestDelegate/]: 'The fs library -> fs.list -> fails on non-existent nodes' finished with pass
[13Jan.2024 07:34:01.743] [ForkJoinPool-1-worker-1/INFO] [dan200.computercraft.core.ComputerTestDelegate/]: Finished 'The fs library -> fs.list -> fails on non-existent nodes'
[13Jan.2024 07:34:01.743] [ForkJoinPool-1-worker-1/INFO] [dan200.computercraft.core.ComputerTestDelegate/]: Starting 'The fs library -> fs.delete -> fails on read-only mounts'
[13Jan.2024 07:34:01.744] [ComputerCraft-Coroutine-1/INFO] [dan200.computercraft.core.ComputerTestDelegate/]: 'The fs library -> fs.delete -> fails on read-only mounts' finished with pass
[13Jan.2024 07:34:01.744] [ForkJoinPool-1-worker-1/INFO] [dan200.computercraft.core.ComputerTestDelegate/]: Finished 'The fs library -> fs.delete -> fails on read-only mounts'
[13Jan.2024 07:34:01.744] [ForkJoinPool-1-worker-1/INFO] [dan200.computercraft.core.ComputerTestDelegate/]: Starting 'The fs library -> fs.open -> writing -> fails gracefully when opening 'CON' on Windows'
[13Jan.2024 07:34:01.745] [ComputerCraft-Coroutine-1/INFO] [dan200.computercraft.core.ComputerTestDelegate/]: 'The fs library -> fs.open -> writing -> fails gracefully when opening 'CON' on Windows' finished with pass
[13Jan.2024 07:34:01.745] [ForkJoinPool-1-worker-1/INFO] [dan200.computercraft.core.ComputerTestDelegate/]: Finished 'The fs library -> fs.open -> writing -> fails gracefully when opening 'CON' on Windows'
[13Jan.2024 07:34:01.745] [ForkJoinPool-1-worker-1/INFO] [dan200.computercraft.core.ComputerTestDelegate/]: Starting 'The fs library -> fs.open -> writing -> fails on read-only mounts'
[13Jan.2024 07:34:01.745] [ComputerCraft-Coroutine-1/INFO] [dan200.computercraft.core.ComputerTestDelegate/]: 'The fs library -> fs.open -> writing -> fails on read-only mounts' finished with pass
[13Jan.2024 07:34:01.746] [ForkJoinPool-1-worker-1/INFO] [dan200.computercraft.core.ComputerTestDelegate/]: Finished 'The fs library -> fs.open -> writing -> fails on read-only mounts'
[13Jan.2024 07:34:01.746] [ForkJoinPool-1-worker-1/INFO] [dan200.computercraft.core.ComputerTestDelegate/]: Starting 'The fs library -> fs.open -> writing -> errors when closing twice'
[13Jan.2024 07:34:01.747] [ComputerCraft-Coroutine-1/INFO] [dan200.computercraft.core.ComputerTestDelegate/]: 'The fs library -> fs.open -> writing -> errors when closing twice' finished with pass
[13Jan.2024 07:34:01.747] [ForkJoinPool-1-worker-1/INFO] [dan200.computercraft.core.ComputerTestDelegate/]: Finished 'The fs library -> fs.open -> writing -> errors when closing twice'
[13Jan.2024 07:34:01.747] [ForkJoinPool-1-worker-1/INFO] [dan200.computercraft.core.ComputerTestDelegate/]: Starting 'The fs library -> fs.open -> writing -> fails on directories'
[13Jan.2024 07:34:01.748] [ComputerCraft-Coroutine-1/INFO] [dan200.computercraft.core.ComputerTestDelegate/]: 'The fs library -> fs.open -> writing -> fails on directories' finished with pass
[13Jan.2024 07:34:01.748] [ForkJoinPool-1-worker-1/INFO] [dan200.computercraft.core.ComputerTestDelegate/]: Finished 'The fs library -> fs.open -> writing -> fails on directories'
[13Jan.2024 07:34:01.748] [ForkJoinPool-1-worker-1/INFO] [dan200.computercraft.core.ComputerTestDelegate/]: Starting 'The fs library -> fs.open -> reading in binary mode -> errors when closing twice'
[13Jan.2024 07:34:01.749] [ComputerCraft-Coroutine-1/INFO] [dan200.computercraft.core.ComputerTestDelegate/]: 'The fs library -> fs.open -> reading in binary mode -> errors when closing twice' finished with pass
[13Jan.2024 07:34:01.749] [ForkJoinPool-1-worker-1/INFO] [dan200.computercraft.core.ComputerTestDelegate/]: Finished 'The fs library -> fs.open -> reading in binary mode -> errors when closing twice'
[13Jan.2024 07:34:01.749] [ForkJoinPool-1-worker-1/INFO] [dan200.computercraft.core.ComputerTestDelegate/]: Starting 'The fs library -> fs.open -> reading -> errors when closing twice'
[13Jan.2024 07:34:01.750] [ComputerCraft-Coroutine-1/INFO] [dan200.computercraft.core.ComputerTestDelegate/]: 'The fs library -> fs.open -> reading -> errors when closing twice' finished with pass
[13Jan.2024 07:34:01.750] [ForkJoinPool-1-worker-1/INFO] [dan200.computercraft.core.ComputerTestDelegate/]: Finished 'The fs library -> fs.open -> reading -> errors when closing twice'
[13Jan.2024 07:34:01.750] [ForkJoinPool-1-worker-1/INFO] [dan200.computercraft.core.ComputerTestDelegate/]: Starting 'The fs library -> fs.open -> reading -> fails on non-existent nodes'
[13Jan.2024 07:34:01.751] [ComputerCraft-Coroutine-1/INFO] [dan200.computercraft.core.ComputerTestDelegate/]: 'The fs library -> fs.open -> reading -> fails on non-existent nodes' finished with pass
[13Jan.2024 07:34:01.751] [ForkJoinPool-1-worker-1/INFO] [dan200.computercraft.core.ComputerTestDelegate/]: Finished 'The fs library -> fs.open -> reading -> fails on non-existent nodes'
[13Jan.2024 07:34:01.751] [ForkJoinPool-1-worker-1/INFO] [dan200.computercraft.core.ComputerTestDelegate/]: Starting 'The fs library -> fs.open -> reading -> fails on directories'
[13Jan.2024 07:34:01.751] [ComputerCraft-Coroutine-1/INFO] [dan200.computercraft.core.ComputerTestDelegate/]: 'The fs library -> fs.open -> reading -> fails on directories' finished with pass
[13Jan.2024 07:34:01.751] [ForkJoinPool-1-worker-1/INFO] [dan200.computercraft.core.ComputerTestDelegate/]: Finished 'The fs library -> fs.open -> reading -> fails on directories'
[13Jan.2024 07:34:01.752] [ForkJoinPool-1-worker-1/INFO] [dan200.computercraft.core.ComputerTestDelegate/]: Starting 'The fs library -> fs.open -> writing in binary mode -> errors when closing twice'
[13Jan.2024 07:34:01.753] [ComputerCraft-Coroutine-1/DEBUG] [computercraft/]: Generating method wrapper for dan200.computercraft.core.apis.handles.BinaryWritableHandle$Seekable.seek.
[13Jan.2024 07:34:01.754] [ComputerCraft-Coroutine-1/DEBUG] [computercraft/]: Generating method wrapper for dan200.computercraft.core.apis.handles.BinaryWritableHandle.flush.
[13Jan.2024 07:34:01.754] [ComputerCraft-Coroutine-1/DEBUG] [computercraft/]: Generating method wrapper for dan200.computercraft.core.apis.handles.BinaryWritableHandle.write.
[13Jan.2024 07:34:01.755] [ComputerCraft-Coroutine-1/INFO] [dan200.computercraft.core.ComputerTestDelegate/]: 'The fs library -> fs.open -> writing in binary mode -> errors when closing twice' finished with pass
[13Jan.2024 07:34:01.755] [ForkJoinPool-1-worker-1/INFO] [dan200.computercraft.core.ComputerTestDelegate/]: Finished 'The fs library -> fs.open -> writing in binary mode -> errors when closing twice'
[13Jan.2024 07:34:01.755] [ForkJoinPool-1-worker-1/INFO] [dan200.computercraft.core.ComputerTestDelegate/]: Starting 'The fs library -> fs.open -> appending -> fails on read-only mounts'
[13Jan.2024 07:34:01.756] [ComputerCraft-Coroutine-1/INFO] [dan200.computercraft.core.ComputerTestDelegate/]: 'The fs library -> fs.open -> appending -> fails on read-only mounts' finished with pass
[13Jan.2024 07:34:01.756] [ForkJoinPool-1-worker-1/INFO] [dan200.computercraft.core.ComputerTestDelegate/]: Finished 'The fs library -> fs.open -> appending -> fails on read-only mounts'
[13Jan.2024 07:34:01.756] [ForkJoinPool-1-worker-1/INFO] [dan200.computercraft.core.ComputerTestDelegate/]: Starting 'The fs library -> fs.open -> appending -> fails on directories'
[13Jan.2024 07:34:01.757] [ComputerCraft-Coroutine-1/INFO] [dan200.computercraft.core.ComputerTestDelegate/]: 'The fs library -> fs.open -> appending -> fails on directories' finished with pass
[13Jan.2024 07:34:01.757] [ForkJoinPool-1-worker-1/INFO] [dan200.computercraft.core.ComputerTestDelegate/]: Finished 'The fs library -> fs.open -> appending -> fails on directories'
[13Jan.2024 07:34:01.757] [ForkJoinPool-1-worker-1/INFO] [dan200.computercraft.core.ComputerTestDelegate/]: Starting 'The fs library -> fs.attributes -> returns information about read-only mounts'
[13Jan.2024 07:34:01.757] [ComputerCraft-Coroutine-1/INFO] [dan200.computercraft.core.ComputerTestDelegate/]: 'The fs library -> fs.attributes -> returns information about read-only mounts' finished with pass
[13Jan.2024 07:34:01.758] [ForkJoinPool-1-worker-1/INFO] [dan200.computercraft.core.ComputerTestDelegate/]: Finished 'The fs library -> fs.attributes -> returns information about read-only mounts'
[13Jan.2024 07:34:01.758] [ForkJoinPool-1-worker-1/INFO] [dan200.computercraft.core.ComputerTestDelegate/]: Starting 'The fs library -> fs.attributes -> errors on non-existent files'
[13Jan.2024 07:34:01.758] [ComputerCraft-Coroutine-1/INFO] [dan200.computercraft.core.ComputerTestDelegate/]: 'The fs library -> fs.attributes -> errors on non-existent files' finished with pass
[13Jan.2024 07:34:01.758] [ForkJoinPool-1-worker-1/INFO] [dan200.computercraft.core.ComputerTestDelegate/]: Finished 'The fs library -> fs.attributes -> errors on non-existent files'
[13Jan.2024 07:34:01.758] [ForkJoinPool-1-worker-1/INFO] [dan200.computercraft.core.ComputerTestDelegate/]: Starting 'The fs library -> fs.attributes -> returns information about files'
[13Jan.2024 07:34:01.759] [ComputerCraft-Coroutine-1/INFO] [dan200.computercraft.core.ComputerTestDelegate/]: 'The fs library -> fs.attributes -> returns information about files' finished with pass
[13Jan.2024 07:34:01.759] [ForkJoinPool-1-worker-1/INFO] [dan200.computercraft.core.ComputerTestDelegate/]: Finished 'The fs library -> fs.attributes -> returns information about files'
[13Jan.2024 07:34:01.760] [ForkJoinPool-1-worker-1/INFO] [dan200.computercraft.core.ComputerTestDelegate/]: Starting 'The turtle unequip program -> displays its usage when given no arguments'
[13Jan.2024 07:34:01.761] [ComputerCraft-Coroutine-1/INFO] [dan200.computercraft.core.ComputerTestDelegate/]: 'The turtle unequip program -> displays its usage when given no arguments' finished with pass
[13Jan.2024 07:34:01.761] [ForkJoinPool-1-worker-1/INFO] [dan200.computercraft.core.ComputerTestDelegate/]: Finished 'The turtle unequip program -> displays its usage when given no arguments'
[13Jan.2024 07:34:01.761] [ForkJoinPool-1-worker-1/INFO] [dan200.computercraft.core.ComputerTestDelegate/]: Starting 'The turtle unequip program -> says when nothing was unequipped'
[13Jan.2024 07:34:01.762] [ComputerCraft-Coroutine-1/INFO] [dan200.computercraft.core.ComputerTestDelegate/]: 'The turtle unequip program -> says when nothing was unequipped' finished with pass
[13Jan.2024 07:34:01.762] [ForkJoinPool-1-worker-1/INFO] [dan200.computercraft.core.ComputerTestDelegate/]: Finished 'The turtle unequip program -> says when nothing was unequipped'
[13Jan.2024 07:34:01.763] [ForkJoinPool-1-worker-1/INFO] [dan200.computercraft.core.ComputerTestDelegate/]: Starting 'The turtle unequip program -> unequips a upgrade'
[13Jan.2024 07:34:01.764] [ComputerCraft-Coroutine-1/INFO] [dan200.computercraft.core.ComputerTestDelegate/]: 'The turtle unequip program -> unequips a upgrade' finished with pass
[13Jan.2024 07:34:01.764] [ForkJoinPool-1-worker-1/INFO] [dan200.computercraft.core.ComputerTestDelegate/]: Finished 'The turtle unequip program -> unequips a upgrade'
[13Jan.2024 07:34:01.764] [ForkJoinPool-1-worker-1/INFO] [dan200.computercraft.core.ComputerTestDelegate/]: Starting 'The turtle unequip program -> fails when the turtle is full'
[13Jan.2024 07:34:01.765] [ComputerCraft-Coroutine-1/INFO] [dan200.computercraft.core.ComputerTestDelegate/]: 'The turtle unequip program -> fails when the turtle is full' finished with pass
[13Jan.2024 07:34:01.765] [ForkJoinPool-1-worker-1/INFO] [dan200.computercraft.core.ComputerTestDelegate/]: Finished 'The turtle unequip program -> fails when the turtle is full'
[13Jan.2024 07:34:01.765] [ForkJoinPool-1-worker-1/INFO] [dan200.computercraft.core.ComputerTestDelegate/]: Starting 'The turtle unequip program -> errors when not a turtle'
[13Jan.2024 07:34:01.766] [ComputerCraft-Coroutine-1/INFO] [dan200.computercraft.core.ComputerTestDelegate/]: 'The turtle unequip program -> errors when not a turtle' finished with pass
[13Jan.2024 07:34:01.766] [ForkJoinPool-1-worker-1/INFO] [dan200.computercraft.core.ComputerTestDelegate/]: Finished 'The turtle unequip program -> errors when not a turtle'
[13Jan.2024 07:34:01.767] [ForkJoinPool-1-worker-1/INFO] [dan200.computercraft.core.ComputerTestDelegate/]: Starting 'The colors library -> colors.rgb8'
[13Jan.2024 07:34:01.767] [ComputerCraft-Coroutine-1/INFO] [dan200.computercraft.core.ComputerTestDelegate/]: 'The colors library -> colors.rgb8' finished with pass
[13Jan.2024 07:34:01.767] [ForkJoinPool-1-worker-1/INFO] [dan200.computercraft.core.ComputerTestDelegate/]: Finished 'The colors library -> colors.rgb8'
[13Jan.2024 07:34:01.767] [ForkJoinPool-1-worker-1/INFO] [dan200.computercraft.core.ComputerTestDelegate/]: Starting 'The colors library -> colors.subtract -> accepts multiple arguments'
[13Jan.2024 07:34:01.768] [ComputerCraft-Coroutine-1/INFO] [dan200.computercraft.core.ComputerTestDelegate/]: 'The colors library -> colors.subtract -> accepts multiple arguments' finished with pass
[13Jan.2024 07:34:01.768] [ForkJoinPool-1-worker-1/INFO] [dan200.computercraft.core.ComputerTestDelegate/]: Finished 'The colors library -> colors.subtract -> accepts multiple arguments'
[13Jan.2024 07:34:01.768] [ForkJoinPool-1-worker-1/INFO] [dan200.computercraft.core.ComputerTestDelegate/]: Starting 'The colors library -> colors.subtract -> subtracts colours'
[13Jan.2024 07:34:01.768] [ComputerCraft-Coroutine-1/INFO] [dan200.computercraft.core.ComputerTestDelegate/]: 'The colors library -> colors.subtract -> subtracts colours' finished with pass
[13Jan.2024 07:34:01.768] [ForkJoinPool-1-worker-1/INFO] [dan200.computercraft.core.ComputerTestDelegate/]: Finished 'The colors library -> colors.subtract -> subtracts colours'
[13Jan.2024 07:34:01.769] [ForkJoinPool-1-worker-1/INFO] [dan200.computercraft.core.ComputerTestDelegate/]: Starting 'The colors library -> colors.subtract -> does nothing when color is not present'
[13Jan.2024 07:34:01.769] [ComputerCraft-Coroutine-1/INFO] [dan200.computercraft.core.ComputerTestDelegate/]: 'The colors library -> colors.subtract -> does nothing when color is not present' finished with pass
[13Jan.2024 07:34:01.769] [ForkJoinPool-1-worker-1/INFO] [dan200.computercraft.core.ComputerTestDelegate/]: Finished 'The colors library -> colors.subtract -> does nothing when color is not present'
[13Jan.2024 07:34:01.769] [ForkJoinPool-1-worker-1/INFO] [dan200.computercraft.core.ComputerTestDelegate/]: Starting 'The colors library -> colors.subtract -> validates arguments'
[13Jan.2024 07:34:01.770] [ComputerCraft-Coroutine-1/INFO] [dan200.computercraft.core.ComputerTestDelegate/]: 'The colors library -> colors.subtract -> validates arguments' finished with pass
[13Jan.2024 07:34:01.770] [ForkJoinPool-1-worker-1/INFO] [dan200.computercraft.core.ComputerTestDelegate/]: Finished 'The colors library -> colors.subtract -> validates arguments'
[13Jan.2024 07:34:01.770] [ForkJoinPool-1-worker-1/INFO] [dan200.computercraft.core.ComputerTestDelegate/]: Starting 'The colors library -> colors.combine -> combines colours'
[13Jan.2024 07:34:01.770] [ComputerCraft-Coroutine-1/INFO] [dan200.computercraft.core.ComputerTestDelegate/]: 'The colors library -> colors.combine -> combines colours' finished with pass
[13Jan.2024 07:34:01.771] [ForkJoinPool-1-worker-1/INFO] [dan200.computercraft.core.ComputerTestDelegate/]: Finished 'The colors library -> colors.combine -> combines colours'
[13Jan.2024 07:34:01.771] [ForkJoinPool-1-worker-1/INFO] [dan200.computercraft.core.ComputerTestDelegate/]: Starting 'The colors library -> colors.combine -> validates arguments'
[13Jan.2024 07:34:01.771] [ComputerCraft-Coroutine-1/INFO] [dan200.computercraft.core.ComputerTestDelegate/]: 'The colors library -> colors.combine -> validates arguments' finished with pass
[13Jan.2024 07:34:01.771] [ForkJoinPool-1-worker-1/INFO] [dan200.computercraft.core.ComputerTestDelegate/]: Finished 'The colors library -> colors.combine -> validates arguments'
[13Jan.2024 07:34:01.772] [ForkJoinPool-1-worker-1/INFO] [dan200.computercraft.core.ComputerTestDelegate/]: Starting 'The colors library -> colors.unpackRGB -> validates arguments'
[13Jan.2024 07:34:01.772] [ComputerCraft-Coroutine-1/INFO] [dan200.computercraft.core.ComputerTestDelegate/]: 'The colors library -> colors.unpackRGB -> validates arguments' finished with pass
[13Jan.2024 07:34:01.772] [ForkJoinPool-1-worker-1/INFO] [dan200.computercraft.core.ComputerTestDelegate/]: Finished 'The colors library -> colors.unpackRGB -> validates arguments'
[13Jan.2024 07:34:01.772] [ForkJoinPool-1-worker-1/INFO] [dan200.computercraft.core.ComputerTestDelegate/]: Starting 'The colors library -> colors.unpackRGB -> unpacks colours'
[13Jan.2024 07:34:01.773] [ComputerCraft-Coroutine-1/INFO] [dan200.computercraft.core.ComputerTestDelegate/]: 'The colors library -> colors.unpackRGB -> unpacks colours' finished with pass
[13Jan.2024 07:34:01.773] [ForkJoinPool-1-worker-1/INFO] [dan200.computercraft.core.ComputerTestDelegate/]: Finished 'The colors library -> colors.unpackRGB -> unpacks colours'
[13Jan.2024 07:34:01.773] [ForkJoinPool-1-worker-1/INFO] [dan200.computercraft.core.ComputerTestDelegate/]: Starting 'The colors library -> colors.packRGB -> packs colours'
[13Jan.2024 07:34:01.773] [ComputerCraft-Coroutine-1/INFO] [dan200.computercraft.core.ComputerTestDelegate/]: 'The colors library -> colors.packRGB -> packs colours' finished with pass
[13Jan.2024 07:34:01.773] [ForkJoinPool-1-worker-1/INFO] [dan200.computercraft.core.ComputerTestDelegate/]: Finished 'The colors library -> colors.packRGB -> packs colours'
[13Jan.2024 07:34:01.774] [ForkJoinPool-1-worker-1/INFO] [dan200.computercraft.core.ComputerTestDelegate/]: Starting 'The colors library -> colors.packRGB -> validates arguments'
[13Jan.2024 07:34:01.774] [ComputerCraft-Coroutine-1/INFO] [dan200.computercraft.core.ComputerTestDelegate/]: 'The colors library -> colors.packRGB -> validates arguments' finished with pass
[13Jan.2024 07:34:01.774] [ForkJoinPool-1-worker-1/INFO] [dan200.computercraft.core.ComputerTestDelegate/]: Finished 'The colors library -> colors.packRGB -> validates arguments'
[13Jan.2024 07:34:01.775] [ForkJoinPool-1-worker-1/INFO] [dan200.computercraft.core.ComputerTestDelegate/]: Starting 'The colors library -> colors.toBlit -> converts all colors'
[13Jan.2024 07:34:01.775] [ComputerCraft-Coroutine-1/INFO] [dan200.computercraft.core.ComputerTestDelegate/]: 'The colors library -> colors.toBlit -> converts all colors' finished with pass
[13Jan.2024 07:34:01.775] [ForkJoinPool-1-worker-1/INFO] [dan200.computercraft.core.ComputerTestDelegate/]: Finished 'The colors library -> colors.toBlit -> converts all colors'
[13Jan.2024 07:34:01.775] [ForkJoinPool-1-worker-1/INFO] [dan200.computercraft.core.ComputerTestDelegate/]: Starting 'The colors library -> colors.toBlit -> floors colors'
[13Jan.2024 07:34:01.776] [ComputerCraft-Coroutine-1/INFO] [dan200.computercraft.core.ComputerTestDelegate/]: 'The colors library -> colors.toBlit -> floors colors' finished with pass
[13Jan.2024 07:34:01.776] [ForkJoinPool-1-worker-1/INFO] [dan200.computercraft.core.ComputerTestDelegate/]: Finished 'The colors library -> colors.toBlit -> floors colors'
[13Jan.2024 07:34:01.776] [ForkJoinPool-1-worker-1/INFO] [dan200.computercraft.core.ComputerTestDelegate/]: Starting 'The colors library -> colors.toBlit -> validates arguments'
[13Jan.2024 07:34:01.776] [ComputerCraft-Coroutine-1/INFO] [dan200.computercraft.core.ComputerTestDelegate/]: 'The colors library -> colors.toBlit -> validates arguments' finished with pass
[13Jan.2024 07:34:01.776] [ForkJoinPool-1-worker-1/INFO] [dan200.computercraft.core.ComputerTestDelegate/]: Finished 'The colors library -> colors.toBlit -> validates arguments'
[13Jan.2024 07:34:01.777] [ForkJoinPool-1-worker-1/INFO] [dan200.computercraft.core.ComputerTestDelegate/]: Starting 'The colors library -> colors.test -> allows multiple colors'
[13Jan.2024 07:34:01.777] [ComputerCraft-Coroutine-1/INFO] [dan200.computercraft.core.ComputerTestDelegate/]: 'The colors library -> colors.test -> allows multiple colors' finished with pass
[13Jan.2024 07:34:01.777] [ForkJoinPool-1-worker-1/INFO] [dan200.computercraft.core.ComputerTestDelegate/]: Finished 'The colors library -> colors.test -> allows multiple colors'
[13Jan.2024 07:34:01.777] [ForkJoinPool-1-worker-1/INFO] [dan200.computercraft.core.ComputerTestDelegate/]: Starting 'The colors library -> colors.test -> returns false when absent'
[13Jan.2024 07:34:01.778] [ComputerCraft-Coroutine-1/INFO] [dan200.computercraft.core.ComputerTestDelegate/]: 'The colors library -> colors.test -> returns false when absent' finished with pass
[13Jan.2024 07:34:01.778] [ForkJoinPool-1-worker-1/INFO] [dan200.computercraft.core.ComputerTestDelegate/]: Finished 'The colors library -> colors.test -> returns false when absent'
[13Jan.2024 07:34:01.778] [ForkJoinPool-1-worker-1/INFO] [dan200.computercraft.core.ComputerTestDelegate/]: Starting 'The colors library -> colors.test -> validates arguments'
[13Jan.2024 07:34:01.778] [ComputerCraft-Coroutine-1/INFO] [dan200.computercraft.core.ComputerTestDelegate/]: 'The colors library -> colors.test -> validates arguments' finished with pass
[13Jan.2024 07:34:01.778] [ForkJoinPool-1-worker-1/INFO] [dan200.computercraft.core.ComputerTestDelegate/]: Finished 'The colors library -> colors.test -> validates arguments'
[13Jan.2024 07:34:01.779] [ForkJoinPool-1-worker-1/INFO] [dan200.computercraft.core.ComputerTestDelegate/]: Starting 'The colors library -> colors.test -> returns true when present'
[13Jan.2024 07:34:01.779] [ComputerCraft-Coroutine-1/INFO] [dan200.computercraft.core.ComputerTestDelegate/]: 'The colors library -> colors.test -> returns true when present' finished with pass
[13Jan.2024 07:34:01.779] [ForkJoinPool-1-worker-1/INFO] [dan200.computercraft.core.ComputerTestDelegate/]: Finished 'The colors library -> colors.test -> returns true when present'
[13Jan.2024 07:34:01.779] [ForkJoinPool-1-worker-1/INFO] [dan200.computercraft.core.ComputerTestDelegate/]: Starting 'The label program -> displays the computer's label -> when it is not labelled'
[13Jan.2024 07:34:01.787] [ComputerCraft-Coroutine-1/INFO] [dan200.computercraft.core.ComputerTestDelegate/]: 'The label program -> displays the computer's label -> when it is not labelled' finished with pass
[13Jan.2024 07:34:01.787] [ForkJoinPool-1-worker-1/INFO] [dan200.computercraft.core.ComputerTestDelegate/]: Finished 'The label program -> displays the computer's label -> when it is not labelled'
[13Jan.2024 07:34:01.787] [ForkJoinPool-1-worker-1/INFO] [dan200.computercraft.core.ComputerTestDelegate/]: Starting 'The label program -> displays the computer's label -> when it is labelled'
[13Jan.2024 07:34:01.788] [ComputerCraft-Coroutine-1/INFO] [dan200.computercraft.core.ComputerTestDelegate/]: 'The label program -> displays the computer's label -> when it is labelled' finished with pass
[13Jan.2024 07:34:01.789] [ForkJoinPool-1-worker-1/INFO] [dan200.computercraft.core.ComputerTestDelegate/]: Finished 'The label program -> displays the computer's label -> when it is labelled'
[13Jan.2024 07:34:01.789] [ForkJoinPool-1-worker-1/INFO] [dan200.computercraft.core.ComputerTestDelegate/]: Starting 'The label program -> sets the computer's label'
[13Jan.2024 07:34:01.790] [ComputerCraft-Coroutine-1/INFO] [dan200.computercraft.core.ComputerTestDelegate/]: 'The label program -> sets the computer's label' finished with pass
[13Jan.2024 07:34:01.790] [ForkJoinPool-1-worker-1/INFO] [dan200.computercraft.core.ComputerTestDelegate/]: Finished 'The label program -> sets the computer's label'
[13Jan.2024 07:34:01.790] [ForkJoinPool-1-worker-1/INFO] [dan200.computercraft.core.ComputerTestDelegate/]: Starting 'The label program -> displays its usage when given no arguments'
[13Jan.2024 07:34:01.791] [ComputerCraft-Coroutine-1/INFO] [dan200.computercraft.core.ComputerTestDelegate/]: 'The label program -> displays its usage when given no arguments' finished with pass
[13Jan.2024 07:34:01.791] [ForkJoinPool-1-worker-1/INFO] [dan200.computercraft.core.ComputerTestDelegate/]: Finished 'The label program -> displays its usage when given no arguments'
[13Jan.2024 07:34:01.791] [ForkJoinPool-1-worker-1/INFO] [dan200.computercraft.core.ComputerTestDelegate/]: Starting 'The label program -> clears the computer's label'
[13Jan.2024 07:34:01.792] [ComputerCraft-Coroutine-1/INFO] [dan200.computercraft.core.ComputerTestDelegate/]: 'The label program -> clears the computer's label' finished with pass
[13Jan.2024 07:34:01.792] [ForkJoinPool-1-worker-1/INFO] [dan200.computercraft.core.ComputerTestDelegate/]: Finished 'The label program -> clears the computer's label'
[13Jan.2024 07:34:01.793] [ForkJoinPool-1-worker-1/INFO] [dan200.computercraft.core.ComputerTestDelegate/]: Starting 'The drive program -> fails on a non-existent path'
[13Jan.2024 07:34:01.794] [ComputerCraft-Coroutine-1/INFO] [dan200.computercraft.core.ComputerTestDelegate/]: 'The drive program -> fails on a non-existent path' finished with pass
[13Jan.2024 07:34:01.795] [ForkJoinPool-1-worker-1/INFO] [dan200.computercraft.core.ComputerTestDelegate/]: Finished 'The drive program -> fails on a non-existent path'
[13Jan.2024 07:34:01.795] [ForkJoinPool-1-worker-1/INFO] [dan200.computercraft.core.ComputerTestDelegate/]: Starting 'The drive program -> run the program'
[13Jan.2024 07:34:01.801] [ComputerCraft-Coroutine-1/INFO] [dan200.computercraft.core.ComputerTestDelegate/]: 'The drive program -> run the program' finished with pass
[13Jan.2024 07:34:01.802] [ForkJoinPool-1-worker-1/INFO] [dan200.computercraft.core.ComputerTestDelegate/]: Finished 'The drive program -> run the program'
[13Jan.2024 07:34:01.802] [ForkJoinPool-1-worker-1/INFO] [dan200.computercraft.core.ComputerTestDelegate/]: Starting 'The reboot program -> sleeps and then reboots'
[13Jan.2024 07:34:01.803] [ComputerCraft-Coroutine-1/INFO] [dan200.computercraft.core.ComputerTestDelegate/]: 'The reboot program -> sleeps and then reboots' finished with pass
[13Jan.2024 07:34:01.803] [ForkJoinPool-1-worker-1/INFO] [dan200.computercraft.core.ComputerTestDelegate/]: Finished 'The reboot program -> sleeps and then reboots'
[13Jan.2024 07:34:01.803] [ForkJoinPool-1-worker-1/INFO] [dan200.computercraft.core.ComputerTestDelegate/]: Starting 'The exec program -> displays its usage when given no argument'
[13Jan.2024 07:34:01.804] [ComputerCraft-Coroutine-1/INFO] [dan200.computercraft.core.ComputerTestDelegate/]: 'The exec program -> displays its usage when given no argument' finished with pass
[13Jan.2024 07:34:01.805] [ForkJoinPool-1-worker-1/INFO] [dan200.computercraft.core.ComputerTestDelegate/]: Finished 'The exec program -> displays its usage when given no argument'
[13Jan.2024 07:34:01.805] [ForkJoinPool-1-worker-1/INFO] [dan200.computercraft.core.ComputerTestDelegate/]: Starting 'The exec program -> runs a command'
[13Jan.2024 07:34:01.806] [ComputerCraft-Coroutine-1/INFO] [dan200.computercraft.core.ComputerTestDelegate/]: 'The exec program -> runs a command' finished with pass
[13Jan.2024 07:34:01.806] [ForkJoinPool-1-worker-1/INFO] [dan200.computercraft.core.ComputerTestDelegate/]: Finished 'The exec program -> runs a command'
[13Jan.2024 07:34:01.806] [ForkJoinPool-1-worker-1/INFO] [dan200.computercraft.core.ComputerTestDelegate/]: Starting 'The exec program -> displays an error without the commands api'
[13Jan.2024 07:34:01.807] [ComputerCraft-Coroutine-1/INFO] [dan200.computercraft.core.ComputerTestDelegate/]: 'The exec program -> displays an error without the commands api' finished with pass
[13Jan.2024 07:34:01.807] [ForkJoinPool-1-worker-1/INFO] [dan200.computercraft.core.ComputerTestDelegate/]: Finished 'The exec program -> displays an error without the commands api'
[13Jan.2024 07:34:01.807] [ForkJoinPool-1-worker-1/INFO] [dan200.computercraft.core.ComputerTestDelegate/]: Starting 'The exec program -> reports command failures'
[13Jan.2024 07:34:01.808] [ComputerCraft-Coroutine-1/INFO] [dan200.computercraft.core.ComputerTestDelegate/]: 'The exec program -> reports command failures' finished with pass
[13Jan.2024 07:34:01.808] [ForkJoinPool-1-worker-1/INFO] [dan200.computercraft.core.ComputerTestDelegate/]: Finished 'The exec program -> reports command failures'
[13Jan.2024 07:34:01.808] [ForkJoinPool-1-worker-1/INFO] [dan200.computercraft.core.ComputerTestDelegate/]: Starting 'The rednet library -> rednet.receive -> validates arguments'
[13Jan.2024 07:34:01.809] [ComputerCraft-Coroutine-1/INFO] [dan200.computercraft.core.ComputerTestDelegate/]: 'The rednet library -> rednet.receive -> validates arguments' finished with pass
[13Jan.2024 07:34:01.809] [ForkJoinPool-1-worker-1/INFO] [dan200.computercraft.core.ComputerTestDelegate/]: Finished 'The rednet library -> rednet.receive -> validates arguments'
[13Jan.2024 07:34:01.809] [ForkJoinPool-1-worker-1/INFO] [dan200.computercraft.core.ComputerTestDelegate/]: Starting 'The rednet library -> rednet.unhost -> validates arguments'
[13Jan.2024 07:34:01.809] [ComputerCraft-Coroutine-1/INFO] [dan200.computercraft.core.ComputerTestDelegate/]: 'The rednet library -> rednet.unhost -> validates arguments' finished with pass
[13Jan.2024 07:34:01.809] [ForkJoinPool-1-worker-1/INFO] [dan200.computercraft.core.ComputerTestDelegate/]: Finished 'The rednet library -> rednet.unhost -> validates arguments'
[13Jan.2024 07:34:01.810] [ForkJoinPool-1-worker-1/INFO] [dan200.computercraft.core.ComputerTestDelegate/]: Starting 'The rednet library -> rednet.host -> validates arguments'
[13Jan.2024 07:34:01.810] [ComputerCraft-Coroutine-1/INFO] [dan200.computercraft.core.ComputerTestDelegate/]: 'The rednet library -> rednet.host -> validates arguments' finished with pass
[13Jan.2024 07:34:01.810] [ForkJoinPool-1-worker-1/INFO] [dan200.computercraft.core.ComputerTestDelegate/]: Finished 'The rednet library -> rednet.host -> validates arguments'
[13Jan.2024 07:34:01.810] [ForkJoinPool-1-worker-1/INFO] [dan200.computercraft.core.ComputerTestDelegate/]: Starting 'The rednet library -> rednet.isOpen -> validates arguments'
[13Jan.2024 07:34:01.811] [ComputerCraft-Coroutine-1/INFO] [dan200.computercraft.core.ComputerTestDelegate/]: 'The rednet library -> rednet.isOpen -> validates arguments' finished with pass
[13Jan.2024 07:34:01.811] [ForkJoinPool-1-worker-1/INFO] [dan200.computercraft.core.ComputerTestDelegate/]: Finished 'The rednet library -> rednet.isOpen -> validates arguments'
[13Jan.2024 07:34:01.811] [ForkJoinPool-1-worker-1/INFO] [dan200.computercraft.core.ComputerTestDelegate/]: Starting 'The rednet library -> rednet.send -> queues an event on the current computer'
[13Jan.2024 07:34:01.813] [ComputerCraft-Coroutine-1/INFO] [dan200.computercraft.core.ComputerTestDelegate/]: 'The rednet library -> rednet.send -> queues an event on the current computer' finished with pass
[13Jan.2024 07:34:01.813] [ForkJoinPool-1-worker-1/INFO] [dan200.computercraft.core.ComputerTestDelegate/]: Finished 'The rednet library -> rednet.send -> queues an event on the current computer'
[13Jan.2024 07:34:01.814] [ForkJoinPool-1-worker-1/INFO] [dan200.computercraft.core.ComputerTestDelegate/]: Starting 'The rednet library -> rednet.send -> validates arguments'
[13Jan.2024 07:34:01.816] [ComputerCraft-Coroutine-1/INFO] [dan200.computercraft.core.ComputerTestDelegate/]: 'The rednet library -> rednet.send -> validates arguments' finished with pass
[13Jan.2024 07:34:01.816] [ForkJoinPool-1-worker-1/INFO] [dan200.computercraft.core.ComputerTestDelegate/]: Finished 'The rednet library -> rednet.send -> validates arguments'
[13Jan.2024 07:34:01.816] [ForkJoinPool-1-worker-1/INFO] [dan200.computercraft.core.ComputerTestDelegate/]: Starting 'The rednet library -> rednet.lookup -> validates arguments'
[13Jan.2024 07:34:01.817] [ComputerCraft-Coroutine-1/INFO] [dan200.computercraft.core.ComputerTestDelegate/]: 'The rednet library -> rednet.lookup -> validates arguments' finished with pass
[13Jan.2024 07:34:01.817] [ForkJoinPool-1-worker-1/INFO] [dan200.computercraft.core.ComputerTestDelegate/]: Finished 'The rednet library -> rednet.lookup -> validates arguments'
[13Jan.2024 07:34:01.818] [ForkJoinPool-1-worker-1/INFO] [dan200.computercraft.core.ComputerTestDelegate/]: Starting 'The rednet library -> rednet.lookup -> gets a locally hosted protocol'
[13Jan.2024 07:34:01.818] [ComputerCraft-Coroutine-1/INFO] [dan200.computercraft.core.ComputerTestDelegate/]: 'The rednet library -> rednet.lookup -> gets a locally hosted protocol' finished with pass
[13Jan.2024 07:34:01.818] [ForkJoinPool-1-worker-1/INFO] [dan200.computercraft.core.ComputerTestDelegate/]: Finished 'The rednet library -> rednet.lookup -> gets a locally hosted protocol'
[13Jan.2024 07:34:01.819] [ForkJoinPool-1-worker-1/INFO] [dan200.computercraft.core.ComputerTestDelegate/]: Starting 'The rednet library -> on fake computers -> repeats messages between computers'
[13Jan.2024 07:34:01.825] [ComputerCraft-Coroutine-1/INFO] [dan200.computercraft.core.ComputerTestDelegate/]: 'The rednet library -> on fake computers -> repeats messages between computers' finished with pass
[13Jan.2024 07:34:01.825] [ForkJoinPool-1-worker-1/INFO] [dan200.computercraft.core.ComputerTestDelegate/]: Finished 'The rednet library -> on fake computers -> repeats messages between computers'
[13Jan.2024 07:34:01.825] [ForkJoinPool-1-worker-1/INFO] [dan200.computercraft.core.ComputerTestDelegate/]: Starting 'The rednet library -> on fake computers -> ignores duplicate messages'
[13Jan.2024 07:34:01.832] [ComputerCraft-Coroutine-1/INFO] [dan200.computercraft.core.ComputerTestDelegate/]: 'The rednet library -> on fake computers -> ignores duplicate messages' finished with pass
[13Jan.2024 07:34:01.832] [ForkJoinPool-1-worker-1/INFO] [dan200.computercraft.core.ComputerTestDelegate/]: Finished 'The rednet library -> on fake computers -> ignores duplicate messages'
[13Jan.2024 07:34:01.833] [ForkJoinPool-1-worker-1/INFO] [dan200.computercraft.core.ComputerTestDelegate/]: Starting 'The rednet library -> on fake computers -> handles lookups between computers with massive IDs'
[13Jan.2024 07:34:01.837] [ComputerCraft-Coroutine-1/INFO] [dan200.computercraft.core.ComputerTestDelegate/]: 'The rednet library -> on fake computers -> handles lookups between computers with massive IDs' finished with pass
[13Jan.2024 07:34:01.837] [ForkJoinPool-1-worker-1/INFO] [dan200.computercraft.core.ComputerTestDelegate/]: Finished 'The rednet library -> on fake computers -> handles lookups between computers with massive IDs'
[13Jan.2024 07:34:01.838] [ForkJoinPool-1-worker-1/INFO] [dan200.computercraft.core.ComputerTestDelegate/]: Starting 'The rednet library -> on fake computers -> sends and receives rednet messages'
[13Jan.2024 07:34:01.840] [ComputerCraft-Coroutine-1/INFO] [dan200.computercraft.core.ComputerTestDelegate/]: 'The rednet library -> on fake computers -> sends and receives rednet messages' finished with pass
[13Jan.2024 07:34:01.840] [ForkJoinPool-1-worker-1/INFO] [dan200.computercraft.core.ComputerTestDelegate/]: Finished 'The rednet library -> on fake computers -> sends and receives rednet messages'
[13Jan.2024 07:34:01.841] [ForkJoinPool-1-worker-1/INFO] [dan200.computercraft.core.ComputerTestDelegate/]: Starting 'The rednet library -> on fake computers -> opens and closes channels'
[13Jan.2024 07:34:01.842] [ComputerCraft-Coroutine-1/INFO] [dan200.computercraft.core.ComputerTestDelegate/]: 'The rednet library -> on fake computers -> opens and closes channels' finished with pass
[13Jan.2024 07:34:01.842] [ForkJoinPool-1-worker-1/INFO] [dan200.computercraft.core.ComputerTestDelegate/]: Finished 'The rednet library -> on fake computers -> opens and closes channels'
[13Jan.2024 07:34:01.843] [ForkJoinPool-1-worker-1/INFO] [dan200.computercraft.core.ComputerTestDelegate/]: Starting 'The rednet library -> on fake computers -> repeats messages between computers with massive ids'
[13Jan.2024 07:34:01.847] [ComputerCraft-Coroutine-1/INFO] [dan200.computercraft.core.ComputerTestDelegate/]: 'The rednet library -> on fake computers -> repeats messages between computers with massive ids' finished with pass
[13Jan.2024 07:34:01.848] [ForkJoinPool-1-worker-1/INFO] [dan200.computercraft.core.ComputerTestDelegate/]: Finished 'The rednet library -> on fake computers -> repeats messages between computers with massive ids'
[13Jan.2024 07:34:01.848] [ForkJoinPool-1-worker-1/INFO] [dan200.computercraft.core.ComputerTestDelegate/]: Starting 'The rednet library -> rednet.close -> requires a modem to be present'
[13Jan.2024 07:34:01.849] [ComputerCraft-Coroutine-1/INFO] [dan200.computercraft.core.ComputerTestDelegate/]: 'The rednet library -> rednet.close -> requires a modem to be present' finished with pass
[13Jan.2024 07:34:01.849] [ForkJoinPool-1-worker-1/INFO] [dan200.computercraft.core.ComputerTestDelegate/]: Finished 'The rednet library -> rednet.close -> requires a modem to be present'
[13Jan.2024 07:34:01.849] [ForkJoinPool-1-worker-1/INFO] [dan200.computercraft.core.ComputerTestDelegate/]: Starting 'The rednet library -> rednet.close -> validates arguments'
[13Jan.2024 07:34:01.849] [ComputerCraft-Coroutine-1/INFO] [dan200.computercraft.core.ComputerTestDelegate/]: 'The rednet library -> rednet.close -> validates arguments' finished with pass
[13Jan.2024 07:34:01.849] [ForkJoinPool-1-worker-1/INFO] [dan200.computercraft.core.ComputerTestDelegate/]: Finished 'The rednet library -> rednet.close -> validates arguments'
[13Jan.2024 07:34:01.850] [ForkJoinPool-1-worker-1/INFO] [dan200.computercraft.core.ComputerTestDelegate/]: Starting 'The rednet library -> rednet.open -> requires a modem to be present'
[13Jan.2024 07:34:01.850] [ComputerCraft-Coroutine-1/INFO] [dan200.computercraft.core.ComputerTestDelegate/]: 'The rednet library -> rednet.open -> requires a modem to be present' finished with pass
[13Jan.2024 07:34:01.850] [ForkJoinPool-1-worker-1/INFO] [dan200.computercraft.core.ComputerTestDelegate/]: Finished 'The rednet library -> rednet.open -> requires a modem to be present'
[13Jan.2024 07:34:01.851] [ForkJoinPool-1-worker-1/INFO] [dan200.computercraft.core.ComputerTestDelegate/]: Starting 'The rednet library -> rednet.open -> validates arguments'
[13Jan.2024 07:34:01.851] [ComputerCraft-Coroutine-1/INFO] [dan200.computercraft.core.ComputerTestDelegate/]: 'The rednet library -> rednet.open -> validates arguments' finished with pass
[13Jan.2024 07:34:01.851] [ForkJoinPool-1-worker-1/INFO] [dan200.computercraft.core.ComputerTestDelegate/]: Finished 'The rednet library -> rednet.open -> validates arguments'
[13Jan.2024 07:34:01.851] [ForkJoinPool-1-worker-1/INFO] [dan200.computercraft.core.ComputerTestDelegate/]: Starting 'The rednet library -> rednet.broadcast -> validates arguments'
[13Jan.2024 07:34:01.852] [ComputerCraft-Coroutine-1/INFO] [dan200.computercraft.core.ComputerTestDelegate/]: 'The rednet library -> rednet.broadcast -> validates arguments' finished with pass
[13Jan.2024 07:34:01.852] [ForkJoinPool-1-worker-1/INFO] [dan200.computercraft.core.ComputerTestDelegate/]: Finished 'The rednet library -> rednet.broadcast -> validates arguments'
[13Jan.2024 07:34:01.853] [ForkJoinPool-1-worker-1/INFO] [dan200.computercraft.core.ComputerTestDelegate/]: Starting 'cc.expect -> expect -> includes the function name'
[13Jan.2024 07:34:01.853] [ComputerCraft-Coroutine-1/INFO] [dan200.computercraft.core.ComputerTestDelegate/]: 'cc.expect -> expect -> includes the function name' finished with pass
[13Jan.2024 07:34:01.853] [ForkJoinPool-1-worker-1/INFO] [dan200.computercraft.core.ComputerTestDelegate/]: Finished 'cc.expect -> expect -> includes the function name'
[13Jan.2024 07:34:01.854] [ForkJoinPool-1-worker-1/INFO] [dan200.computercraft.core.ComputerTestDelegate/]: Starting 'cc.expect -> expect -> checks multiple types'
[13Jan.2024 07:34:01.855] [ComputerCraft-Coroutine-1/INFO] [dan200.computercraft.core.ComputerTestDelegate/]: 'cc.expect -> expect -> checks multiple types' finished with pass
[13Jan.2024 07:34:01.855] [ForkJoinPool-1-worker-1/INFO] [dan200.computercraft.core.ComputerTestDelegate/]: Finished 'cc.expect -> expect -> checks multiple types'
[13Jan.2024 07:34:01.855] [ForkJoinPool-1-worker-1/INFO] [dan200.computercraft.core.ComputerTestDelegate/]: Starting 'cc.expect -> expect -> checks a single type'
[13Jan.2024 07:34:01.856] [ComputerCraft-Coroutine-1/INFO] [dan200.computercraft.core.ComputerTestDelegate/]: 'cc.expect -> expect -> checks a single type' finished with pass
[13Jan.2024 07:34:01.856] [ForkJoinPool-1-worker-1/INFO] [dan200.computercraft.core.ComputerTestDelegate/]: Finished 'cc.expect -> expect -> checks a single type'
[13Jan.2024 07:34:01.856] [ForkJoinPool-1-worker-1/INFO] [dan200.computercraft.core.ComputerTestDelegate/]: Starting 'cc.expect -> field -> checks multiple types'
[13Jan.2024 07:34:01.857] [ComputerCraft-Coroutine-1/INFO] [dan200.computercraft.core.ComputerTestDelegate/]: 'cc.expect -> field -> checks multiple types' finished with pass
[13Jan.2024 07:34:01.857] [ForkJoinPool-1-worker-1/INFO] [dan200.computercraft.core.ComputerTestDelegate/]: Finished 'cc.expect -> field -> checks multiple types'
[13Jan.2024 07:34:01.857] [ForkJoinPool-1-worker-1/INFO] [dan200.computercraft.core.ComputerTestDelegate/]: Starting 'cc.expect -> field -> checks a single type'
[13Jan.2024 07:34:01.858] [ComputerCraft-Coroutine-1/INFO] [dan200.computercraft.core.ComputerTestDelegate/]: 'cc.expect -> field -> checks a single type' finished with pass
[13Jan.2024 07:34:01.858] [ForkJoinPool-1-worker-1/INFO] [dan200.computercraft.core.ComputerTestDelegate/]: Finished 'cc.expect -> field -> checks a single type'
[13Jan.2024 07:34:01.858] [ForkJoinPool-1-worker-1/INFO] [dan200.computercraft.core.ComputerTestDelegate/]: Starting 'cc.expect -> range -> fills in min and max if they are nil'
[13Jan.2024 07:34:01.859] [ComputerCraft-Coroutine-1/INFO] [dan200.computercraft.core.ComputerTestDelegate/]: 'cc.expect -> range -> fills in min and max if they are nil' finished with pass
[13Jan.2024 07:34:01.859] [ForkJoinPool-1-worker-1/INFO] [dan200.computercraft.core.ComputerTestDelegate/]: Finished 'cc.expect -> range -> fills in min and max if they are nil'
[13Jan.2024 07:34:01.859] [ForkJoinPool-1-worker-1/INFO] [dan200.computercraft.core.ComputerTestDelegate/]: Starting 'cc.expect -> range -> works fith full args'
[13Jan.2024 07:34:01.860] [ComputerCraft-Coroutine-1/INFO] [dan200.computercraft.core.ComputerTestDelegate/]: 'cc.expect -> range -> works fith full args' finished with pass
[13Jan.2024 07:34:01.860] [ForkJoinPool-1-worker-1/INFO] [dan200.computercraft.core.ComputerTestDelegate/]: Finished 'cc.expect -> range -> works fith full args'
[13Jan.2024 07:34:01.860] [ForkJoinPool-1-worker-1/INFO] [dan200.computercraft.core.ComputerTestDelegate/]: Starting 'The paintutils library -> paintutils.drawBox -> draws a box without overwriting existing content'
[13Jan.2024 07:34:01.861] [ComputerCraft-Coroutine-1/INFO] [dan200.computercraft.core.ComputerTestDelegate/]: 'The paintutils library -> paintutils.drawBox -> draws a box without overwriting existing content' finished with pass
[13Jan.2024 07:34:01.861] [ForkJoinPool-1-worker-1/INFO] [dan200.computercraft.core.ComputerTestDelegate/]: Finished 'The paintutils library -> paintutils.drawBox -> draws a box without overwriting existing content'
[13Jan.2024 07:34:01.861] [ForkJoinPool-1-worker-1/INFO] [dan200.computercraft.core.ComputerTestDelegate/]: Starting 'The paintutils library -> paintutils.drawBox -> draws a box with custom colour'
[13Jan.2024 07:34:01.862] [ComputerCraft-Coroutine-1/INFO] [dan200.computercraft.core.ComputerTestDelegate/]: 'The paintutils library -> paintutils.drawBox -> draws a box with custom colour' finished with pass
[13Jan.2024 07:34:01.862] [ForkJoinPool-1-worker-1/INFO] [dan200.computercraft.core.ComputerTestDelegate/]: Finished 'The paintutils library -> paintutils.drawBox -> draws a box with custom colour'
[13Jan.2024 07:34:01.863] [ForkJoinPool-1-worker-1/INFO] [dan200.computercraft.core.ComputerTestDelegate/]: Starting 'The paintutils library -> paintutils.drawBox -> validates arguments'
[13Jan.2024 07:34:01.863] [ComputerCraft-Coroutine-1/INFO] [dan200.computercraft.core.ComputerTestDelegate/]: 'The paintutils library -> paintutils.drawBox -> validates arguments' finished with pass
[13Jan.2024 07:34:01.863] [ForkJoinPool-1-worker-1/INFO] [dan200.computercraft.core.ComputerTestDelegate/]: Finished 'The paintutils library -> paintutils.drawBox -> validates arguments'
[13Jan.2024 07:34:01.864] [ForkJoinPool-1-worker-1/INFO] [dan200.computercraft.core.ComputerTestDelegate/]: Starting 'The paintutils library -> paintutils.drawBox -> draws a box with term colour'
[13Jan.2024 07:34:01.864] [ComputerCraft-Coroutine-1/INFO] [dan200.computercraft.core.ComputerTestDelegate/]: 'The paintutils library -> paintutils.drawBox -> draws a box with term colour' finished with pass
[13Jan.2024 07:34:01.864] [ForkJoinPool-1-worker-1/INFO] [dan200.computercraft.core.ComputerTestDelegate/]: Finished 'The paintutils library -> paintutils.drawBox -> draws a box with term colour'
[13Jan.2024 07:34:01.865] [ForkJoinPool-1-worker-1/INFO] [dan200.computercraft.core.ComputerTestDelegate/]: Starting 'The paintutils library -> paintutils.drawPixel -> validates arguments'
[13Jan.2024 07:34:01.865] [ComputerCraft-Coroutine-1/INFO] [dan200.computercraft.core.ComputerTestDelegate/]: 'The paintutils library -> paintutils.drawPixel -> validates arguments' finished with pass
[13Jan.2024 07:34:01.865] [ForkJoinPool-1-worker-1/INFO] [dan200.computercraft.core.ComputerTestDelegate/]: Finished 'The paintutils library -> paintutils.drawPixel -> validates arguments'
[13Jan.2024 07:34:01.866] [ForkJoinPool-1-worker-1/INFO] [dan200.computercraft.core.ComputerTestDelegate/]: Starting 'The paintutils library -> paintutils.drawFilledBox -> draws a filled box with custom colour'
[13Jan.2024 07:34:01.866] [ComputerCraft-Coroutine-1/INFO] [dan200.computercraft.core.ComputerTestDelegate/]: 'The paintutils library -> paintutils.drawFilledBox -> draws a filled box with custom colour' finished with pass
[13Jan.2024 07:34:01.866] [ForkJoinPool-1-worker-1/INFO] [dan200.computercraft.core.ComputerTestDelegate/]: Finished 'The paintutils library -> paintutils.drawFilledBox -> draws a filled box with custom colour'
[13Jan.2024 07:34:01.867] [ForkJoinPool-1-worker-1/INFO] [dan200.computercraft.core.ComputerTestDelegate/]: Starting 'The paintutils library -> paintutils.drawFilledBox -> validates arguments'
[13Jan.2024 07:34:01.867] [ComputerCraft-Coroutine-1/INFO] [dan200.computercraft.core.ComputerTestDelegate/]: 'The paintutils library -> paintutils.drawFilledBox -> validates arguments' finished with pass
[13Jan.2024 07:34:01.867] [ForkJoinPool-1-worker-1/INFO] [dan200.computercraft.core.ComputerTestDelegate/]: Finished 'The paintutils library -> paintutils.drawFilledBox -> validates arguments'
[13Jan.2024 07:34:01.868] [ForkJoinPool-1-worker-1/INFO] [dan200.computercraft.core.ComputerTestDelegate/]: Starting 'The paintutils library -> paintutils.drawFilledBox -> draws a filled box with term colour'
[13Jan.2024 07:34:01.868] [ComputerCraft-Coroutine-1/INFO] [dan200.computercraft.core.ComputerTestDelegate/]: 'The paintutils library -> paintutils.drawFilledBox -> draws a filled box with term colour' finished with pass
[13Jan.2024 07:34:01.868] [ForkJoinPool-1-worker-1/INFO] [dan200.computercraft.core.ComputerTestDelegate/]: Finished 'The paintutils library -> paintutils.drawFilledBox -> draws a filled box with term colour'
[13Jan.2024 07:34:01.869] [ForkJoinPool-1-worker-1/INFO] [dan200.computercraft.core.ComputerTestDelegate/]: Starting 'The paintutils library -> paintutils.parseImage -> validates arguments'
[13Jan.2024 07:34:01.869] [ComputerCraft-Coroutine-1/INFO] [dan200.computercraft.core.ComputerTestDelegate/]: 'The paintutils library -> paintutils.parseImage -> validates arguments' finished with pass
[13Jan.2024 07:34:01.869] [ForkJoinPool-1-worker-1/INFO] [dan200.computercraft.core.ComputerTestDelegate/]: Finished 'The paintutils library -> paintutils.parseImage -> validates arguments'
[13Jan.2024 07:34:01.869] [ForkJoinPool-1-worker-1/INFO] [dan200.computercraft.core.ComputerTestDelegate/]: Starting 'The paintutils library -> paintutils.drawLine -> draws a line going diagonally from bottom left'
[13Jan.2024 07:34:01.870] [ComputerCraft-Coroutine-1/INFO] [dan200.computercraft.core.ComputerTestDelegate/]: 'The paintutils library -> paintutils.drawLine -> draws a line going diagonally from bottom left' finished with pass
[13Jan.2024 07:34:01.870] [ForkJoinPool-1-worker-1/INFO] [dan200.computercraft.core.ComputerTestDelegate/]: Finished 'The paintutils library -> paintutils.drawLine -> draws a line going diagonally from bottom left'
[13Jan.2024 07:34:01.870] [ForkJoinPool-1-worker-1/INFO] [dan200.computercraft.core.ComputerTestDelegate/]: Starting 'The paintutils library -> paintutils.drawLine -> draws a line going diagonally with term colour'
[13Jan.2024 07:34:01.871] [ComputerCraft-Coroutine-1/INFO] [dan200.computercraft.core.ComputerTestDelegate/]: 'The paintutils library -> paintutils.drawLine -> draws a line going diagonally with term colour' finished with pass
[13Jan.2024 07:34:01.871] [ForkJoinPool-1-worker-1/INFO] [dan200.computercraft.core.ComputerTestDelegate/]: Finished 'The paintutils library -> paintutils.drawLine -> draws a line going diagonally with term colour'
[13Jan.2024 07:34:01.871] [ForkJoinPool-1-worker-1/INFO] [dan200.computercraft.core.ComputerTestDelegate/]: Starting 'The paintutils library -> paintutils.drawLine -> draws a line going across with custom colour'
[13Jan.2024 07:34:01.872] [ComputerCraft-Coroutine-1/INFO] [dan200.computercraft.core.ComputerTestDelegate/]: 'The paintutils library -> paintutils.drawLine -> draws a line going across with custom colour' finished with pass
[13Jan.2024 07:34:01.872] [ForkJoinPool-1-worker-1/INFO] [dan200.computercraft.core.ComputerTestDelegate/]: Finished 'The paintutils library -> paintutils.drawLine -> draws a line going across with custom colour'
[13Jan.2024 07:34:01.872] [ForkJoinPool-1-worker-1/INFO] [dan200.computercraft.core.ComputerTestDelegate/]: Starting 'The paintutils library -> paintutils.drawLine -> validates arguments'
[13Jan.2024 07:34:01.873] [ComputerCraft-Coroutine-1/INFO] [dan200.computercraft.core.ComputerTestDelegate/]: 'The paintutils library -> paintutils.drawLine -> validates arguments' finished with pass
[13Jan.2024 07:34:01.873] [ForkJoinPool-1-worker-1/INFO] [dan200.computercraft.core.ComputerTestDelegate/]: Finished 'The paintutils library -> paintutils.drawLine -> validates arguments'
[13Jan.2024 07:34:01.873] [ForkJoinPool-1-worker-1/INFO] [dan200.computercraft.core.ComputerTestDelegate/]: Starting 'The paintutils library -> paintutils.loadImage -> validates arguments'
[13Jan.2024 07:34:01.874] [ComputerCraft-Coroutine-1/INFO] [dan200.computercraft.core.ComputerTestDelegate/]: 'The paintutils library -> paintutils.loadImage -> validates arguments' finished with pass
[13Jan.2024 07:34:01.874] [ForkJoinPool-1-worker-1/INFO] [dan200.computercraft.core.ComputerTestDelegate/]: Finished 'The paintutils library -> paintutils.loadImage -> validates arguments'
[13Jan.2024 07:34:01.874] [ForkJoinPool-1-worker-1/INFO] [dan200.computercraft.core.ComputerTestDelegate/]: Starting 'The paintutils library -> paintutils.drawImage -> validates arguments'
[13Jan.2024 07:34:01.875] [ComputerCraft-Coroutine-1/INFO] [dan200.computercraft.core.ComputerTestDelegate/]: 'The paintutils library -> paintutils.drawImage -> validates arguments' finished with pass
[13Jan.2024 07:34:01.875] [ForkJoinPool-1-worker-1/INFO] [dan200.computercraft.core.ComputerTestDelegate/]: Finished 'The paintutils library -> paintutils.drawImage -> validates arguments'
[13Jan.2024 07:34:01.876] [ForkJoinPool-1-worker-1/INFO] [dan200.computercraft.core.ComputerTestDelegate/]: Starting 'The peripherals program -> says when there are no peripherals'
[13Jan.2024 07:34:01.877] [ComputerCraft-Coroutine-1/INFO] [dan200.computercraft.core.ComputerTestDelegate/]: 'The peripherals program -> says when there are no peripherals' finished with pass
[13Jan.2024 07:34:01.877] [ForkJoinPool-1-worker-1/INFO] [dan200.computercraft.core.ComputerTestDelegate/]: Finished 'The peripherals program -> says when there are no peripherals'
[13Jan.2024 07:34:01.877] [ForkJoinPool-1-worker-1/INFO] [dan200.computercraft.core.ComputerTestDelegate/]: Starting 'cc.pretty -> ensure_width -> truncates lines'
[13Jan.2024 07:34:01.877] [ComputerCraft-Coroutine-1/INFO] [dan200.computercraft.core.ComputerTestDelegate/]: 'cc.pretty -> ensure_width -> truncates lines' finished with pass
[13Jan.2024 07:34:01.877] [ForkJoinPool-1-worker-1/INFO] [dan200.computercraft.core.ComputerTestDelegate/]: Finished 'cc.pretty -> ensure_width -> truncates lines'
[13Jan.2024 07:34:01.878] [ForkJoinPool-1-worker-1/INFO] [dan200.computercraft.core.ComputerTestDelegate/]: Starting 'cc.pretty -> ensure_width -> validates arguments'
[13Jan.2024 07:34:01.878] [ComputerCraft-Coroutine-1/INFO] [dan200.computercraft.core.ComputerTestDelegate/]: 'cc.pretty -> ensure_width -> validates arguments' finished with pass
[13Jan.2024 07:34:01.879] [ForkJoinPool-1-worker-1/INFO] [dan200.computercraft.core.ComputerTestDelegate/]: Finished 'cc.pretty -> ensure_width -> validates arguments'
[13Jan.2024 07:34:01.879] [ForkJoinPool-1-worker-1/INFO] [dan200.computercraft.core.ComputerTestDelegate/]: Starting 'cc.pretty -> ensure_width -> pads lines'
[13Jan.2024 07:34:01.879] [ComputerCraft-Coroutine-1/INFO] [dan200.computercraft.core.ComputerTestDelegate/]: 'cc.pretty -> ensure_width -> pads lines' finished with pass
[13Jan.2024 07:34:01.879] [ForkJoinPool-1-worker-1/INFO] [dan200.computercraft.core.ComputerTestDelegate/]: Finished 'cc.pretty -> ensure_width -> pads lines'
[13Jan.2024 07:34:01.880] [ForkJoinPool-1-worker-1/INFO] [dan200.computercraft.core.ComputerTestDelegate/]: Starting 'cc.pretty -> pretty -> tables -> displays list-like tables'
[13Jan.2024 07:34:01.880] [ComputerCraft-Coroutine-1/INFO] [dan200.computercraft.core.ComputerTestDelegate/]: 'cc.pretty -> pretty -> tables -> displays list-like tables' finished with pass
[13Jan.2024 07:34:01.880] [ForkJoinPool-1-worker-1/INFO] [dan200.computercraft.core.ComputerTestDelegate/]: Finished 'cc.pretty -> pretty -> tables -> displays list-like tables'
[13Jan.2024 07:34:01.881] [ForkJoinPool-1-worker-1/INFO] [dan200.computercraft.core.ComputerTestDelegate/]: Starting 'cc.pretty -> pretty -> tables -> escapes keys'
[13Jan.2024 07:34:01.881] [ComputerCraft-Coroutine-1/INFO] [dan200.computercraft.core.ComputerTestDelegate/]: 'cc.pretty -> pretty -> tables -> escapes keys' finished with pass
[13Jan.2024 07:34:01.881] [ForkJoinPool-1-worker-1/INFO] [dan200.computercraft.core.ComputerTestDelegate/]: Finished 'cc.pretty -> pretty -> tables -> escapes keys'
[13Jan.2024 07:34:01.881] [ForkJoinPool-1-worker-1/INFO] [dan200.computercraft.core.ComputerTestDelegate/]: Starting 'cc.pretty -> pretty -> tables -> groups tables'
[13Jan.2024 07:34:01.882] [ComputerCraft-Coroutine-1/INFO] [dan200.computercraft.core.ComputerTestDelegate/]: 'cc.pretty -> pretty -> tables -> groups tables' finished with pass
[13Jan.2024 07:34:01.882] [ForkJoinPool-1-worker-1/INFO] [dan200.computercraft.core.ComputerTestDelegate/]: Finished 'cc.pretty -> pretty -> tables -> groups tables'
[13Jan.2024 07:34:01.882] [ForkJoinPool-1-worker-1/INFO] [dan200.computercraft.core.ComputerTestDelegate/]: Starting 'cc.pretty -> pretty -> tables -> sorts keys'
[13Jan.2024 07:34:01.883] [ComputerCraft-Coroutine-1/INFO] [dan200.computercraft.core.ComputerTestDelegate/]: 'cc.pretty -> pretty -> tables -> sorts keys' finished with pass
[13Jan.2024 07:34:01.883] [ForkJoinPool-1-worker-1/INFO] [dan200.computercraft.core.ComputerTestDelegate/]: Finished 'cc.pretty -> pretty -> tables -> sorts keys'
[13Jan.2024 07:34:01.883] [ForkJoinPool-1-worker-1/INFO] [dan200.computercraft.core.ComputerTestDelegate/]: Starting 'cc.pretty -> pretty -> tables -> displays mixed tables'
[13Jan.2024 07:34:01.884] [ComputerCraft-Coroutine-1/INFO] [dan200.computercraft.core.ComputerTestDelegate/]: 'cc.pretty -> pretty -> tables -> displays mixed tables' finished with pass
[13Jan.2024 07:34:01.884] [ForkJoinPool-1-worker-1/INFO] [dan200.computercraft.core.ComputerTestDelegate/]: Finished 'cc.pretty -> pretty -> tables -> displays mixed tables'
[13Jan.2024 07:34:01.884] [ForkJoinPool-1-worker-1/INFO] [dan200.computercraft.core.ComputerTestDelegate/]: Starting 'cc.pretty -> pretty -> tables -> displays empty tables'
[13Jan.2024 07:34:01.884] [ComputerCraft-Coroutine-1/INFO] [dan200.computercraft.core.ComputerTestDelegate/]: 'cc.pretty -> pretty -> tables -> displays empty tables' finished with pass
[13Jan.2024 07:34:01.884] [ForkJoinPool-1-worker-1/INFO] [dan200.computercraft.core.ComputerTestDelegate/]: Finished 'cc.pretty -> pretty -> tables -> displays empty tables'
[13Jan.2024 07:34:01.884] [ForkJoinPool-1-worker-1/INFO] [dan200.computercraft.core.ComputerTestDelegate/]: Starting 'cc.pretty -> pretty -> tables -> handles sparse tables'
[13Jan.2024 07:34:01.885] [ComputerCraft-Coroutine-1/INFO] [dan200.computercraft.core.ComputerTestDelegate/]: 'cc.pretty -> pretty -> tables -> handles sparse tables' finished with pass
[13Jan.2024 07:34:01.885] [ForkJoinPool-1-worker-1/INFO] [dan200.computercraft.core.ComputerTestDelegate/]: Finished 'cc.pretty -> pretty -> tables -> handles sparse tables'
[13Jan.2024 07:34:01.885] [ForkJoinPool-1-worker-1/INFO] [dan200.computercraft.core.ComputerTestDelegate/]: Starting 'cc.pretty -> pretty -> functions -> shows the function source'
[13Jan.2024 07:34:01.886] [ComputerCraft-Coroutine-1/INFO] [dan200.computercraft.core.ComputerTestDelegate/]: 'cc.pretty -> pretty -> functions -> shows the function source' finished with pass
[13Jan.2024 07:34:01.886] [ForkJoinPool-1-worker-1/INFO] [dan200.computercraft.core.ComputerTestDelegate/]: Finished 'cc.pretty -> pretty -> functions -> shows the function source'
[13Jan.2024 07:34:01.886] [ForkJoinPool-1-worker-1/INFO] [dan200.computercraft.core.ComputerTestDelegate/]: Starting 'cc.pretty -> pretty -> functions -> shows function arguments'
[13Jan.2024 07:34:01.886] [ComputerCraft-Coroutine-1/INFO] [dan200.computercraft.core.ComputerTestDelegate/]: 'cc.pretty -> pretty -> functions -> shows function arguments' finished with pass
[13Jan.2024 07:34:01.886] [ForkJoinPool-1-worker-1/INFO] [dan200.computercraft.core.ComputerTestDelegate/]: Finished 'cc.pretty -> pretty -> functions -> shows function arguments'
[13Jan.2024 07:34:01.887] [ForkJoinPool-1-worker-1/INFO] [dan200.computercraft.core.ComputerTestDelegate/]: Starting 'cc.pretty -> pretty -> functions -> shows functions'
[13Jan.2024 07:34:01.887] [ComputerCraft-Coroutine-1/INFO] [dan200.computercraft.core.ComputerTestDelegate/]: 'cc.pretty -> pretty -> functions -> shows functions' finished with pass
[13Jan.2024 07:34:01.887] [ForkJoinPool-1-worker-1/INFO] [dan200.computercraft.core.ComputerTestDelegate/]: Finished 'cc.pretty -> pretty -> functions -> shows functions'
[13Jan.2024 07:34:01.887] [ForkJoinPool-1-worker-1/INFO] [dan200.computercraft.core.ComputerTestDelegate/]: Starting 'cc.pretty -> pretty -> shows strings'
[13Jan.2024 07:34:01.888] [ComputerCraft-Coroutine-1/INFO] [dan200.computercraft.core.ComputerTestDelegate/]: 'cc.pretty -> pretty -> shows strings' finished with pass
[13Jan.2024 07:34:01.888] [ForkJoinPool-1-worker-1/INFO] [dan200.computercraft.core.ComputerTestDelegate/]: Finished 'cc.pretty -> pretty -> shows strings'
[13Jan.2024 07:34:01.888] [ForkJoinPool-1-worker-1/INFO] [dan200.computercraft.core.ComputerTestDelegate/]: Starting 'cc.pretty -> pretty -> shows numbers'
[13Jan.2024 07:34:01.889] [ComputerCraft-Coroutine-1/INFO] [dan200.computercraft.core.ComputerTestDelegate/]: 'cc.pretty -> pretty -> shows numbers' finished with pass
[13Jan.2024 07:34:01.889] [ForkJoinPool-1-worker-1/INFO] [dan200.computercraft.core.ComputerTestDelegate/]: Finished 'cc.pretty -> pretty -> shows numbers'
[13Jan.2024 07:34:01.889] [ForkJoinPool-1-worker-1/INFO] [dan200.computercraft.core.ComputerTestDelegate/]: Starting 'cc.pretty -> text -> is constant for the empty string'
[13Jan.2024 07:34:01.889] [ComputerCraft-Coroutine-1/INFO] [dan200.computercraft.core.ComputerTestDelegate/]: 'cc.pretty -> text -> is constant for the empty string' finished with pass
[13Jan.2024 07:34:01.889] [ForkJoinPool-1-worker-1/INFO] [dan200.computercraft.core.ComputerTestDelegate/]: Finished 'cc.pretty -> text -> is constant for the empty string'
[13Jan.2024 07:34:01.890] [ForkJoinPool-1-worker-1/INFO] [dan200.computercraft.core.ComputerTestDelegate/]: Starting 'cc.pretty -> text -> is constant for a newline'
[13Jan.2024 07:34:01.890] [ComputerCraft-Coroutine-1/INFO] [dan200.computercraft.core.ComputerTestDelegate/]: 'cc.pretty -> text -> is constant for a newline' finished with pass
[13Jan.2024 07:34:01.890] [ForkJoinPool-1-worker-1/INFO] [dan200.computercraft.core.ComputerTestDelegate/]: Finished 'cc.pretty -> text -> is constant for a newline'
[13Jan.2024 07:34:01.890] [ForkJoinPool-1-worker-1/INFO] [dan200.computercraft.core.ComputerTestDelegate/]: Starting 'cc.pretty -> text -> splits lines'
[13Jan.2024 07:34:01.891] [ComputerCraft-Coroutine-1/INFO] [dan200.computercraft.core.ComputerTestDelegate/]: 'cc.pretty -> text -> splits lines' finished with pass
[13Jan.2024 07:34:01.891] [ForkJoinPool-1-worker-1/INFO] [dan200.computercraft.core.ComputerTestDelegate/]: Finished 'cc.pretty -> text -> splits lines'
[13Jan.2024 07:34:01.891] [ForkJoinPool-1-worker-1/INFO] [dan200.computercraft.core.ComputerTestDelegate/]: Starting 'cc.pretty -> text -> preserves empty lines'
[13Jan.2024 07:34:01.891] [ComputerCraft-Coroutine-1/INFO] [dan200.computercraft.core.ComputerTestDelegate/]: 'cc.pretty -> text -> preserves empty lines' finished with pass
[13Jan.2024 07:34:01.892] [ForkJoinPool-1-worker-1/INFO] [dan200.computercraft.core.ComputerTestDelegate/]: Finished 'cc.pretty -> text -> preserves empty lines'
[13Jan.2024 07:34:01.892] [ForkJoinPool-1-worker-1/INFO] [dan200.computercraft.core.ComputerTestDelegate/]: Starting 'cc.pretty -> text -> is constant for a space'
[13Jan.2024 07:34:01.892] [ComputerCraft-Coroutine-1/INFO] [dan200.computercraft.core.ComputerTestDelegate/]: 'cc.pretty -> text -> is constant for a space' finished with pass
[13Jan.2024 07:34:01.892] [ForkJoinPool-1-worker-1/INFO] [dan200.computercraft.core.ComputerTestDelegate/]: Finished 'cc.pretty -> text -> is constant for a space'
[13Jan.2024 07:34:01.892] [ForkJoinPool-1-worker-1/INFO] [dan200.computercraft.core.ComputerTestDelegate/]: Starting 'cc.pretty -> text -> validates arguments'
[13Jan.2024 07:34:01.893] [ComputerCraft-Coroutine-1/INFO] [dan200.computercraft.core.ComputerTestDelegate/]: 'cc.pretty -> text -> validates arguments' finished with pass
[13Jan.2024 07:34:01.893] [ForkJoinPool-1-worker-1/INFO] [dan200.computercraft.core.ComputerTestDelegate/]: Finished 'cc.pretty -> text -> validates arguments'
[13Jan.2024 07:34:01.893] [ForkJoinPool-1-worker-1/INFO] [dan200.computercraft.core.ComputerTestDelegate/]: Starting 'cc.pretty -> text -> produces text documents'
[13Jan.2024 07:34:01.894] [ComputerCraft-Coroutine-1/INFO] [dan200.computercraft.core.ComputerTestDelegate/]: 'cc.pretty -> text -> produces text documents' finished with pass
[13Jan.2024 07:34:01.894] [ForkJoinPool-1-worker-1/INFO] [dan200.computercraft.core.ComputerTestDelegate/]: Finished 'cc.pretty -> text -> produces text documents'
[13Jan.2024 07:34:01.894] [ForkJoinPool-1-worker-1/INFO] [dan200.computercraft.core.ComputerTestDelegate/]: Starting 'cc.pretty -> concat -> returns empty with 0 arguments'
[13Jan.2024 07:34:01.894] [ComputerCraft-Coroutine-1/INFO] [dan200.computercraft.core.ComputerTestDelegate/]: 'cc.pretty -> concat -> returns empty with 0 arguments' finished with pass
[13Jan.2024 07:34:01.894] [ForkJoinPool-1-worker-1/INFO] [dan200.computercraft.core.ComputerTestDelegate/]: Finished 'cc.pretty -> concat -> returns empty with 0 arguments'
[13Jan.2024 07:34:01.895] [ForkJoinPool-1-worker-1/INFO] [dan200.computercraft.core.ComputerTestDelegate/]: Starting 'cc.pretty -> concat -> acts as the identity with 1 argument'
[13Jan.2024 07:34:01.895] [ComputerCraft-Coroutine-1/INFO] [dan200.computercraft.core.ComputerTestDelegate/]: 'cc.pretty -> concat -> acts as the identity with 1 argument' finished with pass
[13Jan.2024 07:34:01.895] [ForkJoinPool-1-worker-1/INFO] [dan200.computercraft.core.ComputerTestDelegate/]: Finished 'cc.pretty -> concat -> acts as the identity with 1 argument'
[13Jan.2024 07:34:01.895] [ForkJoinPool-1-worker-1/INFO] [dan200.computercraft.core.ComputerTestDelegate/]: Starting 'cc.pretty -> concat -> can be used as an operator'
[13Jan.2024 07:34:01.895] [ComputerCraft-Coroutine-1/INFO] [dan200.computercraft.core.ComputerTestDelegate/]: 'cc.pretty -> concat -> can be used as an operator' finished with pass
[13Jan.2024 07:34:01.896] [ForkJoinPool-1-worker-1/INFO] [dan200.computercraft.core.ComputerTestDelegate/]: Finished 'cc.pretty -> concat -> can be used as an operator'
[13Jan.2024 07:34:01.896] [ForkJoinPool-1-worker-1/INFO] [dan200.computercraft.core.ComputerTestDelegate/]: Starting 'cc.pretty -> concat -> validates arguments'
[13Jan.2024 07:34:01.896] [ComputerCraft-Coroutine-1/INFO] [dan200.computercraft.core.ComputerTestDelegate/]: 'cc.pretty -> concat -> validates arguments' finished with pass
[13Jan.2024 07:34:01.896] [ForkJoinPool-1-worker-1/INFO] [dan200.computercraft.core.ComputerTestDelegate/]: Finished 'cc.pretty -> concat -> validates arguments'
[13Jan.2024 07:34:01.897] [ForkJoinPool-1-worker-1/INFO] [dan200.computercraft.core.ComputerTestDelegate/]: Starting 'cc.pretty -> concat -> coerces strings'
[13Jan.2024 07:34:01.897] [ComputerCraft-Coroutine-1/INFO] [dan200.computercraft.core.ComputerTestDelegate/]: 'cc.pretty -> concat -> coerces strings' finished with pass
[13Jan.2024 07:34:01.897] [ForkJoinPool-1-worker-1/INFO] [dan200.computercraft.core.ComputerTestDelegate/]: Finished 'cc.pretty -> concat -> coerces strings'
[13Jan.2024 07:34:01.897] [ForkJoinPool-1-worker-1/INFO] [dan200.computercraft.core.ComputerTestDelegate/]: Starting 'cc.pretty -> write -> displays the empty document'
[13Jan.2024 07:34:01.898] [ComputerCraft-Coroutine-1/INFO] [dan200.computercraft.core.ComputerTestDelegate/]: 'cc.pretty -> write -> displays the empty document' finished with pass
[13Jan.2024 07:34:01.898] [ForkJoinPool-1-worker-1/INFO] [dan200.computercraft.core.ComputerTestDelegate/]: Finished 'cc.pretty -> write -> displays the empty document'
[13Jan.2024 07:34:01.898] [ForkJoinPool-1-worker-1/INFO] [dan200.computercraft.core.ComputerTestDelegate/]: Starting 'cc.pretty -> write -> displays an expanded group'
[13Jan.2024 07:34:01.899] [ComputerCraft-Coroutine-1/INFO] [dan200.computercraft.core.ComputerTestDelegate/]: 'cc.pretty -> write -> displays an expanded group' finished with pass
[13Jan.2024 07:34:01.899] [ForkJoinPool-1-worker-1/INFO] [dan200.computercraft.core.ComputerTestDelegate/]: Finished 'cc.pretty -> write -> displays an expanded group'
[13Jan.2024 07:34:01.899] [ForkJoinPool-1-worker-1/INFO] [dan200.computercraft.core.ComputerTestDelegate/]: Starting 'cc.pretty -> write -> wraps a long string'
[13Jan.2024 07:34:01.900] [ComputerCraft-Coroutine-1/INFO] [dan200.computercraft.core.ComputerTestDelegate/]: 'cc.pretty -> write -> wraps a long string' finished with pass
[13Jan.2024 07:34:01.900] [ForkJoinPool-1-worker-1/INFO] [dan200.computercraft.core.ComputerTestDelegate/]: Finished 'cc.pretty -> write -> wraps a long string'
[13Jan.2024 07:34:01.900] [ForkJoinPool-1-worker-1/INFO] [dan200.computercraft.core.ComputerTestDelegate/]: Starting 'cc.pretty -> write -> displays a nested string'
[13Jan.2024 07:34:01.901] [ComputerCraft-Coroutine-1/INFO] [dan200.computercraft.core.ComputerTestDelegate/]: 'cc.pretty -> write -> displays a nested string' finished with pass
[13Jan.2024 07:34:01.901] [ForkJoinPool-1-worker-1/INFO] [dan200.computercraft.core.ComputerTestDelegate/]: Finished 'cc.pretty -> write -> displays a nested string'
[13Jan.2024 07:34:01.901] [ForkJoinPool-1-worker-1/INFO] [dan200.computercraft.core.ComputerTestDelegate/]: Starting 'cc.pretty -> write -> displays a multiline string'
[13Jan.2024 07:34:01.902] [ComputerCraft-Coroutine-1/INFO] [dan200.computercraft.core.ComputerTestDelegate/]: 'cc.pretty -> write -> displays a multiline string' finished with pass
[13Jan.2024 07:34:01.902] [ForkJoinPool-1-worker-1/INFO] [dan200.computercraft.core.ComputerTestDelegate/]: Finished 'cc.pretty -> write -> displays a multiline string'
[13Jan.2024 07:34:01.902] [ForkJoinPool-1-worker-1/INFO] [dan200.computercraft.core.ComputerTestDelegate/]: Starting 'cc.pretty -> write -> displays a flattened group'
[13Jan.2024 07:34:01.903] [ComputerCraft-Coroutine-1/INFO] [dan200.computercraft.core.ComputerTestDelegate/]: 'cc.pretty -> write -> displays a flattened group' finished with pass
[13Jan.2024 07:34:01.903] [ForkJoinPool-1-worker-1/INFO] [dan200.computercraft.core.ComputerTestDelegate/]: Finished 'cc.pretty -> write -> displays a flattened group'
[13Jan.2024 07:34:01.904] [ForkJoinPool-1-worker-1/INFO] [dan200.computercraft.core.ComputerTestDelegate/]: Starting 'cc.pretty -> write -> group removes nest'
[13Jan.2024 07:34:01.904] [ComputerCraft-Coroutine-1/INFO] [dan200.computercraft.core.ComputerTestDelegate/]: 'cc.pretty -> write -> group removes nest' finished with pass
[13Jan.2024 07:34:01.904] [ForkJoinPool-1-worker-1/INFO] [dan200.computercraft.core.ComputerTestDelegate/]: Finished 'cc.pretty -> write -> group removes nest'
[13Jan.2024 07:34:01.904] [ForkJoinPool-1-worker-1/INFO] [dan200.computercraft.core.ComputerTestDelegate/]: Starting 'cc.pretty -> render -> displays the empty document'
[13Jan.2024 07:34:01.905] [ComputerCraft-Coroutine-1/INFO] [dan200.computercraft.core.ComputerTestDelegate/]: 'cc.pretty -> render -> displays the empty document' finished with pass
[13Jan.2024 07:34:01.905] [ForkJoinPool-1-worker-1/INFO] [dan200.computercraft.core.ComputerTestDelegate/]: Finished 'cc.pretty -> render -> displays the empty document'
[13Jan.2024 07:34:01.905] [ForkJoinPool-1-worker-1/INFO] [dan200.computercraft.core.ComputerTestDelegate/]: Starting 'cc.pretty -> render -> displays an expanded group'
[13Jan.2024 07:34:01.905] [ComputerCraft-Coroutine-1/INFO] [dan200.computercraft.core.ComputerTestDelegate/]: 'cc.pretty -> render -> displays an expanded group' finished with pass
[13Jan.2024 07:34:01.905] [ForkJoinPool-1-worker-1/INFO] [dan200.computercraft.core.ComputerTestDelegate/]: Finished 'cc.pretty -> render -> displays an expanded group'
[13Jan.2024 07:34:01.906] [ForkJoinPool-1-worker-1/INFO] [dan200.computercraft.core.ComputerTestDelegate/]: Starting 'cc.pretty -> render -> does not wrap a long string'
[13Jan.2024 07:34:01.906] [ComputerCraft-Coroutine-1/INFO] [dan200.computercraft.core.ComputerTestDelegate/]: 'cc.pretty -> render -> does not wrap a long string' finished with pass
[13Jan.2024 07:34:01.906] [ForkJoinPool-1-worker-1/INFO] [dan200.computercraft.core.ComputerTestDelegate/]: Finished 'cc.pretty -> render -> does not wrap a long string'
[13Jan.2024 07:34:01.907] [ForkJoinPool-1-worker-1/INFO] [dan200.computercraft.core.ComputerTestDelegate/]: Starting 'cc.pretty -> render -> displays a nested string'
[13Jan.2024 07:34:01.907] [ComputerCraft-Coroutine-1/INFO] [dan200.computercraft.core.ComputerTestDelegate/]: 'cc.pretty -> render -> displays a nested string' finished with pass
[13Jan.2024 07:34:01.907] [ForkJoinPool-1-worker-1/INFO] [dan200.computercraft.core.ComputerTestDelegate/]: Finished 'cc.pretty -> render -> displays a nested string'
[13Jan.2024 07:34:01.907] [ForkJoinPool-1-worker-1/INFO] [dan200.computercraft.core.ComputerTestDelegate/]: Starting 'cc.pretty -> render -> displays a multiline string'
[13Jan.2024 07:34:01.908] [ComputerCraft-Coroutine-1/INFO] [dan200.computercraft.core.ComputerTestDelegate/]: 'cc.pretty -> render -> displays a multiline string' finished with pass
[13Jan.2024 07:34:01.908] [ForkJoinPool-1-worker-1/INFO] [dan200.computercraft.core.ComputerTestDelegate/]: Finished 'cc.pretty -> render -> displays a multiline string'
[13Jan.2024 07:34:01.908] [ForkJoinPool-1-worker-1/INFO] [dan200.computercraft.core.ComputerTestDelegate/]: Starting 'cc.pretty -> render -> displays a flattened group'
[13Jan.2024 07:34:01.908] [ComputerCraft-Coroutine-1/INFO] [dan200.computercraft.core.ComputerTestDelegate/]: 'cc.pretty -> render -> displays a flattened group' finished with pass
[13Jan.2024 07:34:01.909] [ForkJoinPool-1-worker-1/INFO] [dan200.computercraft.core.ComputerTestDelegate/]: Finished 'cc.pretty -> render -> displays a flattened group'
[13Jan.2024 07:34:01.909] [ForkJoinPool-1-worker-1/INFO] [dan200.computercraft.core.ComputerTestDelegate/]: Starting 'cc.pretty -> render -> group removes nest'
[13Jan.2024 07:34:01.909] [ComputerCraft-Coroutine-1/INFO] [dan200.computercraft.core.ComputerTestDelegate/]: 'cc.pretty -> render -> group removes nest' finished with pass
[13Jan.2024 07:34:01.909] [ForkJoinPool-1-worker-1/INFO] [dan200.computercraft.core.ComputerTestDelegate/]: Finished 'cc.pretty -> render -> group removes nest'
[13Jan.2024 07:34:01.910] [ForkJoinPool-1-worker-1/INFO] [dan200.computercraft.core.ComputerTestDelegate/]: Starting 'cc.pretty -> wrap -> wraps lines'
[13Jan.2024 07:34:01.910] [ComputerCraft-Coroutine-1/INFO] [dan200.computercraft.core.ComputerTestDelegate/]: 'cc.pretty -> wrap -> wraps lines' finished with pass
[13Jan.2024 07:34:01.910] [ForkJoinPool-1-worker-1/INFO] [dan200.computercraft.core.ComputerTestDelegate/]: Finished 'cc.pretty -> wrap -> wraps lines'
[13Jan.2024 07:34:01.911] [ForkJoinPool-1-worker-1/INFO] [dan200.computercraft.core.ComputerTestDelegate/]: Starting 'cc.pretty -> wrap -> validates arguments'
[13Jan.2024 07:34:01.912] [ComputerCraft-Coroutine-1/INFO] [dan200.computercraft.core.ComputerTestDelegate/]: 'cc.pretty -> wrap -> validates arguments' finished with pass
[13Jan.2024 07:34:01.912] [ForkJoinPool-1-worker-1/INFO] [dan200.computercraft.core.ComputerTestDelegate/]: Finished 'cc.pretty -> wrap -> validates arguments'
[13Jan.2024 07:34:01.913] [ForkJoinPool-1-worker-1/INFO] [dan200.computercraft.core.ComputerTestDelegate/]: Starting 'cc.pretty -> group -> is idempotent'
[13Jan.2024 07:34:01.914] [ComputerCraft-Coroutine-1/INFO] [dan200.computercraft.core.ComputerTestDelegate/]: 'cc.pretty -> group -> is idempotent' finished with pass
[13Jan.2024 07:34:01.914] [ForkJoinPool-1-worker-1/INFO] [dan200.computercraft.core.ComputerTestDelegate/]: Finished 'cc.pretty -> group -> is idempotent'
[13Jan.2024 07:34:01.914] [ForkJoinPool-1-worker-1/INFO] [dan200.computercraft.core.ComputerTestDelegate/]: Starting 'cc.pretty -> group -> does nothing for flat strings'
[13Jan.2024 07:34:01.915] [ComputerCraft-Coroutine-1/INFO] [dan200.computercraft.core.ComputerTestDelegate/]: 'cc.pretty -> group -> does nothing for flat strings' finished with pass
[13Jan.2024 07:34:01.915] [ForkJoinPool-1-worker-1/INFO] [dan200.computercraft.core.ComputerTestDelegate/]: Finished 'cc.pretty -> group -> does nothing for flat strings'
[13Jan.2024 07:34:01.915] [ForkJoinPool-1-worker-1/INFO] [dan200.computercraft.core.ComputerTestDelegate/]: Starting 'The monitor program -> displays its usage when given no arguments'
[13Jan.2024 07:34:01.917] [ComputerCraft-Coroutine-1/INFO] [dan200.computercraft.core.ComputerTestDelegate/]: 'The monitor program -> displays its usage when given no arguments' finished with pass
[13Jan.2024 07:34:01.917] [ForkJoinPool-1-worker-1/INFO] [dan200.computercraft.core.ComputerTestDelegate/]: Finished 'The monitor program -> displays its usage when given no arguments'
[13Jan.2024 07:34:01.918] [ForkJoinPool-1-worker-1/INFO] [dan200.computercraft.core.ComputerTestDelegate/]: Starting 'The monitor program -> displays correct error messages'
[13Jan.2024 07:34:01.920] [ComputerCraft-Coroutine-1/INFO] [dan200.computercraft.core.ComputerTestDelegate/]: 'The monitor program -> displays correct error messages' finished with pass
[13Jan.2024 07:34:01.920] [ForkJoinPool-1-worker-1/INFO] [dan200.computercraft.core.ComputerTestDelegate/]: Finished 'The monitor program -> displays correct error messages'
[13Jan.2024 07:34:01.920] [ForkJoinPool-1-worker-1/INFO] [dan200.computercraft.core.ComputerTestDelegate/]: Starting 'The monitor program -> changes the text scale with the scale command'
[13Jan.2024 07:34:01.921] [ComputerCraft-Coroutine-1/INFO] [dan200.computercraft.core.ComputerTestDelegate/]: 'The monitor program -> changes the text scale with the scale command' finished with pass
[13Jan.2024 07:34:01.922] [ForkJoinPool-1-worker-1/INFO] [dan200.computercraft.core.ComputerTestDelegate/]: Finished 'The monitor program -> changes the text scale with the scale command'
[13Jan.2024 07:34:01.922] [ForkJoinPool-1-worker-1/INFO] [dan200.computercraft.core.ComputerTestDelegate/]: Starting 'The programs program -> list programs'
[13Jan.2024 07:34:01.923] [ComputerCraft-Coroutine-1/INFO] [dan200.computercraft.core.ComputerTestDelegate/]: 'The programs program -> list programs' finished with pass
[13Jan.2024 07:34:01.923] [ForkJoinPool-1-worker-1/INFO] [dan200.computercraft.core.ComputerTestDelegate/]: Finished 'The programs program -> list programs'
[13Jan.2024 07:34:01.923] [ForkJoinPool-1-worker-1/INFO] [dan200.computercraft.core.ComputerTestDelegate/]: Starting 'The pocket equip program -> can equip an upgrade'
[13Jan.2024 07:34:01.924] [ComputerCraft-Coroutine-1/INFO] [dan200.computercraft.core.ComputerTestDelegate/]: 'The pocket equip program -> can equip an upgrade' finished with pass
[13Jan.2024 07:34:01.924] [ForkJoinPool-1-worker-1/INFO] [dan200.computercraft.core.ComputerTestDelegate/]: Finished 'The pocket equip program -> can equip an upgrade'
[13Jan.2024 07:34:01.924] [ForkJoinPool-1-worker-1/INFO] [dan200.computercraft.core.ComputerTestDelegate/]: Starting 'The pocket equip program -> handles when an upgrade cannot be equipped'
[13Jan.2024 07:34:01.925] [ComputerCraft-Coroutine-1/INFO] [dan200.computercraft.core.ComputerTestDelegate/]: 'The pocket equip program -> handles when an upgrade cannot be equipped' finished with pass
[13Jan.2024 07:34:01.925] [ForkJoinPool-1-worker-1/INFO] [dan200.computercraft.core.ComputerTestDelegate/]: Finished 'The pocket equip program -> handles when an upgrade cannot be equipped'
[13Jan.2024 07:34:01.925] [ForkJoinPool-1-worker-1/INFO] [dan200.computercraft.core.ComputerTestDelegate/]: Starting 'The pocket equip program -> errors when not a pocket computer'
[13Jan.2024 07:34:01.926] [ComputerCraft-Coroutine-1/INFO] [dan200.computercraft.core.ComputerTestDelegate/]: 'The pocket equip program -> errors when not a pocket computer' finished with pass
[13Jan.2024 07:34:01.926] [ForkJoinPool-1-worker-1/INFO] [dan200.computercraft.core.ComputerTestDelegate/]: Finished 'The pocket equip program -> errors when not a pocket computer'
[13Jan.2024 07:34:01.926] [ForkJoinPool-1-worker-1/INFO] [dan200.computercraft.core.ComputerTestDelegate/]: Starting 'The type program -> displays the output for a file'
[13Jan.2024 07:34:01.927] [ComputerCraft-Coroutine-1/INFO] [dan200.computercraft.core.ComputerTestDelegate/]: 'The type program -> displays the output for a file' finished with pass
[13Jan.2024 07:34:01.927] [ForkJoinPool-1-worker-1/INFO] [dan200.computercraft.core.ComputerTestDelegate/]: Finished 'The type program -> displays the output for a file'
[13Jan.2024 07:34:01.927] [ForkJoinPool-1-worker-1/INFO] [dan200.computercraft.core.ComputerTestDelegate/]: Starting 'The type program -> displays the usage with no arguments'
[13Jan.2024 07:34:01.928] [ComputerCraft-Coroutine-1/INFO] [dan200.computercraft.core.ComputerTestDelegate/]: 'The type program -> displays the usage with no arguments' finished with pass
[13Jan.2024 07:34:01.928] [ForkJoinPool-1-worker-1/INFO] [dan200.computercraft.core.ComputerTestDelegate/]: Finished 'The type program -> displays the usage with no arguments'
[13Jan.2024 07:34:01.928] [ForkJoinPool-1-worker-1/INFO] [dan200.computercraft.core.ComputerTestDelegate/]: Starting 'The type program -> displays the output for a not existing path'
[13Jan.2024 07:34:01.929] [ComputerCraft-Coroutine-1/INFO] [dan200.computercraft.core.ComputerTestDelegate/]: 'The type program -> displays the output for a not existing path' finished with pass
[13Jan.2024 07:34:01.929] [ForkJoinPool-1-worker-1/INFO] [dan200.computercraft.core.ComputerTestDelegate/]: Finished 'The type program -> displays the output for a not existing path'
[13Jan.2024 07:34:01.929] [ForkJoinPool-1-worker-1/INFO] [dan200.computercraft.core.ComputerTestDelegate/]: Starting 'The type program -> displays the output for a directory'
[13Jan.2024 07:34:01.929] [ComputerCraft-Coroutine-1/INFO] [dan200.computercraft.core.ComputerTestDelegate/]: 'The type program -> displays the output for a directory' finished with pass
[13Jan.2024 07:34:01.929] [ForkJoinPool-1-worker-1/INFO] [dan200.computercraft.core.ComputerTestDelegate/]: Finished 'The type program -> displays the output for a directory'
[13Jan.2024 07:34:01.930] [ForkJoinPool-1-worker-1/INFO] [dan200.computercraft.core.ComputerTestDelegate/]: Starting 'The shell -> shell.clearAlias -> validates arguments'
[13Jan.2024 07:34:01.930] [ComputerCraft-Coroutine-1/INFO] [dan200.computercraft.core.ComputerTestDelegate/]: 'The shell -> shell.clearAlias -> validates arguments' finished with pass
[13Jan.2024 07:34:01.930] [ForkJoinPool-1-worker-1/INFO] [dan200.computercraft.core.ComputerTestDelegate/]: Finished 'The shell -> shell.clearAlias -> validates arguments'
[13Jan.2024 07:34:01.931] [ForkJoinPool-1-worker-1/INFO] [dan200.computercraft.core.ComputerTestDelegate/]: Starting 'The shell -> shell.setAlias -> validates arguments'
[13Jan.2024 07:34:01.931] [ComputerCraft-Coroutine-1/INFO] [dan200.computercraft.core.ComputerTestDelegate/]: 'The shell -> shell.setAlias -> validates arguments' finished with pass
[13Jan.2024 07:34:01.931] [ForkJoinPool-1-worker-1/INFO] [dan200.computercraft.core.ComputerTestDelegate/]: Finished 'The shell -> shell.setAlias -> validates arguments'
[13Jan.2024 07:34:01.931] [ForkJoinPool-1-worker-1/INFO] [dan200.computercraft.core.ComputerTestDelegate/]: Starting 'The shell -> shell.setDir -> not existing directory'
[13Jan.2024 07:34:01.932] [ComputerCraft-Coroutine-1/INFO] [dan200.computercraft.core.ComputerTestDelegate/]: 'The shell -> shell.setDir -> not existing directory' finished with pass
[13Jan.2024 07:34:01.932] [ForkJoinPool-1-worker-1/INFO] [dan200.computercraft.core.ComputerTestDelegate/]: Finished 'The shell -> shell.setDir -> not existing directory'
[13Jan.2024 07:34:01.932] [ForkJoinPool-1-worker-1/INFO] [dan200.computercraft.core.ComputerTestDelegate/]: Starting 'The shell -> shell.setDir -> validates arguments'
[13Jan.2024 07:34:01.932] [ComputerCraft-Coroutine-1/INFO] [dan200.computercraft.core.ComputerTestDelegate/]: 'The shell -> shell.setDir -> validates arguments' finished with pass
[13Jan.2024 07:34:01.933] [ForkJoinPool-1-worker-1/INFO] [dan200.computercraft.core.ComputerTestDelegate/]: Finished 'The shell -> shell.setDir -> validates arguments'
[13Jan.2024 07:34:01.933] [ForkJoinPool-1-worker-1/INFO] [dan200.computercraft.core.ComputerTestDelegate/]: Starting 'The shell -> shell.setPath -> validates arguments'
[13Jan.2024 07:34:01.933] [ComputerCraft-Coroutine-1/INFO] [dan200.computercraft.core.ComputerTestDelegate/]: 'The shell -> shell.setPath -> validates arguments' finished with pass
[13Jan.2024 07:34:01.933] [ForkJoinPool-1-worker-1/INFO] [dan200.computercraft.core.ComputerTestDelegate/]: Finished 'The shell -> shell.setPath -> validates arguments'
[13Jan.2024 07:34:01.934] [ForkJoinPool-1-worker-1/INFO] [dan200.computercraft.core.ComputerTestDelegate/]: Starting 'The shell -> shell.switchTab -> validates arguments'
[13Jan.2024 07:34:01.934] [ComputerCraft-Coroutine-1/INFO] [dan200.computercraft.core.ComputerTestDelegate/]: 'The shell -> shell.switchTab -> validates arguments' finished with pass
[13Jan.2024 07:34:01.934] [ForkJoinPool-1-worker-1/INFO] [dan200.computercraft.core.ComputerTestDelegate/]: Finished 'The shell -> shell.switchTab -> validates arguments'
[13Jan.2024 07:34:01.934] [ForkJoinPool-1-worker-1/INFO] [dan200.computercraft.core.ComputerTestDelegate/]: Starting 'The shell -> require -> validates arguments'
[13Jan.2024 07:34:01.935] [ComputerCraft-Coroutine-1/INFO] [dan200.computercraft.core.ComputerTestDelegate/]: 'The shell -> require -> validates arguments' finished with pass
[13Jan.2024 07:34:01.935] [ForkJoinPool-1-worker-1/INFO] [dan200.computercraft.core.ComputerTestDelegate/]: Finished 'The shell -> require -> validates arguments'
[13Jan.2024 07:34:01.935] [ForkJoinPool-1-worker-1/INFO] [dan200.computercraft.core.ComputerTestDelegate/]: Starting 'The shell -> shell.run -> tokenises the arguments'
[13Jan.2024 07:34:01.936] [ComputerCraft-Coroutine-1/INFO] [dan200.computercraft.core.ComputerTestDelegate/]: 'The shell -> shell.run -> tokenises the arguments' finished with pass
[13Jan.2024 07:34:01.936] [ForkJoinPool-1-worker-1/INFO] [dan200.computercraft.core.ComputerTestDelegate/]: Finished 'The shell -> shell.run -> tokenises the arguments'
[13Jan.2024 07:34:01.936] [ForkJoinPool-1-worker-1/INFO] [dan200.computercraft.core.ComputerTestDelegate/]: Starting 'The shell -> shell.complete -> validates arguments'
[13Jan.2024 07:34:01.937] [ComputerCraft-Coroutine-1/INFO] [dan200.computercraft.core.ComputerTestDelegate/]: 'The shell -> shell.complete -> validates arguments' finished with pass
[13Jan.2024 07:34:01.937] [ForkJoinPool-1-worker-1/INFO] [dan200.computercraft.core.ComputerTestDelegate/]: Finished 'The shell -> shell.complete -> validates arguments'
[13Jan.2024 07:34:01.937] [ForkJoinPool-1-worker-1/INFO] [dan200.computercraft.core.ComputerTestDelegate/]: Starting 'The shell -> shell.setCompletionFunction -> validates arguments'
[13Jan.2024 07:34:01.938] [ComputerCraft-Coroutine-1/INFO] [dan200.computercraft.core.ComputerTestDelegate/]: 'The shell -> shell.setCompletionFunction -> validates arguments' finished with pass
[13Jan.2024 07:34:01.938] [ForkJoinPool-1-worker-1/INFO] [dan200.computercraft.core.ComputerTestDelegate/]: Finished 'The shell -> shell.setCompletionFunction -> validates arguments'
[13Jan.2024 07:34:01.938] [ForkJoinPool-1-worker-1/INFO] [dan200.computercraft.core.ComputerTestDelegate/]: Starting 'The shell -> shell.resolve -> validates arguments'
[13Jan.2024 07:34:01.939] [ComputerCraft-Coroutine-1/INFO] [dan200.computercraft.core.ComputerTestDelegate/]: 'The shell -> shell.resolve -> validates arguments' finished with pass
[13Jan.2024 07:34:01.939] [ForkJoinPool-1-worker-1/INFO] [dan200.computercraft.core.ComputerTestDelegate/]: Finished 'The shell -> shell.resolve -> validates arguments'
[13Jan.2024 07:34:01.939] [ForkJoinPool-1-worker-1/INFO] [dan200.computercraft.core.ComputerTestDelegate/]: Starting 'The shell -> file uploads -> suspends the read prompt'
[13Jan.2024 07:34:01.953] [ComputerCraft-Coroutine-1/INFO] [dan200.computercraft.core.ComputerTestDelegate/]: 'The shell -> file uploads -> suspends the read prompt' finished with pass
[13Jan.2024 07:34:01.953] [ForkJoinPool-1-worker-1/INFO] [dan200.computercraft.core.ComputerTestDelegate/]: Finished 'The shell -> file uploads -> suspends the read prompt'
[13Jan.2024 07:34:01.953] [ForkJoinPool-1-worker-1/INFO] [dan200.computercraft.core.ComputerTestDelegate/]: Starting 'The shell -> shell.execute -> parses in arguments verbatim'
[13Jan.2024 07:34:01.954] [ComputerCraft-Coroutine-1/INFO] [dan200.computercraft.core.ComputerTestDelegate/]: 'The shell -> shell.execute -> parses in arguments verbatim' finished with pass
[13Jan.2024 07:34:01.954] [ForkJoinPool-1-worker-1/INFO] [dan200.computercraft.core.ComputerTestDelegate/]: Finished 'The shell -> shell.execute -> parses in arguments verbatim'
[13Jan.2024 07:34:01.954] [ForkJoinPool-1-worker-1/INFO] [dan200.computercraft.core.ComputerTestDelegate/]: Starting 'The shell -> shell.resolveProgram -> validates arguments'
[13Jan.2024 07:34:01.955] [ComputerCraft-Coroutine-1/INFO] [dan200.computercraft.core.ComputerTestDelegate/]: 'The shell -> shell.resolveProgram -> validates arguments' finished with pass
[13Jan.2024 07:34:01.955] [ForkJoinPool-1-worker-1/INFO] [dan200.computercraft.core.ComputerTestDelegate/]: Finished 'The shell -> shell.resolveProgram -> validates arguments'
[13Jan.2024 07:34:01.955] [ForkJoinPool-1-worker-1/INFO] [dan200.computercraft.core.ComputerTestDelegate/]: Starting 'The craft program -> displays its usage when given no arguments'
[13Jan.2024 07:34:01.956] [ComputerCraft-Coroutine-1/INFO] [dan200.computercraft.core.ComputerTestDelegate/]: 'The craft program -> displays its usage when given no arguments' finished with pass
[13Jan.2024 07:34:01.956] [ForkJoinPool-1-worker-1/INFO] [dan200.computercraft.core.ComputerTestDelegate/]: Finished 'The craft program -> displays its usage when given no arguments'
[13Jan.2024 07:34:01.956] [ForkJoinPool-1-worker-1/INFO] [dan200.computercraft.core.ComputerTestDelegate/]: Starting 'The craft program -> fails when turtle.craft() is unavailable'
[13Jan.2024 07:34:01.957] [ComputerCraft-Coroutine-1/INFO] [dan200.computercraft.core.ComputerTestDelegate/]: 'The craft program -> fails when turtle.craft() is unavailable' finished with pass
[13Jan.2024 07:34:01.957] [ForkJoinPool-1-worker-1/INFO] [dan200.computercraft.core.ComputerTestDelegate/]: Finished 'The craft program -> fails when turtle.craft() is unavailable'
[13Jan.2024 07:34:01.957] [ForkJoinPool-1-worker-1/INFO] [dan200.computercraft.core.ComputerTestDelegate/]: Starting 'The craft program -> crafts all items'
[13Jan.2024 07:34:01.958] [ComputerCraft-Coroutine-1/INFO] [dan200.computercraft.core.ComputerTestDelegate/]: 'The craft program -> crafts all items' finished with pass
[13Jan.2024 07:34:01.958] [ForkJoinPool-1-worker-1/INFO] [dan200.computercraft.core.ComputerTestDelegate/]: Finished 'The craft program -> crafts all items'
[13Jan.2024 07:34:01.958] [ForkJoinPool-1-worker-1/INFO] [dan200.computercraft.core.ComputerTestDelegate/]: Starting 'The craft program -> crafts multiple items'
[13Jan.2024 07:34:01.959] [ComputerCraft-Coroutine-1/INFO] [dan200.computercraft.core.ComputerTestDelegate/]: 'The craft program -> crafts multiple items' finished with pass
[13Jan.2024 07:34:01.959] [ForkJoinPool-1-worker-1/INFO] [dan200.computercraft.core.ComputerTestDelegate/]: Finished 'The craft program -> crafts multiple items'
[13Jan.2024 07:34:01.959] [ForkJoinPool-1-worker-1/INFO] [dan200.computercraft.core.ComputerTestDelegate/]: Starting 'The craft program -> crafts no items'
[13Jan.2024 07:34:01.960] [ComputerCraft-Coroutine-1/INFO] [dan200.computercraft.core.ComputerTestDelegate/]: 'The craft program -> crafts no items' finished with pass
[13Jan.2024 07:34:01.960] [ForkJoinPool-1-worker-1/INFO] [dan200.computercraft.core.ComputerTestDelegate/]: Finished 'The craft program -> crafts no items'
[13Jan.2024 07:34:01.960] [ForkJoinPool-1-worker-1/INFO] [dan200.computercraft.core.ComputerTestDelegate/]: Starting 'The craft program -> displays its usage when given incorrect arguments'
[13Jan.2024 07:34:01.961] [ComputerCraft-Coroutine-1/INFO] [dan200.computercraft.core.ComputerTestDelegate/]: 'The craft program -> displays its usage when given incorrect arguments' finished with pass
[13Jan.2024 07:34:01.961] [ForkJoinPool-1-worker-1/INFO] [dan200.computercraft.core.ComputerTestDelegate/]: Finished 'The craft program -> displays its usage when given incorrect arguments'
[13Jan.2024 07:34:01.961] [ForkJoinPool-1-worker-1/INFO] [dan200.computercraft.core.ComputerTestDelegate/]: Starting 'The craft program -> craft a single item'
[13Jan.2024 07:34:01.962] [ComputerCraft-Coroutine-1/INFO] [dan200.computercraft.core.ComputerTestDelegate/]: 'The craft program -> craft a single item' finished with pass
[13Jan.2024 07:34:01.962] [ForkJoinPool-1-worker-1/INFO] [dan200.computercraft.core.ComputerTestDelegate/]: Finished 'The craft program -> craft a single item'
[13Jan.2024 07:34:01.962] [ForkJoinPool-1-worker-1/INFO] [dan200.computercraft.core.ComputerTestDelegate/]: Starting 'The craft program -> errors when not a turtle'
[13Jan.2024 07:34:01.963] [ComputerCraft-Coroutine-1/INFO] [dan200.computercraft.core.ComputerTestDelegate/]: 'The craft program -> errors when not a turtle' finished with pass
[13Jan.2024 07:34:01.963] [ForkJoinPool-1-worker-1/INFO] [dan200.computercraft.core.ComputerTestDelegate/]: Finished 'The craft program -> errors when not a turtle'
[13Jan.2024 07:34:01.963] [ForkJoinPool-1-worker-1/INFO] [dan200.computercraft.core.ComputerTestDelegate/]: Starting 'The eject program -> displays its usage when given no argument'
[13Jan.2024 07:34:01.965] [ComputerCraft-Coroutine-1/INFO] [dan200.computercraft.core.ComputerTestDelegate/]: 'The eject program -> displays its usage when given no argument' finished with pass
[13Jan.2024 07:34:01.965] [ForkJoinPool-1-worker-1/INFO] [dan200.computercraft.core.ComputerTestDelegate/]: Finished 'The eject program -> displays its usage when given no argument'
[13Jan.2024 07:34:01.965] [ForkJoinPool-1-worker-1/INFO] [dan200.computercraft.core.ComputerTestDelegate/]: Starting 'The eject program -> fails when trying to eject a non-drive'
[13Jan.2024 07:34:01.966] [ComputerCraft-Coroutine-1/INFO] [dan200.computercraft.core.ComputerTestDelegate/]: 'The eject program -> fails when trying to eject a non-drive' finished with pass
[13Jan.2024 07:34:01.966] [ForkJoinPool-1-worker-1/INFO] [dan200.computercraft.core.ComputerTestDelegate/]: Finished 'The eject program -> fails when trying to eject a non-drive'
[13Jan.2024 07:34:01.966] [ForkJoinPool-1-worker-1/INFO] [dan200.computercraft.core.ComputerTestDelegate/]: Starting 'The commands program -> displays an error without the commands api'
[13Jan.2024 07:34:01.967] [ComputerCraft-Coroutine-1/INFO] [dan200.computercraft.core.ComputerTestDelegate/]: 'The commands program -> displays an error without the commands api' finished with pass
[13Jan.2024 07:34:01.967] [ForkJoinPool-1-worker-1/INFO] [dan200.computercraft.core.ComputerTestDelegate/]: Finished 'The commands program -> displays an error without the commands api'
[13Jan.2024 07:34:01.967] [ForkJoinPool-1-worker-1/INFO] [dan200.computercraft.core.ComputerTestDelegate/]: Starting 'The commands program -> lists commands'
[13Jan.2024 07:34:01.968] [ComputerCraft-Coroutine-1/INFO] [dan200.computercraft.core.ComputerTestDelegate/]: 'The commands program -> lists commands' finished with pass
[13Jan.2024 07:34:01.968] [ForkJoinPool-1-worker-1/INFO] [dan200.computercraft.core.ComputerTestDelegate/]: Finished 'The commands program -> lists commands'
[13Jan.2024 07:34:01.968] [ForkJoinPool-1-worker-1/INFO] [dan200.computercraft.core.ComputerTestDelegate/]: Starting 'The redstone program -> displays its usage when given no arguments'
[13Jan.2024 07:34:01.969] [ComputerCraft-Coroutine-1/INFO] [dan200.computercraft.core.ComputerTestDelegate/]: 'The redstone program -> displays its usage when given no arguments' finished with pass
[13Jan.2024 07:34:01.969] [ForkJoinPool-1-worker-1/INFO] [dan200.computercraft.core.ComputerTestDelegate/]: Finished 'The redstone program -> displays its usage when given no arguments'
[13Jan.2024 07:34:01.970] [ForkJoinPool-1-worker-1/INFO] [dan200.computercraft.core.ComputerTestDelegate/]: Starting 'The paint program -> displays its usage when given no arguments'
[13Jan.2024 07:34:01.971] [ComputerCraft-Coroutine-1/INFO] [dan200.computercraft.core.ComputerTestDelegate/]: 'The paint program -> displays its usage when given no arguments' finished with pass
[13Jan.2024 07:34:01.971] [ForkJoinPool-1-worker-1/INFO] [dan200.computercraft.core.ComputerTestDelegate/]: Finished 'The paint program -> displays its usage when given no arguments'
[13Jan.2024 07:34:01.972] [ForkJoinPool-1-worker-1/INFO] [dan200.computercraft.core.ComputerTestDelegate/]: Starting 'The import program -> uploads files'
[13Jan.2024 07:34:01.975] [ComputerCraft-Coroutine-1/INFO] [dan200.computercraft.core.ComputerTestDelegate/]: 'The import program -> uploads files' finished with pass
[13Jan.2024 07:34:01.975] [ForkJoinPool-1-worker-1/INFO] [dan200.computercraft.core.ComputerTestDelegate/]: Finished 'The import program -> uploads files'
[13Jan.2024 07:34:01.976] [ForkJoinPool-1-worker-1/INFO] [dan200.computercraft.core.ComputerTestDelegate/]: Starting 'The bg program -> opens a tab in the background'
[13Jan.2024 07:34:01.977] [ComputerCraft-Coroutine-1/INFO] [dan200.computercraft.core.ComputerTestDelegate/]: 'The bg program -> opens a tab in the background' finished with pass
[13Jan.2024 07:34:01.977] [ForkJoinPool-1-worker-1/INFO] [dan200.computercraft.core.ComputerTestDelegate/]: Finished 'The bg program -> opens a tab in the background'
[13Jan.2024 07:34:01.977] [ForkJoinPool-1-worker-1/INFO] [dan200.computercraft.core.ComputerTestDelegate/]: Starting 'The alias program -> clears an alias'
[13Jan.2024 07:34:01.978] [ComputerCraft-Coroutine-1/INFO] [dan200.computercraft.core.ComputerTestDelegate/]: 'The alias program -> clears an alias' finished with pass
[13Jan.2024 07:34:01.978] [ForkJoinPool-1-worker-1/INFO] [dan200.computercraft.core.ComputerTestDelegate/]: Finished 'The alias program -> clears an alias'
[13Jan.2024 07:34:01.979] [ForkJoinPool-1-worker-1/INFO] [dan200.computercraft.core.ComputerTestDelegate/]: Starting 'The alias program -> lists aliases'
[13Jan.2024 07:34:01.980] [ComputerCraft-Coroutine-1/INFO] [dan200.computercraft.core.ComputerTestDelegate/]: 'The alias program -> lists aliases' finished with pass
[13Jan.2024 07:34:01.980] [ForkJoinPool-1-worker-1/INFO] [dan200.computercraft.core.ComputerTestDelegate/]: Finished 'The alias program -> lists aliases'
[13Jan.2024 07:34:01.980] [ForkJoinPool-1-worker-1/INFO] [dan200.computercraft.core.ComputerTestDelegate/]: Starting 'The alias program -> displays its usage when given too many arguments'
[13Jan.2024 07:34:01.981] [ComputerCraft-Coroutine-1/INFO] [dan200.computercraft.core.ComputerTestDelegate/]: 'The alias program -> displays its usage when given too many arguments' finished with pass
[13Jan.2024 07:34:01.981] [ForkJoinPool-1-worker-1/INFO] [dan200.computercraft.core.ComputerTestDelegate/]: Finished 'The alias program -> displays its usage when given too many arguments'
[13Jan.2024 07:34:01.981] [ForkJoinPool-1-worker-1/INFO] [dan200.computercraft.core.ComputerTestDelegate/]: Starting 'The alias program -> sets an alias'
[13Jan.2024 07:34:01.982] [ComputerCraft-Coroutine-1/INFO] [dan200.computercraft.core.ComputerTestDelegate/]: 'The alias program -> sets an alias' finished with pass
[13Jan.2024 07:34:01.982] [ForkJoinPool-1-worker-1/INFO] [dan200.computercraft.core.ComputerTestDelegate/]: Finished 'The alias program -> sets an alias'
[13Jan.2024 07:34:01.983] [ForkJoinPool-1-worker-1/INFO] [dan200.computercraft.core.ComputerTestDelegate/]: Starting 'The refuel program -> requires a numeric argument'
[13Jan.2024 07:34:01.984] [ComputerCraft-Coroutine-1/INFO] [dan200.computercraft.core.ComputerTestDelegate/]: 'The refuel program -> requires a numeric argument' finished with pass
[13Jan.2024 07:34:01.984] [ForkJoinPool-1-worker-1/INFO] [dan200.computercraft.core.ComputerTestDelegate/]: Finished 'The refuel program -> requires a numeric argument'
[13Jan.2024 07:34:01.984] [ForkJoinPool-1-worker-1/INFO] [dan200.computercraft.core.ComputerTestDelegate/]: Starting 'The refuel program -> reports when the fuel level is unlimited'
[13Jan.2024 07:34:01.985] [ComputerCraft-Coroutine-1/INFO] [dan200.computercraft.core.ComputerTestDelegate/]: 'The refuel program -> reports when the fuel level is unlimited' finished with pass
[13Jan.2024 07:34:01.985] [ForkJoinPool-1-worker-1/INFO] [dan200.computercraft.core.ComputerTestDelegate/]: Finished 'The refuel program -> reports when the fuel level is unlimited'
[13Jan.2024 07:34:01.986] [ForkJoinPool-1-worker-1/INFO] [dan200.computercraft.core.ComputerTestDelegate/]: Starting 'The refuel program -> refuels the turtle'
[13Jan.2024 07:34:01.986] [ComputerCraft-Coroutine-1/INFO] [dan200.computercraft.core.ComputerTestDelegate/]: 'The refuel program -> refuels the turtle' finished with pass
[13Jan.2024 07:34:01.986] [ForkJoinPool-1-worker-1/INFO] [dan200.computercraft.core.ComputerTestDelegate/]: Finished 'The refuel program -> refuels the turtle'
[13Jan.2024 07:34:01.987] [ForkJoinPool-1-worker-1/INFO] [dan200.computercraft.core.ComputerTestDelegate/]: Starting 'The refuel program -> displays its usage when given too many argument'
[13Jan.2024 07:34:01.987] [ComputerCraft-Coroutine-1/INFO] [dan200.computercraft.core.ComputerTestDelegate/]: 'The refuel program -> displays its usage when given too many argument' finished with pass
[13Jan.2024 07:34:01.988] [ForkJoinPool-1-worker-1/INFO] [dan200.computercraft.core.ComputerTestDelegate/]: Finished 'The refuel program -> displays its usage when given too many argument'
[13Jan.2024 07:34:01.988] [ForkJoinPool-1-worker-1/INFO] [dan200.computercraft.core.ComputerTestDelegate/]: Starting 'The refuel program -> errors when not a turtle'
[13Jan.2024 07:34:01.988] [ComputerCraft-Coroutine-1/INFO] [dan200.computercraft.core.ComputerTestDelegate/]: 'The refuel program -> errors when not a turtle' finished with pass
[13Jan.2024 07:34:01.988] [ForkJoinPool-1-worker-1/INFO] [dan200.computercraft.core.ComputerTestDelegate/]: Finished 'The refuel program -> errors when not a turtle'
[13Jan.2024 07:34:01.989] [ForkJoinPool-1-worker-1/INFO] [dan200.computercraft.core.ComputerTestDelegate/]: Starting 'The refuel program -> reports when the fuel limit is reached'
[13Jan.2024 07:34:01.989] [ComputerCraft-Coroutine-1/INFO] [dan200.computercraft.core.ComputerTestDelegate/]: 'The refuel program -> reports when the fuel limit is reached' finished with pass
[13Jan.2024 07:34:01.989] [ForkJoinPool-1-worker-1/INFO] [dan200.computercraft.core.ComputerTestDelegate/]: Finished 'The refuel program -> reports when the fuel limit is reached'
[13Jan.2024 07:34:01.990] [ForkJoinPool-1-worker-1/INFO] [dan200.computercraft.core.ComputerTestDelegate/]: Starting 'The hello program -> says hello'
[13Jan.2024 07:34:01.991] [ComputerCraft-Coroutine-1/INFO] [dan200.computercraft.core.ComputerTestDelegate/]: 'The hello program -> says hello' finished with pass
[13Jan.2024 07:34:01.991] [ForkJoinPool-1-worker-1/INFO] [dan200.computercraft.core.ComputerTestDelegate/]: Finished 'The hello program -> says hello'
[13Jan.2024 07:34:01.991] [ForkJoinPool-1-worker-1/INFO] [dan200.computercraft.core.ComputerTestDelegate/]: Starting 'The VM -> allows unpacking a large number of values'
[13Jan.2024 07:34:02.015] [ComputerCraft-Coroutine-1/INFO] [dan200.computercraft.core.ComputerTestDelegate/]: 'The VM -> allows unpacking a large number of values' finished with pass
[13Jan.2024 07:34:02.016] [ForkJoinPool-1-worker-1/INFO] [dan200.computercraft.core.ComputerTestDelegate/]: Finished 'The VM -> allows unpacking a large number of values'
[13Jan.2024 07:34:02.016] [ForkJoinPool-1-worker-1/INFO] [dan200.computercraft.core.ComputerTestDelegate/]: Starting 'The pocket unequip program -> handles when an upgrade cannot be equipped'
[13Jan.2024 07:34:02.017] [ComputerCraft-Coroutine-1/INFO] [dan200.computercraft.core.ComputerTestDelegate/]: 'The pocket unequip program -> handles when an upgrade cannot be equipped' finished with pass
[13Jan.2024 07:34:02.017] [ForkJoinPool-1-worker-1/INFO] [dan200.computercraft.core.ComputerTestDelegate/]: Finished 'The pocket unequip program -> handles when an upgrade cannot be equipped'
[13Jan.2024 07:34:02.018] [ForkJoinPool-1-worker-1/INFO] [dan200.computercraft.core.ComputerTestDelegate/]: Starting 'The pocket unequip program -> unequips an upgrade'
[13Jan.2024 07:34:02.018] [ComputerCraft-Coroutine-1/INFO] [dan200.computercraft.core.ComputerTestDelegate/]: 'The pocket unequip program -> unequips an upgrade' finished with pass
[13Jan.2024 07:34:02.018] [ForkJoinPool-1-worker-1/INFO] [dan200.computercraft.core.ComputerTestDelegate/]: Finished 'The pocket unequip program -> unequips an upgrade'
[13Jan.2024 07:34:02.019] [ForkJoinPool-1-worker-1/INFO] [dan200.computercraft.core.ComputerTestDelegate/]: Starting 'The pocket unequip program -> errors when not a pocket computer'
[13Jan.2024 07:34:02.020] [ComputerCraft-Coroutine-1/INFO] [dan200.computercraft.core.ComputerTestDelegate/]: 'The pocket unequip program -> errors when not a pocket computer' finished with pass
[13Jan.2024 07:34:02.020] [ForkJoinPool-1-worker-1/INFO] [dan200.computercraft.core.ComputerTestDelegate/]: Finished 'The pocket unequip program -> errors when not a pocket computer'
[13Jan.2024 07:34:02.021] [ForkJoinPool-1-worker-1/INFO] [dan200.computercraft.core.ComputerTestDelegate/]: Starting 'The parallel library -> parallel.waitForAny -> returns the number of the function that exited first'
[13Jan.2024 07:34:02.023] [ComputerCraft-Coroutine-1/INFO] [dan200.computercraft.core.ComputerTestDelegate/]: 'The parallel library -> parallel.waitForAny -> returns the number of the function that exited first' finished with pass
[13Jan.2024 07:34:02.023] [ForkJoinPool-1-worker-1/INFO] [dan200.computercraft.core.ComputerTestDelegate/]: Finished 'The parallel library -> parallel.waitForAny -> returns the number of the function that exited first'
[13Jan.2024 07:34:02.024] [ForkJoinPool-1-worker-1/INFO] [dan200.computercraft.core.ComputerTestDelegate/]: Starting 'The parallel library -> parallel.waitForAny -> runs functions in parallel'
[13Jan.2024 07:34:02.025] [ComputerCraft-Coroutine-1/INFO] [dan200.computercraft.core.ComputerTestDelegate/]: 'The parallel library -> parallel.waitForAny -> runs functions in parallel' finished with pass
[13Jan.2024 07:34:02.026] [ForkJoinPool-1-worker-1/INFO] [dan200.computercraft.core.ComputerTestDelegate/]: Finished 'The parallel library -> parallel.waitForAny -> runs functions in parallel'
[13Jan.2024 07:34:02.026] [ForkJoinPool-1-worker-1/INFO] [dan200.computercraft.core.ComputerTestDelegate/]: Starting 'The parallel library -> parallel.waitForAny -> returns immediately with no arguments'
[13Jan.2024 07:34:02.027] [ComputerCraft-Coroutine-1/INFO] [dan200.computercraft.core.ComputerTestDelegate/]: 'The parallel library -> parallel.waitForAny -> returns immediately with no arguments' finished with pass
[13Jan.2024 07:34:02.027] [ForkJoinPool-1-worker-1/INFO] [dan200.computercraft.core.ComputerTestDelegate/]: Finished 'The parallel library -> parallel.waitForAny -> returns immediately with no arguments'
[13Jan.2024 07:34:02.027] [ForkJoinPool-1-worker-1/INFO] [dan200.computercraft.core.ComputerTestDelegate/]: Starting 'The parallel library -> parallel.waitForAny -> validates arguments'
[13Jan.2024 07:34:02.028] [ComputerCraft-Coroutine-1/INFO] [dan200.computercraft.core.ComputerTestDelegate/]: 'The parallel library -> parallel.waitForAny -> validates arguments' finished with pass
[13Jan.2024 07:34:02.028] [ForkJoinPool-1-worker-1/INFO] [dan200.computercraft.core.ComputerTestDelegate/]: Finished 'The parallel library -> parallel.waitForAny -> validates arguments'
[13Jan.2024 07:34:02.029] [ForkJoinPool-1-worker-1/INFO] [dan200.computercraft.core.ComputerTestDelegate/]: Starting 'The parallel library -> parallel.waitForAny -> passes errors to the caller'
[13Jan.2024 07:34:02.029] [ComputerCraft-Coroutine-1/INFO] [dan200.computercraft.core.ComputerTestDelegate/]: 'The parallel library -> parallel.waitForAny -> passes errors to the caller' finished with pass
[13Jan.2024 07:34:02.029] [ForkJoinPool-1-worker-1/INFO] [dan200.computercraft.core.ComputerTestDelegate/]: Finished 'The parallel library -> parallel.waitForAny -> passes errors to the caller'
[13Jan.2024 07:34:02.029] [ForkJoinPool-1-worker-1/INFO] [dan200.computercraft.core.ComputerTestDelegate/]: Starting 'The parallel library -> parallel.waitForAny -> accepts an arbitrary number of functions'
[13Jan.2024 07:34:02.031] [ComputerCraft-Coroutine-1/INFO] [dan200.computercraft.core.ComputerTestDelegate/]: 'The parallel library -> parallel.waitForAny -> accepts an arbitrary number of functions' finished with pass
[13Jan.2024 07:34:02.031] [ForkJoinPool-1-worker-1/INFO] [dan200.computercraft.core.ComputerTestDelegate/]: Finished 'The parallel library -> parallel.waitForAny -> accepts an arbitrary number of functions'
[13Jan.2024 07:34:02.031] [ForkJoinPool-1-worker-1/INFO] [dan200.computercraft.core.ComputerTestDelegate/]: Starting 'The parallel library -> parallel.waitForAll -> runs functions in parallel'
[13Jan.2024 07:34:02.032] [ComputerCraft-Coroutine-1/INFO] [dan200.computercraft.core.ComputerTestDelegate/]: 'The parallel library -> parallel.waitForAll -> runs functions in parallel' finished with pass
[13Jan.2024 07:34:02.032] [ForkJoinPool-1-worker-1/INFO] [dan200.computercraft.core.ComputerTestDelegate/]: Finished 'The parallel library -> parallel.waitForAll -> runs functions in parallel'
[13Jan.2024 07:34:02.032] [ForkJoinPool-1-worker-1/INFO] [dan200.computercraft.core.ComputerTestDelegate/]: Starting 'The parallel library -> parallel.waitForAll -> returns immediately with no arguments'
[13Jan.2024 07:34:02.033] [ComputerCraft-Coroutine-1/INFO] [dan200.computercraft.core.ComputerTestDelegate/]: 'The parallel library -> parallel.waitForAll -> returns immediately with no arguments' finished with pass
[13Jan.2024 07:34:02.033] [ForkJoinPool-1-worker-1/INFO] [dan200.computercraft.core.ComputerTestDelegate/]: Finished 'The parallel library -> parallel.waitForAll -> returns immediately with no arguments'
[13Jan.2024 07:34:02.034] [ForkJoinPool-1-worker-1/INFO] [dan200.computercraft.core.ComputerTestDelegate/]: Starting 'The parallel library -> parallel.waitForAll -> completes all functions before exiting'
[13Jan.2024 07:34:02.034] [ComputerCraft-Coroutine-1/INFO] [dan200.computercraft.core.ComputerTestDelegate/]: 'The parallel library -> parallel.waitForAll -> completes all functions before exiting' finished with pass
[13Jan.2024 07:34:02.034] [ForkJoinPool-1-worker-1/INFO] [dan200.computercraft.core.ComputerTestDelegate/]: Finished 'The parallel library -> parallel.waitForAll -> completes all functions before exiting'
[13Jan.2024 07:34:02.035] [ForkJoinPool-1-worker-1/INFO] [dan200.computercraft.core.ComputerTestDelegate/]: Starting 'The parallel library -> parallel.waitForAll -> validates arguments'
[13Jan.2024 07:34:02.036] [ComputerCraft-Coroutine-1/INFO] [dan200.computercraft.core.ComputerTestDelegate/]: 'The parallel library -> parallel.waitForAll -> validates arguments' finished with pass
[13Jan.2024 07:34:02.036] [ForkJoinPool-1-worker-1/INFO] [dan200.computercraft.core.ComputerTestDelegate/]: Finished 'The parallel library -> parallel.waitForAll -> validates arguments'
[13Jan.2024 07:34:02.036] [ForkJoinPool-1-worker-1/INFO] [dan200.computercraft.core.ComputerTestDelegate/]: Starting 'The parallel library -> parallel.waitForAll -> accepts an arbitrary number of functions'
[13Jan.2024 07:34:02.037] [ComputerCraft-Coroutine-1/INFO] [dan200.computercraft.core.ComputerTestDelegate/]: 'The parallel library -> parallel.waitForAll -> accepts an arbitrary number of functions' finished with pass
[13Jan.2024 07:34:02.038] [ForkJoinPool-1-worker-1/INFO] [dan200.computercraft.core.ComputerTestDelegate/]: Finished 'The parallel library -> parallel.waitForAll -> accepts an arbitrary number of functions'
[13Jan.2024 07:34:02.038] [ForkJoinPool-1-worker-1/INFO] [dan200.computercraft.core.ComputerTestDelegate/]: Starting 'The parallel library -> parallel.waitForAll -> passes errors to the caller'
[13Jan.2024 07:34:02.039] [ComputerCraft-Coroutine-0/INFO] [dan200.computercraft.core.ComputerTestDelegate/]: 'The parallel library -> parallel.waitForAll -> passes errors to the caller' finished with pass
[13Jan.2024 07:34:02.039] [ForkJoinPool-1-worker-1/INFO] [dan200.computercraft.core.ComputerTestDelegate/]: Finished 'The parallel library -> parallel.waitForAll -> passes errors to the caller'
[13Jan.2024 07:34:02.040] [ForkJoinPool-1-worker-1/INFO] [dan200.computercraft.core.ComputerTestDelegate/]: Starting 'The http library -> http.requestAsync -> queues an event for immediate failures'
[13Jan.2024 07:34:03.097] [ComputerCraft-Coroutine-0/INFO] [dan200.computercraft.core.ComputerTestDelegate/]: 'The http library -> http.requestAsync -> queues an event for immediate failures' finished with pass
[13Jan.2024 07:34:03.098] [ForkJoinPool-1-worker-1/INFO] [dan200.computercraft.core.ComputerTestDelegate/]: Finished 'The http library -> http.requestAsync -> queues an event for immediate failures'
[13Jan.2024 07:34:03.100] [ForkJoinPool-1-worker-1/INFO] [dan200.computercraft.core.ComputerTestDelegate/]: Starting 'The http library -> http.websocketAsync -> queues an event for immediate failures'
[13Jan.2024 07:34:04.170] [ComputerCraft-Coroutine-0/INFO] [dan200.computercraft.core.ComputerTestDelegate/]: 'The http library -> http.websocketAsync -> queues an event for immediate failures' finished with pass
[13Jan.2024 07:34:04.171] [ForkJoinPool-1-worker-1/INFO] [dan200.computercraft.core.ComputerTestDelegate/]: Finished 'The http library -> http.websocketAsync -> queues an event for immediate failures'
[13Jan.2024 07:34:04.173] [ForkJoinPool-1-worker-1/INFO] [dan200.computercraft.core.ComputerTestDelegate/]: Starting 'The http library -> http.checkURL -> rejects malformed URLs'
[13Jan.2024 07:34:04.175] [ComputerCraft-Coroutine-0/INFO] [dan200.computercraft.core.ComputerTestDelegate/]: 'The http library -> http.checkURL -> rejects malformed URLs' finished with pass
[13Jan.2024 07:34:04.175] [ForkJoinPool-1-worker-1/INFO] [dan200.computercraft.core.ComputerTestDelegate/]: Finished 'The http library -> http.checkURL -> rejects malformed URLs'
[13Jan.2024 07:34:04.176] [ForkJoinPool-1-worker-1/INFO] [dan200.computercraft.core.ComputerTestDelegate/]: Starting 'The http library -> http.checkURL -> accepts well formed domains'
[13Jan.2024 07:34:04.194] [ComputerCraft-Coroutine-0/DEBUG] [io.netty.channel.MultithreadEventLoopGroup/]: -Dio.netty.eventLoopThreads: 16
[13Jan.2024 07:34:04.210] [ComputerCraft-Coroutine-0/DEBUG] [io.netty.channel.nio.NioEventLoop/]: -Dio.netty.noKeySetOptimization: false
[13Jan.2024 07:34:04.211] [ComputerCraft-Coroutine-0/DEBUG] [io.netty.channel.nio.NioEventLoop/]: -Dio.netty.selectorAutoRebuildThreshold: 512
[13Jan.2024 07:34:04.217] [ComputerCraft-Coroutine-0/DEBUG] [io.netty.util.internal.PlatformDependent/]: org.jctools-core.MpscChunkedArrayQueue: available
[13Jan.2024 07:34:04.248] [ComputerCraft-Coroutine-0/INFO] [dan200.computercraft.core.ComputerTestDelegate/]: 'The http library -> http.checkURL -> accepts well formed domains' finished with pass
[13Jan.2024 07:34:04.248] [ForkJoinPool-1-worker-1/INFO] [dan200.computercraft.core.ComputerTestDelegate/]: Finished 'The http library -> http.checkURL -> accepts well formed domains'
[13Jan.2024 07:34:04.248] [ForkJoinPool-1-worker-1/INFO] [dan200.computercraft.core.ComputerTestDelegate/]: Starting 'The http library -> http.checkURL -> rejects local domains'
[13Jan.2024 07:34:04.249] [ComputerCraft-Coroutine-0/INFO] [dan200.computercraft.core.ComputerTestDelegate/]: 'The http library -> http.checkURL -> rejects local domains' finished with pass
[13Jan.2024 07:34:04.249] [ForkJoinPool-1-worker-1/INFO] [dan200.computercraft.core.ComputerTestDelegate/]: Finished 'The http library -> http.checkURL -> rejects local domains'
[13Jan.2024 07:34:04.250] [ForkJoinPool-1-worker-1/INFO] [dan200.computercraft.core.ComputerTestDelegate/]: Starting 'The cd program -> does not move into a non-existent directory'
[13Jan.2024 07:34:04.251] [ComputerCraft-Coroutine-0/INFO] [dan200.computercraft.core.ComputerTestDelegate/]: 'The cd program -> does not move into a non-existent directory' finished with pass
[13Jan.2024 07:34:04.251] [ForkJoinPool-1-worker-1/INFO] [dan200.computercraft.core.ComputerTestDelegate/]: Finished 'The cd program -> does not move into a non-existent directory'
[13Jan.2024 07:34:04.251] [ForkJoinPool-1-worker-1/INFO] [dan200.computercraft.core.ComputerTestDelegate/]: Starting 'The cd program -> displays the usage when given no arguments'
[13Jan.2024 07:34:04.252] [ComputerCraft-Coroutine-0/INFO] [dan200.computercraft.core.ComputerTestDelegate/]: 'The cd program -> displays the usage when given no arguments' finished with pass
[13Jan.2024 07:34:04.252] [ForkJoinPool-1-worker-1/INFO] [dan200.computercraft.core.ComputerTestDelegate/]: Finished 'The cd program -> displays the usage when given no arguments'
[13Jan.2024 07:34:04.252] [ForkJoinPool-1-worker-1/INFO] [dan200.computercraft.core.ComputerTestDelegate/]: Starting 'The cd program -> changes into a directory'
[13Jan.2024 07:34:04.253] [ComputerCraft-Coroutine-0/INFO] [dan200.computercraft.core.ComputerTestDelegate/]: 'The cd program -> changes into a directory' finished with pass
[13Jan.2024 07:34:04.253] [ForkJoinPool-1-worker-1/INFO] [dan200.computercraft.core.ComputerTestDelegate/]: Finished 'The cd program -> changes into a directory'
[13Jan.2024 07:34:04.253] [ForkJoinPool-1-worker-1/INFO] [dan200.computercraft.core.ComputerTestDelegate/]: Starting 'The exit program -> exits the shell'
[13Jan.2024 07:34:04.254] [ComputerCraft-Coroutine-0/INFO] [dan200.computercraft.core.ComputerTestDelegate/]: 'The exit program -> exits the shell' finished with pass
[13Jan.2024 07:34:04.255] [ForkJoinPool-1-worker-1/INFO] [dan200.computercraft.core.ComputerTestDelegate/]: Finished 'The exit program -> exits the shell'
[13Jan.2024 07:34:04.255] [ForkJoinPool-1-worker-1/INFO] [dan200.computercraft.core.ComputerTestDelegate/]: Starting 'The dj program -> fails when no disks are present'
[13Jan.2024 07:34:04.256] [ComputerCraft-Coroutine-0/INFO] [dan200.computercraft.core.ComputerTestDelegate/]: 'The dj program -> fails when no disks are present' finished with pass
[13Jan.2024 07:34:04.256] [ForkJoinPool-1-worker-1/INFO] [dan200.computercraft.core.ComputerTestDelegate/]: Finished 'The dj program -> fails when no disks are present'
[13Jan.2024 07:34:04.256] [ForkJoinPool-1-worker-1/INFO] [dan200.computercraft.core.ComputerTestDelegate/]: Starting 'The dj program -> displays its usage when given too many arguments'
[13Jan.2024 07:34:04.257] [ComputerCraft-Coroutine-0/INFO] [dan200.computercraft.core.ComputerTestDelegate/]: 'The dj program -> displays its usage when given too many arguments' finished with pass
[13Jan.2024 07:34:04.257] [ForkJoinPool-1-worker-1/INFO] [dan200.computercraft.core.ComputerTestDelegate/]: Finished 'The dj program -> displays its usage when given too many arguments'
[13Jan.2024 07:34:04.258] [ForkJoinPool-1-worker-1/INFO] [dan200.computercraft.core.ComputerTestDelegate/]: Starting 'cc.audio.dfpwm -> encode -> encodes some data'
[13Jan.2024 07:34:04.260] [ComputerCraft-Coroutine-0/INFO] [dan200.computercraft.core.ComputerTestDelegate/]: 'cc.audio.dfpwm -> encode -> encodes some data' finished with pass
[13Jan.2024 07:34:04.260] [ForkJoinPool-1-worker-1/INFO] [dan200.computercraft.core.ComputerTestDelegate/]: Finished 'cc.audio.dfpwm -> encode -> encodes some data'
[13Jan.2024 07:34:04.260] [ForkJoinPool-1-worker-1/INFO] [dan200.computercraft.core.ComputerTestDelegate/]: Starting 'cc.audio.dfpwm -> decode -> decodes some test data'
[13Jan.2024 07:34:04.264] [ComputerCraft-Coroutine-0/INFO] [dan200.computercraft.core.ComputerTestDelegate/]: 'cc.audio.dfpwm -> decode -> decodes some test data' finished with pass
[13Jan.2024 07:34:04.264] [ForkJoinPool-1-worker-1/INFO] [dan200.computercraft.core.ComputerTestDelegate/]: Finished 'cc.audio.dfpwm -> decode -> decodes some test data'
[13Jan.2024 07:34:04.264] [ForkJoinPool-1-worker-1/INFO] [dan200.computercraft.core.ComputerTestDelegate/]: Starting 'The mkdir program -> creates a directory'
[13Jan.2024 07:34:04.267] [ComputerCraft-Coroutine-0/INFO] [dan200.computercraft.core.ComputerTestDelegate/]: 'The mkdir program -> creates a directory' finished with pass
[13Jan.2024 07:34:04.267] [ForkJoinPool-1-worker-1/INFO] [dan200.computercraft.core.ComputerTestDelegate/]: Finished 'The mkdir program -> creates a directory'
[13Jan.2024 07:34:04.267] [ForkJoinPool-1-worker-1/INFO] [dan200.computercraft.core.ComputerTestDelegate/]: Starting 'The mkdir program -> creates many directories'
[13Jan.2024 07:34:04.268] [ComputerCraft-Coroutine-0/INFO] [dan200.computercraft.core.ComputerTestDelegate/]: 'The mkdir program -> creates many directories' finished with pass
[13Jan.2024 07:34:04.268] [ForkJoinPool-1-worker-1/INFO] [dan200.computercraft.core.ComputerTestDelegate/]: Finished 'The mkdir program -> creates many directories'
[13Jan.2024 07:34:04.268] [ForkJoinPool-1-worker-1/INFO] [dan200.computercraft.core.ComputerTestDelegate/]: Starting 'The mkdir program -> can be completed'
[13Jan.2024 07:34:04.270] [ComputerCraft-Coroutine-0/INFO] [dan200.computercraft.core.ComputerTestDelegate/]: 'The mkdir program -> can be completed' finished with pass
[13Jan.2024 07:34:04.270] [ForkJoinPool-1-worker-1/INFO] [dan200.computercraft.core.ComputerTestDelegate/]: Finished 'The mkdir program -> can be completed'
[13Jan.2024 07:34:04.270] [ForkJoinPool-1-worker-1/INFO] [dan200.computercraft.core.ComputerTestDelegate/]: Starting 'The Lua base library -> sleep -> validates arguments'
[13Jan.2024 07:34:04.381] [ComputerCraft-Coroutine-0/INFO] [dan200.computercraft.core.ComputerTestDelegate/]: 'The Lua base library -> sleep -> validates arguments' finished with pass
[13Jan.2024 07:34:04.381] [ForkJoinPool-1-worker-1/INFO] [dan200.computercraft.core.ComputerTestDelegate/]: Finished 'The Lua base library -> sleep -> validates arguments'
[13Jan.2024 07:34:04.381] [ForkJoinPool-1-worker-1/INFO] [dan200.computercraft.core.ComputerTestDelegate/]: Starting 'The Lua base library -> load -> does not prefix the chunk name with '=''
[13Jan.2024 07:34:04.385] [ComputerCraft-Coroutine-0/INFO] [dan200.computercraft.core.ComputerTestDelegate/]: 'The Lua base library -> load -> does not prefix the chunk name with '='' finished with pass
[13Jan.2024 07:34:04.385] [ForkJoinPool-1-worker-1/INFO] [dan200.computercraft.core.ComputerTestDelegate/]: Finished 'The Lua base library -> load -> does not prefix the chunk name with '=''
[13Jan.2024 07:34:04.385] [ForkJoinPool-1-worker-1/INFO] [dan200.computercraft.core.ComputerTestDelegate/]: Starting 'The Lua base library -> load -> validates arguments'
[13Jan.2024 07:34:04.386] [ComputerCraft-Coroutine-0/INFO] [dan200.computercraft.core.ComputerTestDelegate/]: 'The Lua base library -> load -> validates arguments' finished with pass
[13Jan.2024 07:34:04.386] [ForkJoinPool-1-worker-1/INFO] [dan200.computercraft.core.ComputerTestDelegate/]: Finished 'The Lua base library -> load -> validates arguments'
[13Jan.2024 07:34:04.387] [ForkJoinPool-1-worker-1/INFO] [dan200.computercraft.core.ComputerTestDelegate/]: Starting 'The Lua base library -> dofile -> validates arguments'
[13Jan.2024 07:34:04.387] [ComputerCraft-Coroutine-0/INFO] [dan200.computercraft.core.ComputerTestDelegate/]: 'The Lua base library -> dofile -> validates arguments' finished with pass
[13Jan.2024 07:34:04.387] [ForkJoinPool-1-worker-1/INFO] [dan200.computercraft.core.ComputerTestDelegate/]: Finished 'The Lua base library -> dofile -> validates arguments'
[13Jan.2024 07:34:04.388] [ForkJoinPool-1-worker-1/INFO] [dan200.computercraft.core.ComputerTestDelegate/]: Starting 'The Lua base library -> loadfile -> prefixes the filename with @'
[13Jan.2024 07:34:04.391] [ComputerCraft-Coroutine-0/INFO] [dan200.computercraft.core.ComputerTestDelegate/]: 'The Lua base library -> loadfile -> prefixes the filename with @' finished with pass
[13Jan.2024 07:34:04.391] [ForkJoinPool-1-worker-1/INFO] [dan200.computercraft.core.ComputerTestDelegate/]: Finished 'The Lua base library -> loadfile -> prefixes the filename with @'
[13Jan.2024 07:34:04.391] [ForkJoinPool-1-worker-1/INFO] [dan200.computercraft.core.ComputerTestDelegate/]: Starting 'The Lua base library -> loadfile -> loads a file with a specific environment'
[13Jan.2024 07:34:04.392] [ComputerCraft-Coroutine-0/INFO] [dan200.computercraft.core.ComputerTestDelegate/]: 'The Lua base library -> loadfile -> loads a file with a specific environment' finished with pass
[13Jan.2024 07:34:04.392] [ForkJoinPool-1-worker-1/INFO] [dan200.computercraft.core.ComputerTestDelegate/]: Finished 'The Lua base library -> loadfile -> loads a file with a specific environment'
[13Jan.2024 07:34:04.392] [ForkJoinPool-1-worker-1/INFO] [dan200.computercraft.core.ComputerTestDelegate/]: Starting 'The Lua base library -> loadfile -> loads a file with the global environment'
[13Jan.2024 07:34:04.393] [ComputerCraft-Coroutine-0/INFO] [dan200.computercraft.core.ComputerTestDelegate/]: 'The Lua base library -> loadfile -> loads a file with the global environment' finished with pass
[13Jan.2024 07:34:04.393] [ForkJoinPool-1-worker-1/INFO] [dan200.computercraft.core.ComputerTestDelegate/]: Finished 'The Lua base library -> loadfile -> loads a file with the global environment'
[13Jan.2024 07:34:04.393] [ForkJoinPool-1-worker-1/INFO] [dan200.computercraft.core.ComputerTestDelegate/]: Starting 'The Lua base library -> loadfile -> supports the old-style argument form'
[13Jan.2024 07:34:04.394] [ComputerCraft-Coroutine-0/INFO] [dan200.computercraft.core.ComputerTestDelegate/]: 'The Lua base library -> loadfile -> supports the old-style argument form' finished with pass
[13Jan.2024 07:34:04.394] [ForkJoinPool-1-worker-1/INFO] [dan200.computercraft.core.ComputerTestDelegate/]: Finished 'The Lua base library -> loadfile -> supports the old-style argument form'
[13Jan.2024 07:34:04.394] [ForkJoinPool-1-worker-1/INFO] [dan200.computercraft.core.ComputerTestDelegate/]: Starting 'The Lua base library -> loadfile -> validates arguments'
[13Jan.2024 07:34:04.394] [ComputerCraft-Coroutine-0/INFO] [dan200.computercraft.core.ComputerTestDelegate/]: 'The Lua base library -> loadfile -> validates arguments' finished with pass
[13Jan.2024 07:34:04.394] [ForkJoinPool-1-worker-1/INFO] [dan200.computercraft.core.ComputerTestDelegate/]: Finished 'The Lua base library -> loadfile -> validates arguments'
[13Jan.2024 07:34:04.395] [ForkJoinPool-1-worker-1/INFO] [dan200.computercraft.core.ComputerTestDelegate/]: Starting 'The Lua base library -> write -> writes numbers'
[13Jan.2024 07:34:04.395] [ComputerCraft-Coroutine-0/INFO] [dan200.computercraft.core.ComputerTestDelegate/]: 'The Lua base library -> write -> writes numbers' finished with pass
[13Jan.2024 07:34:04.395] [ForkJoinPool-1-worker-1/INFO] [dan200.computercraft.core.ComputerTestDelegate/]: Finished 'The Lua base library -> write -> writes numbers'
[13Jan.2024 07:34:04.395] [ForkJoinPool-1-worker-1/INFO] [dan200.computercraft.core.ComputerTestDelegate/]: Starting 'The Lua base library -> write -> writes strings'
[13Jan.2024 07:34:04.396] [ComputerCraft-Coroutine-0/INFO] [dan200.computercraft.core.ComputerTestDelegate/]: 'The Lua base library -> write -> writes strings' finished with pass
[13Jan.2024 07:34:04.396] [ForkJoinPool-1-worker-1/INFO] [dan200.computercraft.core.ComputerTestDelegate/]: Finished 'The Lua base library -> write -> writes strings'
[13Jan.2024 07:34:04.396] [ForkJoinPool-1-worker-1/INFO] [dan200.computercraft.core.ComputerTestDelegate/]: Starting 'The Lua base library -> write -> validates arguments'
[13Jan.2024 07:34:04.396] [ComputerCraft-Coroutine-0/INFO] [dan200.computercraft.core.ComputerTestDelegate/]: 'The Lua base library -> write -> validates arguments' finished with pass
[13Jan.2024 07:34:04.396] [ForkJoinPool-1-worker-1/INFO] [dan200.computercraft.core.ComputerTestDelegate/]: Finished 'The Lua base library -> write -> validates arguments'
[13Jan.2024 07:34:04.397] [ForkJoinPool-1-worker-1/INFO] [dan200.computercraft.core.ComputerTestDelegate/]: Starting 'cc.require -> the file loader -> works on relative paths'
[13Jan.2024 07:34:04.397] [ComputerCraft-Coroutine-0/INFO] [dan200.computercraft.core.ComputerTestDelegate/]: 'cc.require -> the file loader -> works on relative paths' finished with pass
[13Jan.2024 07:34:04.397] [ForkJoinPool-1-worker-1/INFO] [dan200.computercraft.core.ComputerTestDelegate/]: Finished 'cc.require -> the file loader -> works on relative paths'
[13Jan.2024 07:34:04.398] [ForkJoinPool-1-worker-1/INFO] [dan200.computercraft.core.ComputerTestDelegate/]: Starting 'cc.require -> the file loader -> works on absolute paths'
[13Jan.2024 07:34:04.398] [ComputerCraft-Coroutine-0/INFO] [dan200.computercraft.core.ComputerTestDelegate/]: 'cc.require -> the file loader -> works on absolute paths' finished with pass
[13Jan.2024 07:34:04.398] [ForkJoinPool-1-worker-1/INFO] [dan200.computercraft.core.ComputerTestDelegate/]: Finished 'cc.require -> the file loader -> works on absolute paths'
[13Jan.2024 07:34:04.399] [ForkJoinPool-1-worker-1/INFO] [dan200.computercraft.core.ComputerTestDelegate/]: Starting 'cc.require -> the file loader -> fails on syntax errors'
[13Jan.2024 07:34:04.401] [ComputerCraft-Coroutine-0/INFO] [dan200.computercraft.core.ComputerTestDelegate/]: 'cc.require -> the file loader -> fails on syntax errors' finished with pass
[13Jan.2024 07:34:04.401] [ForkJoinPool-1-worker-1/INFO] [dan200.computercraft.core.ComputerTestDelegate/]: Finished 'cc.require -> the file loader -> fails on syntax errors'
[13Jan.2024 07:34:04.402] [ForkJoinPool-1-worker-1/INFO] [dan200.computercraft.core.ComputerTestDelegate/]: Starting 'cc.require -> require -> errors on recursive modules'
[13Jan.2024 07:34:04.402] [ComputerCraft-Coroutine-0/INFO] [dan200.computercraft.core.ComputerTestDelegate/]: 'cc.require -> require -> errors on recursive modules' finished with pass
[13Jan.2024 07:34:04.402] [ForkJoinPool-1-worker-1/INFO] [dan200.computercraft.core.ComputerTestDelegate/]: Finished 'cc.require -> require -> errors on recursive modules'
[13Jan.2024 07:34:04.402] [ForkJoinPool-1-worker-1/INFO] [dan200.computercraft.core.ComputerTestDelegate/]: Starting 'cc.require -> require -> returns a constant value'
[13Jan.2024 07:34:04.403] [ComputerCraft-Coroutine-0/INFO] [dan200.computercraft.core.ComputerTestDelegate/]: 'cc.require -> require -> returns a constant value' finished with pass
[13Jan.2024 07:34:04.403] [ForkJoinPool-1-worker-1/INFO] [dan200.computercraft.core.ComputerTestDelegate/]: Finished 'cc.require -> require -> returns a constant value'
[13Jan.2024 07:34:04.403] [ForkJoinPool-1-worker-1/INFO] [dan200.computercraft.core.ComputerTestDelegate/]: Starting 'cc.require -> require -> supplies the current module name'
[13Jan.2024 07:34:04.403] [ComputerCraft-Coroutine-0/INFO] [dan200.computercraft.core.ComputerTestDelegate/]: 'cc.require -> require -> supplies the current module name' finished with pass
[13Jan.2024 07:34:04.403] [ForkJoinPool-1-worker-1/INFO] [dan200.computercraft.core.ComputerTestDelegate/]: Finished 'cc.require -> require -> supplies the current module name'
[13Jan.2024 07:34:04.404] [ForkJoinPool-1-worker-1/INFO] [dan200.computercraft.core.ComputerTestDelegate/]: Starting 'cc.require -> require -> returns an error on not-found modules'
[13Jan.2024 07:34:04.404] [ComputerCraft-Coroutine-0/INFO] [dan200.computercraft.core.ComputerTestDelegate/]: 'cc.require -> require -> returns an error on not-found modules' finished with pass
[13Jan.2024 07:34:04.404] [ForkJoinPool-1-worker-1/INFO] [dan200.computercraft.core.ComputerTestDelegate/]: Finished 'cc.require -> require -> returns an error on not-found modules'
[13Jan.2024 07:34:04.405] [ForkJoinPool-1-worker-1/INFO] [dan200.computercraft.core.ComputerTestDelegate/]: Starting 'cc.require -> require -> returns true instead of nil'
[13Jan.2024 07:34:04.405] [ComputerCraft-Coroutine-0/INFO] [dan200.computercraft.core.ComputerTestDelegate/]: 'cc.require -> require -> returns true instead of nil' finished with pass
[13Jan.2024 07:34:04.405] [ForkJoinPool-1-worker-1/INFO] [dan200.computercraft.core.ComputerTestDelegate/]: Finished 'cc.require -> require -> returns true instead of nil'
[13Jan.2024 07:34:04.406] [ForkJoinPool-1-worker-1/INFO] [dan200.computercraft.core.ComputerTestDelegate/]: Starting 'The VM terminates long running code :slow -> in string pattern matching -> string.find'
[13Jan.2024 07:34:07.004] [ComputerCraft-Computer-Worker-0 @Computer#1/INFO] [computercraft/]: Slept for 6908725042
[13Jan.2024 07:34:10.034] [ComputerCraft-Computer-Monitor-0/WARN] [computercraft/]: Terminating computer #0 due to timeout (running for 10.065422208000001 seconds). This is NOT a bug, but may mean a computer is misbehaving.
Thread ComputerCraft-Computer-Worker-1 @Computer#4 is currently TIMED_WAITING
  at java.base@17.0.6/java.lang.Thread.sleep(Native Method)
  at app//dan200.computercraft.core.computer.ComputerThreadTest.lambda$testHardAbort$1(ComputerThreadTest.java:68)
  at app//dan200.computercraft.core.computer.ComputerThreadTest$$Lambda$646/0x000000080033ad48.execute(Unknown Source)
  at app//org.junit.jupiter.api.AssertThrows.assertThrows(AssertThrows.java:53)
  at app//org.junit.jupiter.api.AssertThrows.assertThrows(AssertThrows.java:39)
  at app//org.junit.jupiter.api.Assertions.assertThrows(Assertions.java:3099)
  at app//dan200.computercraft.core.computer.ComputerThreadTest.lambda$testHardAbort$2(ComputerThreadTest.java:68)
  at app//dan200.computercraft.core.computer.ComputerThreadTest$$Lambda$621/0x00000008002fed28.invoke(Unknown Source)
  at app//dan200.computercraft.test.core.computer.KotlinComputerManager$DummyLuaMachine$getTask$1.invokeSuspend(KotlinComputerManager.kt:159)
  at app//dan200.computercraft.test.core.computer.KotlinComputerManager$DummyLuaMachine$getTask$1.invoke(KotlinComputerManager.kt)
  at app//dan200.computercraft.test.core.computer.KotlinComputerManager$DummyLuaMachine$getTask$1.invoke(KotlinComputerManager.kt)
  at app//dan200.computercraft.test.core.computer.KotlinLuaMachine$handleEvent$1.invokeSuspend(KotlinLuaMachine.kt:27)
  at app//kotlin.coroutines.jvm.internal.BaseContinuationImpl.resumeWith(ContinuationImpl.kt:33)
  at app//kotlinx.coroutines.DispatchedTask.run(DispatchedTask.kt:106)
  at app//dan200.computercraft.test.core.computer.KotlinLuaMachine$NeverDispatcher.dispatch(KotlinLuaMachine.kt:52)
  at app//kotlinx.coroutines.internal.DispatchedContinuationKt.resumeCancellableWith(DispatchedContinuation.kt:322)
  at app//kotlinx.coroutines.intrinsics.CancellableKt.startCoroutineCancellable(Cancellable.kt:30)
  at app//kotlinx.coroutines.intrinsics.CancellableKt.startCoroutineCancellable$default(Cancellable.kt:25)
  at app//kotlinx.coroutines.CoroutineStart.invoke(CoroutineStart.kt:110)
  at app//kotlinx.coroutines.AbstractCoroutine.start(AbstractCoroutine.kt:126)
  at app//kotlinx.coroutines.BuildersKt__Builders_commonKt.launch(Builders.common.kt:56)
  at app//kotlinx.coroutines.BuildersKt.launch(Unknown Source)
  at app//kotlinx.coroutines.BuildersKt__Builders_commonKt.launch$default(Builders.common.kt:47)
  at app//kotlinx.coroutines.BuildersKt.launch$default(Unknown Source)
  at app//dan200.computercraft.test.core.computer.KotlinLuaMachine.handleEvent(KotlinLuaMachine.kt:27)
  at app//dan200.computercraft.core.computer.ComputerExecutor.resumeMachine(ComputerExecutor.java:666)
  at app//dan200.computercraft.core.computer.ComputerExecutor.turnOn(ComputerExecutor.java:468)
  at app//dan200.computercraft.core.computer.ComputerExecutor.work(ComputerExecutor.java:595)
  at app//dan200.computercraft.core.computer.ComputerThread$Worker.runImpl(ComputerThread.java:702)
  at app//dan200.computercraft.core.computer.ComputerThread$Worker.run(ComputerThread.java:641)
  at java.base@17.0.6/java.lang.Thread.run(Thread.java:833)
Enqueued command: ABORT
Enqueued events: 0

[13Jan.2024 07:34:11.431] [ComputerCraft-Coroutine-0/INFO] [dan200.computercraft.core.ComputerTestDelegate/]: 'The VM terminates long running code :slow -> in string pattern matching -> string.find' finished with pass
[13Jan.2024 07:34:11.431] [ForkJoinPool-1-worker-1/INFO] [dan200.computercraft.core.ComputerTestDelegate/]: Finished 'The VM terminates long running code :slow -> in string pattern matching -> string.find'
[13Jan.2024 07:34:11.432] [ForkJoinPool-1-worker-1/INFO] [dan200.computercraft.core.ComputerTestDelegate/]: Starting 'The VM terminates long running code :slow -> in string pattern matching -> string.match'
[13Jan.2024 07:34:18.469] [ComputerCraft-Coroutine-0/INFO] [dan200.computercraft.core.ComputerTestDelegate/]: 'The VM terminates long running code :slow -> in string pattern matching -> string.match' finished with pass
[13Jan.2024 07:34:18.469] [ForkJoinPool-1-worker-1/INFO] [dan200.computercraft.core.ComputerTestDelegate/]: Finished 'The VM terminates long running code :slow -> in string pattern matching -> string.match'
[13Jan.2024 07:34:18.470] [ForkJoinPool-1-worker-1/INFO] [dan200.computercraft.core.ComputerTestDelegate/]: Starting 'The VM terminates long running code :slow -> in loops'
[13Jan.2024 07:34:25.536] [ComputerCraft-Coroutine-0/INFO] [dan200.computercraft.core.ComputerTestDelegate/]: 'The VM terminates long running code :slow -> in loops' finished with pass
[13Jan.2024 07:34:25.536] [ForkJoinPool-1-worker-1/INFO] [dan200.computercraft.core.ComputerTestDelegate/]: Finished 'The VM terminates long running code :slow -> in loops'
[13Jan.2024 07:34:25.537] [ForkJoinPool-1-worker-1/INFO] [dan200.computercraft.core.ComputerTestDelegate/]: Starting 'The io library -> io.output on a handle returns that handle'
[13Jan.2024 07:34:25.538] [ComputerCraft-Coroutine-0/INFO] [dan200.computercraft.core.ComputerTestDelegate/]: 'The io library -> io.output on a handle returns that handle' finished with pass
[13Jan.2024 07:34:25.538] [ForkJoinPool-1-worker-1/INFO] [dan200.computercraft.core.ComputerTestDelegate/]: Finished 'The io library -> io.output on a handle returns that handle'
[13Jan.2024 07:34:25.538] [ForkJoinPool-1-worker-1/INFO] [dan200.computercraft.core.ComputerTestDelegate/]: Starting 'The io library -> io.close -> cannot close stdin'
[13Jan.2024 07:34:25.539] [ComputerCraft-Coroutine-0/INFO] [dan200.computercraft.core.ComputerTestDelegate/]: 'The io library -> io.close -> cannot close stdin' finished with pass
[13Jan.2024 07:34:25.539] [ForkJoinPool-1-worker-1/INFO] [dan200.computercraft.core.ComputerTestDelegate/]: Finished 'The io library -> io.close -> cannot close stdin'
[13Jan.2024 07:34:25.539] [ForkJoinPool-1-worker-1/INFO] [dan200.computercraft.core.ComputerTestDelegate/]: Starting 'The io library -> io.close -> cannot close stdout'
[13Jan.2024 07:34:25.539] [ComputerCraft-Coroutine-0/INFO] [dan200.computercraft.core.ComputerTestDelegate/]: 'The io library -> io.close -> cannot close stdout' finished with pass
[13Jan.2024 07:34:25.539] [ForkJoinPool-1-worker-1/INFO] [dan200.computercraft.core.ComputerTestDelegate/]: Finished 'The io library -> io.close -> cannot close stdout'
[13Jan.2024 07:34:25.540] [ForkJoinPool-1-worker-1/INFO] [dan200.computercraft.core.ComputerTestDelegate/]: Starting 'The io library -> a readable handle -> supports the 'L' mode'
[13Jan.2024 07:34:25.542] [ComputerCraft-Coroutine-0/INFO] [dan200.computercraft.core.ComputerTestDelegate/]: 'The io library -> a readable handle -> supports the 'L' mode' finished with pass
[13Jan.2024 07:34:25.542] [ForkJoinPool-1-worker-1/INFO] [dan200.computercraft.core.ComputerTestDelegate/]: Finished 'The io library -> a readable handle -> supports the 'L' mode'
[13Jan.2024 07:34:25.542] [ForkJoinPool-1-worker-1/INFO] [dan200.computercraft.core.ComputerTestDelegate/]: Starting 'The io library -> a readable handle -> supports various modes'
[13Jan.2024 07:34:25.545] [ComputerCraft-Coroutine-0/INFO] [dan200.computercraft.core.ComputerTestDelegate/]: 'The io library -> a readable handle -> supports various modes' finished with pass
[13Jan.2024 07:34:25.545] [ForkJoinPool-1-worker-1/INFO] [dan200.computercraft.core.ComputerTestDelegate/]: Finished 'The io library -> a readable handle -> supports various modes'
[13Jan.2024 07:34:25.545] [ForkJoinPool-1-worker-1/INFO] [dan200.computercraft.core.ComputerTestDelegate/]: Starting 'The io library -> a readable handle -> cannot be written to'
[13Jan.2024 07:34:25.546] [ComputerCraft-Coroutine-0/INFO] [dan200.computercraft.core.ComputerTestDelegate/]: 'The io library -> a readable handle -> cannot be written to' finished with pass
[13Jan.2024 07:34:25.546] [ForkJoinPool-1-worker-1/INFO] [dan200.computercraft.core.ComputerTestDelegate/]: Finished 'The io library -> a readable handle -> cannot be written to'
[13Jan.2024 07:34:25.546] [ForkJoinPool-1-worker-1/INFO] [dan200.computercraft.core.ComputerTestDelegate/]: Starting 'The io library -> a readable handle -> support seeking'
[13Jan.2024 07:34:25.547] [ComputerCraft-Coroutine-0/INFO] [dan200.computercraft.core.ComputerTestDelegate/]: 'The io library -> a readable handle -> support seeking' finished with pass
[13Jan.2024 07:34:25.547] [ForkJoinPool-1-worker-1/INFO] [dan200.computercraft.core.ComputerTestDelegate/]: Finished 'The io library -> a readable handle -> support seeking'
[13Jan.2024 07:34:25.548] [ForkJoinPool-1-worker-1/INFO] [dan200.computercraft.core.ComputerTestDelegate/]: Starting 'The io library -> io.input on a handle returns that handle'
[13Jan.2024 07:34:25.548] [ComputerCraft-Coroutine-0/INFO] [dan200.computercraft.core.ComputerTestDelegate/]: 'The io library -> io.input on a handle returns that handle' finished with pass
[13Jan.2024 07:34:25.548] [ForkJoinPool-1-worker-1/INFO] [dan200.computercraft.core.ComputerTestDelegate/]: Finished 'The io library -> io.input on a handle returns that handle'
[13Jan.2024 07:34:25.552] [ForkJoinPool-1-worker-1/INFO] [dan200.computercraft.core.ComputerTestDelegate/]: Starting 'The io library -> io.type -> returns file on handles'
[13Jan.2024 07:34:25.553] [ComputerCraft-Coroutine-0/INFO] [dan200.computercraft.core.ComputerTestDelegate/]: 'The io library -> io.type -> returns file on handles' finished with pass
[13Jan.2024 07:34:25.553] [ForkJoinPool-1-worker-1/INFO] [dan200.computercraft.core.ComputerTestDelegate/]: Finished 'The io library -> io.type -> returns file on handles'
[13Jan.2024 07:34:25.554] [ForkJoinPool-1-worker-1/INFO] [dan200.computercraft.core.ComputerTestDelegate/]: Starting 'The io library -> io.type -> returns nil on values'
[13Jan.2024 07:34:25.554] [ComputerCraft-Coroutine-0/INFO] [dan200.computercraft.core.ComputerTestDelegate/]: 'The io library -> io.type -> returns nil on values' finished with pass
[13Jan.2024 07:34:25.554] [ForkJoinPool-1-worker-1/INFO] [dan200.computercraft.core.ComputerTestDelegate/]: Finished 'The io library -> io.type -> returns nil on values'
[13Jan.2024 07:34:25.555] [ForkJoinPool-1-worker-1/INFO] [dan200.computercraft.core.ComputerTestDelegate/]: Starting 'The io library -> io.type -> returns nil on tables'
[13Jan.2024 07:34:25.555] [ComputerCraft-Coroutine-0/INFO] [dan200.computercraft.core.ComputerTestDelegate/]: 'The io library -> io.type -> returns nil on tables' finished with pass
[13Jan.2024 07:34:25.555] [ForkJoinPool-1-worker-1/INFO] [dan200.computercraft.core.ComputerTestDelegate/]: Finished 'The io library -> io.type -> returns nil on tables'
[13Jan.2024 07:34:25.555] [ForkJoinPool-1-worker-1/INFO] [dan200.computercraft.core.ComputerTestDelegate/]: Starting 'The io library -> a writable handle -> supports appending'
[13Jan.2024 07:34:25.557] [ComputerCraft-Coroutine-0/INFO] [dan200.computercraft.core.ComputerTestDelegate/]: 'The io library -> a writable handle -> supports appending' finished with pass
[13Jan.2024 07:34:25.557] [ForkJoinPool-1-worker-1/INFO] [dan200.computercraft.core.ComputerTestDelegate/]: Finished 'The io library -> a writable handle -> supports appending'
[13Jan.2024 07:34:25.557] [ForkJoinPool-1-worker-1/INFO] [dan200.computercraft.core.ComputerTestDelegate/]: Starting 'The io library -> a writable handle -> supports seeking'
[13Jan.2024 07:34:25.558] [ComputerCraft-Coroutine-0/INFO] [dan200.computercraft.core.ComputerTestDelegate/]: 'The io library -> a writable handle -> supports seeking' finished with pass
[13Jan.2024 07:34:25.558] [ForkJoinPool-1-worker-1/INFO] [dan200.computercraft.core.ComputerTestDelegate/]: Finished 'The io library -> a writable handle -> supports seeking'
[13Jan.2024 07:34:25.558] [ForkJoinPool-1-worker-1/INFO] [dan200.computercraft.core.ComputerTestDelegate/]: Starting 'The io library -> io.lines -> accepts multiple arguments'
[13Jan.2024 07:34:25.559] [ComputerCraft-Coroutine-0/INFO] [dan200.computercraft.core.ComputerTestDelegate/]: 'The io library -> io.lines -> accepts multiple arguments' finished with pass
[13Jan.2024 07:34:25.560] [ForkJoinPool-1-worker-1/INFO] [dan200.computercraft.core.ComputerTestDelegate/]: Finished 'The io library -> io.lines -> accepts multiple arguments'
[13Jan.2024 07:34:25.560] [ForkJoinPool-1-worker-1/INFO] [dan200.computercraft.core.ComputerTestDelegate/]: Starting 'The io library -> io.lines -> validates arguments'
[13Jan.2024 07:34:25.560] [ComputerCraft-Coroutine-0/INFO] [dan200.computercraft.core.ComputerTestDelegate/]: 'The io library -> io.lines -> validates arguments' finished with pass
[13Jan.2024 07:34:25.560] [ForkJoinPool-1-worker-1/INFO] [dan200.computercraft.core.ComputerTestDelegate/]: Finished 'The io library -> io.lines -> validates arguments'
[13Jan.2024 07:34:25.561] [ForkJoinPool-1-worker-1/INFO] [dan200.computercraft.core.ComputerTestDelegate/]: Starting 'The io library -> io.lines -> can copy a file'
[13Jan.2024 07:34:25.562] [ComputerCraft-Coroutine-0/INFO] [dan200.computercraft.core.ComputerTestDelegate/]: 'The io library -> io.lines -> can copy a file' finished with pass
[13Jan.2024 07:34:25.562] [ForkJoinPool-1-worker-1/INFO] [dan200.computercraft.core.ComputerTestDelegate/]: Finished 'The io library -> io.lines -> can copy a file'
[13Jan.2024 07:34:25.562] [ForkJoinPool-1-worker-1/INFO] [dan200.computercraft.core.ComputerTestDelegate/]: Starting 'The io library -> io.lines -> closes the file'
[13Jan.2024 07:34:25.563] [ComputerCraft-Coroutine-0/INFO] [dan200.computercraft.core.ComputerTestDelegate/]: 'The io library -> io.lines -> closes the file' finished with pass
[13Jan.2024 07:34:25.563] [ForkJoinPool-1-worker-1/INFO] [dan200.computercraft.core.ComputerTestDelegate/]: Finished 'The io library -> io.lines -> closes the file'
[13Jan.2024 07:34:25.563] [ForkJoinPool-1-worker-1/INFO] [dan200.computercraft.core.ComputerTestDelegate/]: Starting 'The io library -> io.lines -> does not close on a normal file handle'
[13Jan.2024 07:34:25.564] [ComputerCraft-Coroutine-0/INFO] [dan200.computercraft.core.ComputerTestDelegate/]: 'The io library -> io.lines -> does not close on a normal file handle' finished with pass
[13Jan.2024 07:34:25.564] [ForkJoinPool-1-worker-1/INFO] [dan200.computercraft.core.ComputerTestDelegate/]: Finished 'The io library -> io.lines -> does not close on a normal file handle'
[13Jan.2024 07:34:25.564] [ForkJoinPool-1-worker-1/INFO] [dan200.computercraft.core.ComputerTestDelegate/]: Starting 'The io library -> io.open -> returns an error message on non-existent files'
[13Jan.2024 07:34:25.565] [ComputerCraft-Coroutine-0/INFO] [dan200.computercraft.core.ComputerTestDelegate/]: 'The io library -> io.open -> returns an error message on non-existent files' finished with pass
[13Jan.2024 07:34:25.565] [ForkJoinPool-1-worker-1/INFO] [dan200.computercraft.core.ComputerTestDelegate/]: Finished 'The io library -> io.open -> returns an error message on non-existent files'
[13Jan.2024 07:34:25.565] [ForkJoinPool-1-worker-1/INFO] [dan200.computercraft.core.ComputerTestDelegate/]: Starting 'The io library -> io.open -> validates arguments'
[13Jan.2024 07:34:25.565] [ComputerCraft-Coroutine-0/INFO] [dan200.computercraft.core.ComputerTestDelegate/]: 'The io library -> io.open -> validates arguments' finished with pass
[13Jan.2024 07:34:25.566] [ForkJoinPool-1-worker-1/INFO] [dan200.computercraft.core.ComputerTestDelegate/]: Finished 'The io library -> io.open -> validates arguments'
[13Jan.2024 07:34:25.566] [ForkJoinPool-1-worker-1/INFO] [dan200.computercraft.core.ComputerTestDelegate/]: Starting 'The io library -> io.open -> checks the mode'
[13Jan.2024 07:34:25.567] [ComputerCraft-Coroutine-0/INFO] [dan200.computercraft.core.ComputerTestDelegate/]: 'The io library -> io.open -> checks the mode' finished with pass
[13Jan.2024 07:34:25.567] [ForkJoinPool-1-worker-1/INFO] [dan200.computercraft.core.ComputerTestDelegate/]: Finished 'The io library -> io.open -> checks the mode'
[13Jan.2024 07:34:25.567] [ForkJoinPool-1-worker-1/INFO] [dan200.computercraft.core.ComputerTestDelegate/]: Starting 'The io library -> defines a __name field'
[13Jan.2024 07:34:25.567] [ComputerCraft-Coroutine-0/INFO] [dan200.computercraft.core.ComputerTestDelegate/]: 'The io library -> defines a __name field' finished with pass
[13Jan.2024 07:34:25.567] [ForkJoinPool-1-worker-1/INFO] [dan200.computercraft.core.ComputerTestDelegate/]: Finished 'The io library -> defines a __name field'
[13Jan.2024 07:34:25.567] [ForkJoinPool-1-worker-1/INFO] [dan200.computercraft.core.ComputerTestDelegate/]: Starting 'cc.image.nft -> load -> loads from a file'
[13Jan.2024 07:34:25.568] [ComputerCraft-Coroutine-0/INFO] [dan200.computercraft.core.ComputerTestDelegate/]: 'cc.image.nft -> load -> loads from a file' finished with pass
[13Jan.2024 07:34:25.568] [ForkJoinPool-1-worker-1/INFO] [dan200.computercraft.core.ComputerTestDelegate/]: Finished 'cc.image.nft -> load -> loads from a file'
[13Jan.2024 07:34:25.568] [ForkJoinPool-1-worker-1/INFO] [dan200.computercraft.core.ComputerTestDelegate/]: Starting 'cc.image.nft -> load -> fails on missing files'
[13Jan.2024 07:34:25.569] [ComputerCraft-Coroutine-0/INFO] [dan200.computercraft.core.ComputerTestDelegate/]: 'cc.image.nft -> load -> fails on missing files' finished with pass
[13Jan.2024 07:34:25.569] [ForkJoinPool-1-worker-1/INFO] [dan200.computercraft.core.ComputerTestDelegate/]: Finished 'cc.image.nft -> load -> fails on missing files'
[13Jan.2024 07:34:25.569] [ForkJoinPool-1-worker-1/INFO] [dan200.computercraft.core.ComputerTestDelegate/]: Starting 'cc.image.nft -> load -> validates arguments'
[13Jan.2024 07:34:25.569] [ComputerCraft-Coroutine-0/INFO] [dan200.computercraft.core.ComputerTestDelegate/]: 'cc.image.nft -> load -> validates arguments' finished with pass
[13Jan.2024 07:34:25.569] [ForkJoinPool-1-worker-1/INFO] [dan200.computercraft.core.ComputerTestDelegate/]: Finished 'cc.image.nft -> load -> validates arguments'
[13Jan.2024 07:34:25.570] [ForkJoinPool-1-worker-1/INFO] [dan200.computercraft.core.ComputerTestDelegate/]: Starting 'cc.image.nft -> parse -> handles background and foreground colours'
[13Jan.2024 07:34:25.570] [ComputerCraft-Coroutine-0/INFO] [dan200.computercraft.core.ComputerTestDelegate/]: 'cc.image.nft -> parse -> handles background and foreground colours' finished with pass
[13Jan.2024 07:34:25.570] [ForkJoinPool-1-worker-1/INFO] [dan200.computercraft.core.ComputerTestDelegate/]: Finished 'cc.image.nft -> parse -> handles background and foreground colours'
[13Jan.2024 07:34:25.570] [ForkJoinPool-1-worker-1/INFO] [dan200.computercraft.core.ComputerTestDelegate/]: Starting 'cc.image.nft -> parse -> parses multi-line files'
[13Jan.2024 07:34:25.571] [ComputerCraft-Coroutine-0/INFO] [dan200.computercraft.core.ComputerTestDelegate/]: 'cc.image.nft -> parse -> parses multi-line files' finished with pass
[13Jan.2024 07:34:25.571] [ForkJoinPool-1-worker-1/INFO] [dan200.computercraft.core.ComputerTestDelegate/]: Finished 'cc.image.nft -> parse -> parses multi-line files'
[13Jan.2024 07:34:25.571] [ForkJoinPool-1-worker-1/INFO] [dan200.computercraft.core.ComputerTestDelegate/]: Starting 'cc.image.nft -> parse -> parses a string with no colours'
[13Jan.2024 07:34:25.571] [ComputerCraft-Coroutine-0/INFO] [dan200.computercraft.core.ComputerTestDelegate/]: 'cc.image.nft -> parse -> parses a string with no colours' finished with pass
[13Jan.2024 07:34:25.571] [ForkJoinPool-1-worker-1/INFO] [dan200.computercraft.core.ComputerTestDelegate/]: Finished 'cc.image.nft -> parse -> parses a string with no colours'
[13Jan.2024 07:34:25.571] [ForkJoinPool-1-worker-1/INFO] [dan200.computercraft.core.ComputerTestDelegate/]: Starting 'cc.image.nft -> parse -> handles empty lines'
[13Jan.2024 07:34:25.572] [ComputerCraft-Coroutine-0/INFO] [dan200.computercraft.core.ComputerTestDelegate/]: 'cc.image.nft -> parse -> handles empty lines' finished with pass
[13Jan.2024 07:34:25.572] [ForkJoinPool-1-worker-1/INFO] [dan200.computercraft.core.ComputerTestDelegate/]: Finished 'cc.image.nft -> parse -> handles empty lines'
[13Jan.2024 07:34:25.572] [ForkJoinPool-1-worker-1/INFO] [dan200.computercraft.core.ComputerTestDelegate/]: Starting 'cc.image.nft -> parse -> parses an empty string'
[13Jan.2024 07:34:25.572] [ComputerCraft-Coroutine-0/INFO] [dan200.computercraft.core.ComputerTestDelegate/]: 'cc.image.nft -> parse -> parses an empty string' finished with pass
[13Jan.2024 07:34:25.572] [ForkJoinPool-1-worker-1/INFO] [dan200.computercraft.core.ComputerTestDelegate/]: Finished 'cc.image.nft -> parse -> parses an empty string'
[13Jan.2024 07:34:25.572] [ForkJoinPool-1-worker-1/INFO] [dan200.computercraft.core.ComputerTestDelegate/]: Starting 'cc.image.nft -> parse -> validates arguments'
[13Jan.2024 07:34:25.573] [ComputerCraft-Coroutine-0/INFO] [dan200.computercraft.core.ComputerTestDelegate/]: 'cc.image.nft -> parse -> validates arguments' finished with pass
[13Jan.2024 07:34:25.573] [ForkJoinPool-1-worker-1/INFO] [dan200.computercraft.core.ComputerTestDelegate/]: Finished 'cc.image.nft -> parse -> validates arguments'
[13Jan.2024 07:34:25.573] [ForkJoinPool-1-worker-1/INFO] [dan200.computercraft.core.ComputerTestDelegate/]: Starting 'cc.image.nft -> draw -> draws an image'
[13Jan.2024 07:34:25.573] [ComputerCraft-Coroutine-0/INFO] [dan200.computercraft.core.ComputerTestDelegate/]: 'cc.image.nft -> draw -> draws an image' finished with pass
[13Jan.2024 07:34:25.573] [ForkJoinPool-1-worker-1/INFO] [dan200.computercraft.core.ComputerTestDelegate/]: Finished 'cc.image.nft -> draw -> draws an image'
[13Jan.2024 07:34:25.574] [ForkJoinPool-1-worker-1/INFO] [dan200.computercraft.core.ComputerTestDelegate/]: Starting 'cc.image.nft -> draw -> validates arguments'
[13Jan.2024 07:34:25.574] [ComputerCraft-Coroutine-0/INFO] [dan200.computercraft.core.ComputerTestDelegate/]: 'cc.image.nft -> draw -> validates arguments' finished with pass
[13Jan.2024 07:34:25.574] [ForkJoinPool-1-worker-1/INFO] [dan200.computercraft.core.ComputerTestDelegate/]: Finished 'cc.image.nft -> draw -> validates arguments'
[13Jan.2024 07:34:25.574] [ForkJoinPool-1-worker-1/INFO] [dan200.computercraft.core.ComputerTestDelegate/]: Starting 'cc.image.nft -> draw -> draws an image to a custom redirect'
[13Jan.2024 07:34:25.575] [ComputerCraft-Coroutine-0/INFO] [dan200.computercraft.core.ComputerTestDelegate/]: 'cc.image.nft -> draw -> draws an image to a custom redirect' finished with pass
[13Jan.2024 07:34:25.575] [ForkJoinPool-1-worker-1/INFO] [dan200.computercraft.core.ComputerTestDelegate/]: Finished 'cc.image.nft -> draw -> draws an image to a custom redirect'
[13Jan.2024 07:34:25.575] [ForkJoinPool-1-worker-1/INFO] [dan200.computercraft.core.ComputerTestDelegate/]: Starting 'The term library -> term.redirect -> prevents redirecting to term'
[13Jan.2024 07:34:25.575] [ComputerCraft-Coroutine-0/INFO] [dan200.computercraft.core.ComputerTestDelegate/]: 'The term library -> term.redirect -> prevents redirecting to term' finished with pass
[13Jan.2024 07:34:25.575] [ForkJoinPool-1-worker-1/INFO] [dan200.computercraft.core.ComputerTestDelegate/]: Finished 'The term library -> term.redirect -> prevents redirecting to term'
[13Jan.2024 07:34:25.576] [ForkJoinPool-1-worker-1/INFO] [dan200.computercraft.core.ComputerTestDelegate/]: Starting 'The term library -> term.redirect -> validates arguments'
[13Jan.2024 07:34:25.576] [ComputerCraft-Coroutine-0/INFO] [dan200.computercraft.core.ComputerTestDelegate/]: 'The term library -> term.redirect -> validates arguments' finished with pass
[13Jan.2024 07:34:25.576] [ForkJoinPool-1-worker-1/INFO] [dan200.computercraft.core.ComputerTestDelegate/]: Finished 'The term library -> term.redirect -> validates arguments'
[13Jan.2024 07:34:25.576] [ForkJoinPool-1-worker-1/INFO] [dan200.computercraft.core.ComputerTestDelegate/]: Starting 'The rm program -> deletes a glob'
[13Jan.2024 07:34:25.579] [ComputerCraft-Coroutine-0/INFO] [dan200.computercraft.core.ComputerTestDelegate/]: 'The rm program -> deletes a glob' finished with pass
[13Jan.2024 07:34:25.579] [ForkJoinPool-1-worker-1/INFO] [dan200.computercraft.core.ComputerTestDelegate/]: Finished 'The rm program -> deletes a glob'
[13Jan.2024 07:34:25.579] [ForkJoinPool-1-worker-1/INFO] [dan200.computercraft.core.ComputerTestDelegate/]: Starting 'The rm program -> displays the usage with no arguments'
[13Jan.2024 07:34:25.580] [ComputerCraft-Coroutine-0/INFO] [dan200.computercraft.core.ComputerTestDelegate/]: 'The rm program -> displays the usage with no arguments' finished with pass
[13Jan.2024 07:34:25.580] [ForkJoinPool-1-worker-1/INFO] [dan200.computercraft.core.ComputerTestDelegate/]: Finished 'The rm program -> displays the usage with no arguments'
[13Jan.2024 07:34:25.580] [ForkJoinPool-1-worker-1/INFO] [dan200.computercraft.core.ComputerTestDelegate/]: Starting 'The rm program -> deletes one file'
[13Jan.2024 07:34:25.581] [ComputerCraft-Coroutine-0/INFO] [dan200.computercraft.core.ComputerTestDelegate/]: 'The rm program -> deletes one file' finished with pass
[13Jan.2024 07:34:25.581] [ForkJoinPool-1-worker-1/INFO] [dan200.computercraft.core.ComputerTestDelegate/]: Finished 'The rm program -> deletes one file'
[13Jan.2024 07:34:25.581] [ForkJoinPool-1-worker-1/INFO] [dan200.computercraft.core.ComputerTestDelegate/]: Starting 'The rm program -> errors when a glob fails to match'
[13Jan.2024 07:34:25.582] [ComputerCraft-Coroutine-0/INFO] [dan200.computercraft.core.ComputerTestDelegate/]: 'The rm program -> errors when a glob fails to match' finished with pass
[13Jan.2024 07:34:25.582] [ForkJoinPool-1-worker-1/INFO] [dan200.computercraft.core.ComputerTestDelegate/]: Finished 'The rm program -> errors when a glob fails to match'
[13Jan.2024 07:34:25.582] [ForkJoinPool-1-worker-1/INFO] [dan200.computercraft.core.ComputerTestDelegate/]: Starting 'The rm program -> errors when trying to delete a read-only file'
[13Jan.2024 07:34:25.583] [ComputerCraft-Coroutine-0/INFO] [dan200.computercraft.core.ComputerTestDelegate/]: 'The rm program -> errors when trying to delete a read-only file' finished with pass
[13Jan.2024 07:34:25.583] [ForkJoinPool-1-worker-1/INFO] [dan200.computercraft.core.ComputerTestDelegate/]: Finished 'The rm program -> errors when trying to delete a read-only file'
[13Jan.2024 07:34:25.583] [ForkJoinPool-1-worker-1/INFO] [dan200.computercraft.core.ComputerTestDelegate/]: Starting 'The rm program -> deletes many files'
[13Jan.2024 07:34:25.584] [ComputerCraft-Coroutine-0/INFO] [dan200.computercraft.core.ComputerTestDelegate/]: 'The rm program -> deletes many files' finished with pass
[13Jan.2024 07:34:25.584] [ForkJoinPool-1-worker-1/INFO] [dan200.computercraft.core.ComputerTestDelegate/]: Finished 'The rm program -> deletes many files'
[13Jan.2024 07:34:25.584] [ForkJoinPool-1-worker-1/INFO] [dan200.computercraft.core.ComputerTestDelegate/]: Starting 'The rm program -> errors when trying to delete the root mount'
[13Jan.2024 07:34:25.585] [ComputerCraft-Coroutine-0/INFO] [dan200.computercraft.core.ComputerTestDelegate/]: 'The rm program -> errors when trying to delete the root mount' finished with pass
[13Jan.2024 07:34:25.585] [ForkJoinPool-1-worker-1/INFO] [dan200.computercraft.core.ComputerTestDelegate/]: Finished 'The rm program -> errors when trying to delete the root mount'
[13Jan.2024 07:34:25.586] [ForkJoinPool-1-worker-1/INFO] [dan200.computercraft.core.ComputerTestDelegate/]: Starting 'The turtle equip program -> displays its usage when given no arguments'
[13Jan.2024 07:34:25.587] [ComputerCraft-Coroutine-0/INFO] [dan200.computercraft.core.ComputerTestDelegate/]: 'The turtle equip program -> displays its usage when given no arguments' finished with pass
[13Jan.2024 07:34:25.587] [ForkJoinPool-1-worker-1/INFO] [dan200.computercraft.core.ComputerTestDelegate/]: Finished 'The turtle equip program -> displays its usage when given no arguments'
[13Jan.2024 07:34:25.589] [ForkJoinPool-1-worker-1/INFO] [dan200.computercraft.core.ComputerTestDelegate/]: Starting 'The turtle equip program -> handles when an upgrade cannot be equipped'
[13Jan.2024 07:34:25.590] [ComputerCraft-Coroutine-0/INFO] [dan200.computercraft.core.ComputerTestDelegate/]: 'The turtle equip program -> handles when an upgrade cannot be equipped' finished with pass
[13Jan.2024 07:34:25.591] [ForkJoinPool-1-worker-1/INFO] [dan200.computercraft.core.ComputerTestDelegate/]: Finished 'The turtle equip program -> handles when an upgrade cannot be equipped'
[13Jan.2024 07:34:25.591] [ForkJoinPool-1-worker-1/INFO] [dan200.computercraft.core.ComputerTestDelegate/]: Starting 'The turtle equip program -> swaps existing upgrades'
[13Jan.2024 07:34:25.592] [ComputerCraft-Coroutine-0/INFO] [dan200.computercraft.core.ComputerTestDelegate/]: 'The turtle equip program -> swaps existing upgrades' finished with pass
[13Jan.2024 07:34:25.592] [ForkJoinPool-1-worker-1/INFO] [dan200.computercraft.core.ComputerTestDelegate/]: Finished 'The turtle equip program -> swaps existing upgrades'
[13Jan.2024 07:34:25.592] [ForkJoinPool-1-worker-1/INFO] [dan200.computercraft.core.ComputerTestDelegate/]: Starting 'The turtle equip program -> equips a new upgrade -> on the left'
[13Jan.2024 07:34:25.593] [ComputerCraft-Coroutine-0/INFO] [dan200.computercraft.core.ComputerTestDelegate/]: 'The turtle equip program -> equips a new upgrade -> on the left' finished with pass
[13Jan.2024 07:34:25.593] [ForkJoinPool-1-worker-1/INFO] [dan200.computercraft.core.ComputerTestDelegate/]: Finished 'The turtle equip program -> equips a new upgrade -> on the left'
[13Jan.2024 07:34:25.593] [ForkJoinPool-1-worker-1/INFO] [dan200.computercraft.core.ComputerTestDelegate/]: Starting 'The turtle equip program -> equips a new upgrade -> on the right'
[13Jan.2024 07:34:25.594] [ComputerCraft-Coroutine-0/INFO] [dan200.computercraft.core.ComputerTestDelegate/]: 'The turtle equip program -> equips a new upgrade -> on the right' finished with pass
[13Jan.2024 07:34:25.594] [ForkJoinPool-1-worker-1/INFO] [dan200.computercraft.core.ComputerTestDelegate/]: Finished 'The turtle equip program -> equips a new upgrade -> on the right'
[13Jan.2024 07:34:25.595] [ForkJoinPool-1-worker-1/INFO] [dan200.computercraft.core.ComputerTestDelegate/]: Starting 'The turtle equip program -> equip nothing'
[13Jan.2024 07:34:25.596] [ComputerCraft-Coroutine-0/INFO] [dan200.computercraft.core.ComputerTestDelegate/]: 'The turtle equip program -> equip nothing' finished with pass
[13Jan.2024 07:34:25.596] [ForkJoinPool-1-worker-1/INFO] [dan200.computercraft.core.ComputerTestDelegate/]: Finished 'The turtle equip program -> equip nothing'
[13Jan.2024 07:34:25.596] [ForkJoinPool-1-worker-1/INFO] [dan200.computercraft.core.ComputerTestDelegate/]: Starting 'The turtle equip program -> errors when not a turtle'
[13Jan.2024 07:34:25.597] [ComputerCraft-Coroutine-0/INFO] [dan200.computercraft.core.ComputerTestDelegate/]: 'The turtle equip program -> errors when not a turtle' finished with pass
[13Jan.2024 07:34:25.597] [ForkJoinPool-1-worker-1/INFO] [dan200.computercraft.core.ComputerTestDelegate/]: Finished 'The turtle equip program -> errors when not a turtle'
[13Jan.2024 07:34:25.597] [ForkJoinPool-1-worker-1/INFO] [dan200.computercraft.core.ComputerTestDelegate/]: Starting 'The fg program -> opens the shell in the foreground'
[13Jan.2024 07:34:25.598] [ComputerCraft-Coroutine-0/INFO] [dan200.computercraft.core.ComputerTestDelegate/]: 'The fg program -> opens the shell in the foreground' finished with pass
[13Jan.2024 07:34:25.598] [ForkJoinPool-1-worker-1/INFO] [dan200.computercraft.core.ComputerTestDelegate/]: Finished 'The fg program -> opens the shell in the foreground'
[13Jan.2024 07:34:25.599] [ForkJoinPool-1-worker-1/INFO] [dan200.computercraft.core.ComputerTestDelegate/]: Starting 'The shutdown program -> run the program'
[13Jan.2024 07:34:25.600] [ComputerCraft-Coroutine-0/INFO] [dan200.computercraft.core.ComputerTestDelegate/]: 'The shutdown program -> run the program' finished with pass
[13Jan.2024 07:34:25.600] [ForkJoinPool-1-worker-1/INFO] [dan200.computercraft.core.ComputerTestDelegate/]: Finished 'The shutdown program -> run the program'
[13Jan.2024 07:34:25.600] [ForkJoinPool-1-worker-1/INFO] [dan200.computercraft.core.ComputerTestDelegate/]: Starting 'cc.internal.syntax -> the lexer -> Numbers -> test #1'
[13Jan.2024 07:34:25.601] [ComputerCraft-Coroutine-0/INFO] [dan200.computercraft.core.ComputerTestDelegate/]: 'cc.internal.syntax -> the lexer -> Numbers -> test #1' finished with pass
[13Jan.2024 07:34:25.601] [ForkJoinPool-1-worker-1/INFO] [dan200.computercraft.core.ComputerTestDelegate/]: Finished 'cc.internal.syntax -> the lexer -> Numbers -> test #1'
[13Jan.2024 07:34:25.601] [ForkJoinPool-1-worker-1/INFO] [dan200.computercraft.core.ComputerTestDelegate/]: Starting 'cc.internal.syntax -> the lexer -> Numbers -> test #2'
[13Jan.2024 07:34:25.602] [ComputerCraft-Coroutine-0/INFO] [dan200.computercraft.core.ComputerTestDelegate/]: 'cc.internal.syntax -> the lexer -> Numbers -> test #2' finished with pass
[13Jan.2024 07:34:25.602] [ForkJoinPool-1-worker-1/INFO] [dan200.computercraft.core.ComputerTestDelegate/]: Finished 'cc.internal.syntax -> the lexer -> Numbers -> test #2'
[13Jan.2024 07:34:25.602] [ForkJoinPool-1-worker-1/INFO] [dan200.computercraft.core.ComputerTestDelegate/]: Starting 'cc.internal.syntax -> the lexer -> Comments -> Single-line comments -> test #1'
[13Jan.2024 07:34:25.602] [ComputerCraft-Coroutine-0/INFO] [dan200.computercraft.core.ComputerTestDelegate/]: 'cc.internal.syntax -> the lexer -> Comments -> Single-line comments -> test #1' finished with pass
[13Jan.2024 07:34:25.602] [ForkJoinPool-1-worker-1/INFO] [dan200.computercraft.core.ComputerTestDelegate/]: Finished 'cc.internal.syntax -> the lexer -> Comments -> Single-line comments -> test #1'
[13Jan.2024 07:34:25.603] [ForkJoinPool-1-worker-1/INFO] [dan200.computercraft.core.ComputerTestDelegate/]: Starting 'cc.internal.syntax -> the lexer -> Comments -> Single-line comments -> test #2'
[13Jan.2024 07:34:25.603] [ComputerCraft-Coroutine-0/INFO] [dan200.computercraft.core.ComputerTestDelegate/]: 'cc.internal.syntax -> the lexer -> Comments -> Single-line comments -> test #2' finished with pass
[13Jan.2024 07:34:25.603] [ForkJoinPool-1-worker-1/INFO] [dan200.computercraft.core.ComputerTestDelegate/]: Finished 'cc.internal.syntax -> the lexer -> Comments -> Single-line comments -> test #2'
[13Jan.2024 07:34:25.604] [ForkJoinPool-1-worker-1/INFO] [dan200.computercraft.core.ComputerTestDelegate/]: Starting 'cc.internal.syntax -> the lexer -> Comments -> Multi-line comments -> test #3'
[13Jan.2024 07:34:25.604] [ComputerCraft-Coroutine-0/INFO] [dan200.computercraft.core.ComputerTestDelegate/]: 'cc.internal.syntax -> the lexer -> Comments -> Multi-line comments -> test #3' finished with pass
[13Jan.2024 07:34:25.604] [ForkJoinPool-1-worker-1/INFO] [dan200.computercraft.core.ComputerTestDelegate/]: Finished 'cc.internal.syntax -> the lexer -> Comments -> Multi-line comments -> test #3'
[13Jan.2024 07:34:25.604] [ForkJoinPool-1-worker-1/INFO] [dan200.computercraft.core.ComputerTestDelegate/]: Starting 'cc.internal.syntax -> the lexer -> Comments -> Multi-line comments -> test #1'
[13Jan.2024 07:34:25.605] [ComputerCraft-Coroutine-0/INFO] [dan200.computercraft.core.ComputerTestDelegate/]: 'cc.internal.syntax -> the lexer -> Comments -> Multi-line comments -> test #1' finished with pass
[13Jan.2024 07:34:25.605] [ForkJoinPool-1-worker-1/INFO] [dan200.computercraft.core.ComputerTestDelegate/]: Finished 'cc.internal.syntax -> the lexer -> Comments -> Multi-line comments -> test #1'
[13Jan.2024 07:34:25.605] [ForkJoinPool-1-worker-1/INFO] [dan200.computercraft.core.ComputerTestDelegate/]: Starting 'cc.internal.syntax -> the lexer -> Comments -> Multi-line comments -> test #2'
[13Jan.2024 07:34:25.605] [ComputerCraft-Coroutine-0/INFO] [dan200.computercraft.core.ComputerTestDelegate/]: 'cc.internal.syntax -> the lexer -> Comments -> Multi-line comments -> test #2' finished with pass
[13Jan.2024 07:34:25.606] [ForkJoinPool-1-worker-1/INFO] [dan200.computercraft.core.ComputerTestDelegate/]: Finished 'cc.internal.syntax -> the lexer -> Comments -> Multi-line comments -> test #2'
[13Jan.2024 07:34:25.606] [ForkJoinPool-1-worker-1/INFO] [dan200.computercraft.core.ComputerTestDelegate/]: Starting 'cc.internal.syntax -> the lexer -> Unknown tokens -> test #1'
[13Jan.2024 07:34:25.607] [ComputerCraft-Coroutine-0/INFO] [dan200.computercraft.core.ComputerTestDelegate/]: 'cc.internal.syntax -> the lexer -> Unknown tokens -> test #1' finished with pass
[13Jan.2024 07:34:25.607] [ForkJoinPool-1-worker-1/INFO] [dan200.computercraft.core.ComputerTestDelegate/]: Finished 'cc.internal.syntax -> the lexer -> Unknown tokens -> test #1'
[13Jan.2024 07:34:25.607] [ForkJoinPool-1-worker-1/INFO] [dan200.computercraft.core.ComputerTestDelegate/]: Starting 'cc.internal.syntax -> the lexer -> Unknown tokens -> test #2'
[13Jan.2024 07:34:25.607] [ComputerCraft-Coroutine-0/INFO] [dan200.computercraft.core.ComputerTestDelegate/]: 'cc.internal.syntax -> the lexer -> Unknown tokens -> test #2' finished with pass
[13Jan.2024 07:34:25.607] [ForkJoinPool-1-worker-1/INFO] [dan200.computercraft.core.ComputerTestDelegate/]: Finished 'cc.internal.syntax -> the lexer -> Unknown tokens -> test #2'
[13Jan.2024 07:34:25.608] [ForkJoinPool-1-worker-1/INFO] [dan200.computercraft.core.ComputerTestDelegate/]: Starting 'cc.internal.syntax -> the lexer -> Strings -> test #3'
[13Jan.2024 07:34:25.608] [ComputerCraft-Coroutine-0/INFO] [dan200.computercraft.core.ComputerTestDelegate/]: 'cc.internal.syntax -> the lexer -> Strings -> test #3' finished with pass
[13Jan.2024 07:34:25.608] [ForkJoinPool-1-worker-1/INFO] [dan200.computercraft.core.ComputerTestDelegate/]: Finished 'cc.internal.syntax -> the lexer -> Strings -> test #3'
[13Jan.2024 07:34:25.608] [ForkJoinPool-1-worker-1/INFO] [dan200.computercraft.core.ComputerTestDelegate/]: Starting 'cc.internal.syntax -> the lexer -> Strings -> test #4'
[13Jan.2024 07:34:25.609] [ComputerCraft-Coroutine-0/INFO] [dan200.computercraft.core.ComputerTestDelegate/]: 'cc.internal.syntax -> the lexer -> Strings -> test #4' finished with pass
[13Jan.2024 07:34:25.609] [ForkJoinPool-1-worker-1/INFO] [dan200.computercraft.core.ComputerTestDelegate/]: Finished 'cc.internal.syntax -> the lexer -> Strings -> test #4'
[13Jan.2024 07:34:25.609] [ForkJoinPool-1-worker-1/INFO] [dan200.computercraft.core.ComputerTestDelegate/]: Starting 'cc.internal.syntax -> the lexer -> Strings -> Multi-line/long strings -> test #3'
[13Jan.2024 07:34:25.610] [ComputerCraft-Coroutine-0/INFO] [dan200.computercraft.core.ComputerTestDelegate/]: 'cc.internal.syntax -> the lexer -> Strings -> Multi-line/long strings -> test #3' finished with pass
[13Jan.2024 07:34:25.610] [ForkJoinPool-1-worker-1/INFO] [dan200.computercraft.core.ComputerTestDelegate/]: Finished 'cc.internal.syntax -> the lexer -> Strings -> Multi-line/long strings -> test #3'
[13Jan.2024 07:34:25.610] [ForkJoinPool-1-worker-1/INFO] [dan200.computercraft.core.ComputerTestDelegate/]: Starting 'cc.internal.syntax -> the lexer -> Strings -> Multi-line/long strings -> test #1'
[13Jan.2024 07:34:25.610] [ComputerCraft-Coroutine-0/INFO] [dan200.computercraft.core.ComputerTestDelegate/]: 'cc.internal.syntax -> the lexer -> Strings -> Multi-line/long strings -> test #1' finished with pass
[13Jan.2024 07:34:25.610] [ForkJoinPool-1-worker-1/INFO] [dan200.computercraft.core.ComputerTestDelegate/]: Finished 'cc.internal.syntax -> the lexer -> Strings -> Multi-line/long strings -> test #1'
[13Jan.2024 07:34:25.611] [ForkJoinPool-1-worker-1/INFO] [dan200.computercraft.core.ComputerTestDelegate/]: Starting 'cc.internal.syntax -> the lexer -> Strings -> Multi-line/long strings -> test #2'
[13Jan.2024 07:34:25.611] [ComputerCraft-Coroutine-0/INFO] [dan200.computercraft.core.ComputerTestDelegate/]: 'cc.internal.syntax -> the lexer -> Strings -> Multi-line/long strings -> test #2' finished with pass
[13Jan.2024 07:34:25.611] [ForkJoinPool-1-worker-1/INFO] [dan200.computercraft.core.ComputerTestDelegate/]: Finished 'cc.internal.syntax -> the lexer -> Strings -> Multi-line/long strings -> test #2'
[13Jan.2024 07:34:25.611] [ForkJoinPool-1-worker-1/INFO] [dan200.computercraft.core.ComputerTestDelegate/]: Starting 'cc.internal.syntax -> the lexer -> Strings -> test #1'
[13Jan.2024 07:34:25.612] [ComputerCraft-Coroutine-0/INFO] [dan200.computercraft.core.ComputerTestDelegate/]: 'cc.internal.syntax -> the lexer -> Strings -> test #1' finished with pass
[13Jan.2024 07:34:25.612] [ForkJoinPool-1-worker-1/INFO] [dan200.computercraft.core.ComputerTestDelegate/]: Finished 'cc.internal.syntax -> the lexer -> Strings -> test #1'
[13Jan.2024 07:34:25.612] [ForkJoinPool-1-worker-1/INFO] [dan200.computercraft.core.ComputerTestDelegate/]: Starting 'cc.internal.syntax -> the lexer -> Strings -> test #2'
[13Jan.2024 07:34:25.613] [ComputerCraft-Coroutine-0/INFO] [dan200.computercraft.core.ComputerTestDelegate/]: 'cc.internal.syntax -> the lexer -> Strings -> test #2' finished with pass
[13Jan.2024 07:34:25.613] [ForkJoinPool-1-worker-1/INFO] [dan200.computercraft.core.ComputerTestDelegate/]: Finished 'cc.internal.syntax -> the lexer -> Strings -> test #2'
[13Jan.2024 07:34:25.613] [ForkJoinPool-1-worker-1/INFO] [dan200.computercraft.core.ComputerTestDelegate/]: Starting 'cc.internal.syntax -> the parser -> Statements -> Unexpected `end` -> test #1'
[13Jan.2024 07:34:25.614] [ComputerCraft-Coroutine-0/INFO] [dan200.computercraft.core.ComputerTestDelegate/]: 'cc.internal.syntax -> the parser -> Statements -> Unexpected `end` -> test #1' finished with pass
[13Jan.2024 07:34:25.614] [ForkJoinPool-1-worker-1/INFO] [dan200.computercraft.core.ComputerTestDelegate/]: Finished 'cc.internal.syntax -> the parser -> Statements -> Unexpected `end` -> test #1'
[13Jan.2024 07:34:25.614] [ForkJoinPool-1-worker-1/INFO] [dan200.computercraft.core.ComputerTestDelegate/]: Starting 'cc.internal.syntax -> the parser -> Statements -> Unexpected `end` -> test #2'
[13Jan.2024 07:34:25.614] [ComputerCraft-Coroutine-0/INFO] [dan200.computercraft.core.ComputerTestDelegate/]: 'cc.internal.syntax -> the parser -> Statements -> Unexpected `end` -> test #2' finished with pass
[13Jan.2024 07:34:25.614] [ForkJoinPool-1-worker-1/INFO] [dan200.computercraft.core.ComputerTestDelegate/]: Finished 'cc.internal.syntax -> the parser -> Statements -> Unexpected `end` -> test #2'
[13Jan.2024 07:34:25.615] [ForkJoinPool-1-worker-1/INFO] [dan200.computercraft.core.ComputerTestDelegate/]: Starting 'cc.internal.syntax -> the parser -> Statements -> Local functions with table identifiers -> test #1'
[13Jan.2024 07:34:25.615] [ComputerCraft-Coroutine-0/INFO] [dan200.computercraft.core.ComputerTestDelegate/]: 'cc.internal.syntax -> the parser -> Statements -> Local functions with table identifiers -> test #1' finished with pass
[13Jan.2024 07:34:25.615] [ForkJoinPool-1-worker-1/INFO] [dan200.computercraft.core.ComputerTestDelegate/]: Finished 'cc.internal.syntax -> the parser -> Statements -> Local functions with table identifiers -> test #1'
[13Jan.2024 07:34:25.616] [ForkJoinPool-1-worker-1/INFO] [dan200.computercraft.core.ComputerTestDelegate/]: Starting 'cc.internal.syntax -> the parser -> Statements -> Standalone identifiers -> test #3'
[13Jan.2024 07:34:25.616] [ComputerCraft-Coroutine-0/INFO] [dan200.computercraft.core.ComputerTestDelegate/]: 'cc.internal.syntax -> the parser -> Statements -> Standalone identifiers -> test #3' finished with pass
[13Jan.2024 07:34:25.616] [ForkJoinPool-1-worker-1/INFO] [dan200.computercraft.core.ComputerTestDelegate/]: Finished 'cc.internal.syntax -> the parser -> Statements -> Standalone identifiers -> test #3'
[13Jan.2024 07:34:25.616] [ForkJoinPool-1-worker-1/INFO] [dan200.computercraft.core.ComputerTestDelegate/]: Starting 'cc.internal.syntax -> the parser -> Statements -> Standalone identifiers -> test #1'
[13Jan.2024 07:34:25.617] [ComputerCraft-Coroutine-0/INFO] [dan200.computercraft.core.ComputerTestDelegate/]: 'cc.internal.syntax -> the parser -> Statements -> Standalone identifiers -> test #1' finished with pass
[13Jan.2024 07:34:25.617] [ForkJoinPool-1-worker-1/INFO] [dan200.computercraft.core.ComputerTestDelegate/]: Finished 'cc.internal.syntax -> the parser -> Statements -> Standalone identifiers -> test #1'
[13Jan.2024 07:34:25.617] [ForkJoinPool-1-worker-1/INFO] [dan200.computercraft.core.ComputerTestDelegate/]: Starting 'cc.internal.syntax -> the parser -> Statements -> Standalone identifiers -> test #2'
[13Jan.2024 07:34:25.618] [ComputerCraft-Coroutine-0/INFO] [dan200.computercraft.core.ComputerTestDelegate/]: 'cc.internal.syntax -> the parser -> Statements -> Standalone identifiers -> test #2' finished with pass
[13Jan.2024 07:34:25.618] [ForkJoinPool-1-worker-1/INFO] [dan200.computercraft.core.ComputerTestDelegate/]: Finished 'cc.internal.syntax -> the parser -> Statements -> Standalone identifiers -> test #2'
[13Jan.2024 07:34:25.618] [ForkJoinPool-1-worker-1/INFO] [dan200.computercraft.core.ComputerTestDelegate/]: Starting 'cc.internal.syntax -> the parser -> Statements -> Expecting `end` -> test #9'
[13Jan.2024 07:34:25.618] [ComputerCraft-Coroutine-0/INFO] [dan200.computercraft.core.ComputerTestDelegate/]: 'cc.internal.syntax -> the parser -> Statements -> Expecting `end` -> test #9' finished with pass
[13Jan.2024 07:34:25.618] [ForkJoinPool-1-worker-1/INFO] [dan200.computercraft.core.ComputerTestDelegate/]: Finished 'cc.internal.syntax -> the parser -> Statements -> Expecting `end` -> test #9'
[13Jan.2024 07:34:25.619] [ForkJoinPool-1-worker-1/INFO] [dan200.computercraft.core.ComputerTestDelegate/]: Starting 'cc.internal.syntax -> the parser -> Statements -> Expecting `end` -> test #7'
[13Jan.2024 07:34:25.619] [ComputerCraft-Coroutine-0/INFO] [dan200.computercraft.core.ComputerTestDelegate/]: 'cc.internal.syntax -> the parser -> Statements -> Expecting `end` -> test #7' finished with pass
[13Jan.2024 07:34:25.619] [ForkJoinPool-1-worker-1/INFO] [dan200.computercraft.core.ComputerTestDelegate/]: Finished 'cc.internal.syntax -> the parser -> Statements -> Expecting `end` -> test #7'
[13Jan.2024 07:34:25.619] [ForkJoinPool-1-worker-1/INFO] [dan200.computercraft.core.ComputerTestDelegate/]: Starting 'cc.internal.syntax -> the parser -> Statements -> Expecting `end` -> test #8'
[13Jan.2024 07:34:25.620] [ComputerCraft-Coroutine-0/INFO] [dan200.computercraft.core.ComputerTestDelegate/]: 'cc.internal.syntax -> the parser -> Statements -> Expecting `end` -> test #8' finished with pass
[13Jan.2024 07:34:25.620] [ForkJoinPool-1-worker-1/INFO] [dan200.computercraft.core.ComputerTestDelegate/]: Finished 'cc.internal.syntax -> the parser -> Statements -> Expecting `end` -> test #8'
[13Jan.2024 07:34:25.620] [ForkJoinPool-1-worker-1/INFO] [dan200.computercraft.core.ComputerTestDelegate/]: Starting 'cc.internal.syntax -> the parser -> Statements -> Expecting `end` -> test #5'
[13Jan.2024 07:34:25.621] [ComputerCraft-Coroutine-0/INFO] [dan200.computercraft.core.ComputerTestDelegate/]: 'cc.internal.syntax -> the parser -> Statements -> Expecting `end` -> test #5' finished with pass
[13Jan.2024 07:34:25.621] [ForkJoinPool-1-worker-1/INFO] [dan200.computercraft.core.ComputerTestDelegate/]: Finished 'cc.internal.syntax -> the parser -> Statements -> Expecting `end` -> test #5'
[13Jan.2024 07:34:25.621] [ForkJoinPool-1-worker-1/INFO] [dan200.computercraft.core.ComputerTestDelegate/]: Starting 'cc.internal.syntax -> the parser -> Statements -> Expecting `end` -> test #6'
[13Jan.2024 07:34:25.621] [ComputerCraft-Coroutine-0/INFO] [dan200.computercraft.core.ComputerTestDelegate/]: 'cc.internal.syntax -> the parser -> Statements -> Expecting `end` -> test #6' finished with pass
[13Jan.2024 07:34:25.621] [ForkJoinPool-1-worker-1/INFO] [dan200.computercraft.core.ComputerTestDelegate/]: Finished 'cc.internal.syntax -> the parser -> Statements -> Expecting `end` -> test #6'
[13Jan.2024 07:34:25.621] [ForkJoinPool-1-worker-1/INFO] [dan200.computercraft.core.ComputerTestDelegate/]: Starting 'cc.internal.syntax -> the parser -> Statements -> Expecting `end` -> test #3'
[13Jan.2024 07:34:25.622] [ComputerCraft-Coroutine-0/INFO] [dan200.computercraft.core.ComputerTestDelegate/]: 'cc.internal.syntax -> the parser -> Statements -> Expecting `end` -> test #3' finished with pass
[13Jan.2024 07:34:25.622] [ForkJoinPool-1-worker-1/INFO] [dan200.computercraft.core.ComputerTestDelegate/]: Finished 'cc.internal.syntax -> the parser -> Statements -> Expecting `end` -> test #3'
[13Jan.2024 07:34:25.622] [ForkJoinPool-1-worker-1/INFO] [dan200.computercraft.core.ComputerTestDelegate/]: Starting 'cc.internal.syntax -> the parser -> Statements -> Expecting `end` -> test #4'
[13Jan.2024 07:34:25.623] [ComputerCraft-Coroutine-0/INFO] [dan200.computercraft.core.ComputerTestDelegate/]: 'cc.internal.syntax -> the parser -> Statements -> Expecting `end` -> test #4' finished with pass
[13Jan.2024 07:34:25.623] [ForkJoinPool-1-worker-1/INFO] [dan200.computercraft.core.ComputerTestDelegate/]: Finished 'cc.internal.syntax -> the parser -> Statements -> Expecting `end` -> test #4'
[13Jan.2024 07:34:25.623] [ForkJoinPool-1-worker-1/INFO] [dan200.computercraft.core.ComputerTestDelegate/]: Starting 'cc.internal.syntax -> the parser -> Statements -> Expecting `end` -> test #1'
[13Jan.2024 07:34:25.623] [ComputerCraft-Coroutine-0/INFO] [dan200.computercraft.core.ComputerTestDelegate/]: 'cc.internal.syntax -> the parser -> Statements -> Expecting `end` -> test #1' finished with pass
[13Jan.2024 07:34:25.623] [ForkJoinPool-1-worker-1/INFO] [dan200.computercraft.core.ComputerTestDelegate/]: Finished 'cc.internal.syntax -> the parser -> Statements -> Expecting `end` -> test #1'
[13Jan.2024 07:34:25.624] [ForkJoinPool-1-worker-1/INFO] [dan200.computercraft.core.ComputerTestDelegate/]: Starting 'cc.internal.syntax -> the parser -> Statements -> Expecting `end` -> test #2'
[13Jan.2024 07:34:25.624] [ComputerCraft-Coroutine-0/INFO] [dan200.computercraft.core.ComputerTestDelegate/]: 'cc.internal.syntax -> the parser -> Statements -> Expecting `end` -> test #2' finished with pass
[13Jan.2024 07:34:25.624] [ForkJoinPool-1-worker-1/INFO] [dan200.computercraft.core.ComputerTestDelegate/]: Finished 'cc.internal.syntax -> the parser -> Statements -> Expecting `end` -> test #2'
[13Jan.2024 07:34:25.624] [ForkJoinPool-1-worker-1/INFO] [dan200.computercraft.core.ComputerTestDelegate/]: Starting 'cc.internal.syntax -> the parser -> Statements -> If statements -> test #1'
[13Jan.2024 07:34:25.625] [ComputerCraft-Coroutine-0/INFO] [dan200.computercraft.core.ComputerTestDelegate/]: 'cc.internal.syntax -> the parser -> Statements -> If statements -> test #1' finished with pass
[13Jan.2024 07:34:25.625] [ForkJoinPool-1-worker-1/INFO] [dan200.computercraft.core.ComputerTestDelegate/]: Finished 'cc.internal.syntax -> the parser -> Statements -> If statements -> test #1'
[13Jan.2024 07:34:25.625] [ForkJoinPool-1-worker-1/INFO] [dan200.computercraft.core.ComputerTestDelegate/]: Starting 'cc.internal.syntax -> the parser -> Statements -> If statements -> test #2'
[13Jan.2024 07:34:25.626] [ComputerCraft-Coroutine-0/INFO] [dan200.computercraft.core.ComputerTestDelegate/]: 'cc.internal.syntax -> the parser -> Statements -> If statements -> test #2' finished with pass
[13Jan.2024 07:34:25.626] [ForkJoinPool-1-worker-1/INFO] [dan200.computercraft.core.ComputerTestDelegate/]: Finished 'cc.internal.syntax -> the parser -> Statements -> If statements -> test #2'
[13Jan.2024 07:34:25.626] [ForkJoinPool-1-worker-1/INFO] [dan200.computercraft.core.ComputerTestDelegate/]: Starting 'cc.internal.syntax -> the parser -> Expressions -> Invalid equals -> test #3'
[13Jan.2024 07:34:25.627] [ComputerCraft-Coroutine-0/INFO] [dan200.computercraft.core.ComputerTestDelegate/]: 'cc.internal.syntax -> the parser -> Expressions -> Invalid equals -> test #3' finished with pass
[13Jan.2024 07:34:25.627] [ForkJoinPool-1-worker-1/INFO] [dan200.computercraft.core.ComputerTestDelegate/]: Finished 'cc.internal.syntax -> the parser -> Expressions -> Invalid equals -> test #3'
[13Jan.2024 07:34:25.627] [ForkJoinPool-1-worker-1/INFO] [dan200.computercraft.core.ComputerTestDelegate/]: Starting 'cc.internal.syntax -> the parser -> Expressions -> Invalid equals -> test #1'
[13Jan.2024 07:34:25.628] [ComputerCraft-Coroutine-0/INFO] [dan200.computercraft.core.ComputerTestDelegate/]: 'cc.internal.syntax -> the parser -> Expressions -> Invalid equals -> test #1' finished with pass
[13Jan.2024 07:34:25.628] [ForkJoinPool-1-worker-1/INFO] [dan200.computercraft.core.ComputerTestDelegate/]: Finished 'cc.internal.syntax -> the parser -> Expressions -> Invalid equals -> test #1'
[13Jan.2024 07:34:25.628] [ForkJoinPool-1-worker-1/INFO] [dan200.computercraft.core.ComputerTestDelegate/]: Starting 'cc.internal.syntax -> the parser -> Expressions -> Invalid equals -> test #2'
[13Jan.2024 07:34:25.628] [ComputerCraft-Coroutine-0/INFO] [dan200.computercraft.core.ComputerTestDelegate/]: 'cc.internal.syntax -> the parser -> Expressions -> Invalid equals -> test #2' finished with pass
[13Jan.2024 07:34:25.628] [ForkJoinPool-1-worker-1/INFO] [dan200.computercraft.core.ComputerTestDelegate/]: Finished 'cc.internal.syntax -> the parser -> Expressions -> Invalid equals -> test #2'
[13Jan.2024 07:34:25.629] [ForkJoinPool-1-worker-1/INFO] [dan200.computercraft.core.ComputerTestDelegate/]: Starting 'cc.internal.syntax -> the parser -> Expressions -> Unclosed parenthesis -> test #3'
[13Jan.2024 07:34:25.629] [ComputerCraft-Coroutine-0/INFO] [dan200.computercraft.core.ComputerTestDelegate/]: 'cc.internal.syntax -> the parser -> Expressions -> Unclosed parenthesis -> test #3' finished with pass
[13Jan.2024 07:34:25.629] [ForkJoinPool-1-worker-1/INFO] [dan200.computercraft.core.ComputerTestDelegate/]: Finished 'cc.internal.syntax -> the parser -> Expressions -> Unclosed parenthesis -> test #3'
[13Jan.2024 07:34:25.629] [ForkJoinPool-1-worker-1/INFO] [dan200.computercraft.core.ComputerTestDelegate/]: Starting 'cc.internal.syntax -> the parser -> Expressions -> Unclosed parenthesis -> test #1'
[13Jan.2024 07:34:25.630] [ComputerCraft-Coroutine-0/INFO] [dan200.computercraft.core.ComputerTestDelegate/]: 'cc.internal.syntax -> the parser -> Expressions -> Unclosed parenthesis -> test #1' finished with pass
[13Jan.2024 07:34:25.630] [ForkJoinPool-1-worker-1/INFO] [dan200.computercraft.core.ComputerTestDelegate/]: Finished 'cc.internal.syntax -> the parser -> Expressions -> Unclosed parenthesis -> test #1'
[13Jan.2024 07:34:25.630] [ForkJoinPool-1-worker-1/INFO] [dan200.computercraft.core.ComputerTestDelegate/]: Starting 'cc.internal.syntax -> the parser -> Expressions -> Unclosed parenthesis -> test #2'
[13Jan.2024 07:34:25.631] [ComputerCraft-Coroutine-0/INFO] [dan200.computercraft.core.ComputerTestDelegate/]: 'cc.internal.syntax -> the parser -> Expressions -> Unclosed parenthesis -> test #2' finished with pass
[13Jan.2024 07:34:25.631] [ForkJoinPool-1-worker-1/INFO] [dan200.computercraft.core.ComputerTestDelegate/]: Finished 'cc.internal.syntax -> the parser -> Expressions -> Unclosed parenthesis -> test #2'
[13Jan.2024 07:34:25.631] [ForkJoinPool-1-worker-1/INFO] [dan200.computercraft.core.ComputerTestDelegate/]: Starting 'cc.internal.syntax -> the parser (all states) -> test #60'
[13Jan.2024 07:34:25.631] [ComputerCraft-Coroutine-0/INFO] [dan200.computercraft.core.ComputerTestDelegate/]: 'cc.internal.syntax -> the parser (all states) -> test #60' finished with pass
[13Jan.2024 07:34:25.631] [ForkJoinPool-1-worker-1/INFO] [dan200.computercraft.core.ComputerTestDelegate/]: Finished 'cc.internal.syntax -> the parser (all states) -> test #60'
[13Jan.2024 07:34:25.632] [ForkJoinPool-1-worker-1/INFO] [dan200.computercraft.core.ComputerTestDelegate/]: Starting 'cc.internal.syntax -> the parser (all states) -> test #69'
[13Jan.2024 07:34:25.632] [ComputerCraft-Coroutine-0/INFO] [dan200.computercraft.core.ComputerTestDelegate/]: 'cc.internal.syntax -> the parser (all states) -> test #69' finished with pass
[13Jan.2024 07:34:25.632] [ForkJoinPool-1-worker-1/INFO] [dan200.computercraft.core.ComputerTestDelegate/]: Finished 'cc.internal.syntax -> the parser (all states) -> test #69'
[13Jan.2024 07:34:25.632] [ForkJoinPool-1-worker-1/INFO] [dan200.computercraft.core.ComputerTestDelegate/]: Starting 'cc.internal.syntax -> the parser (all states) -> test #65'
[13Jan.2024 07:34:25.633] [ComputerCraft-Coroutine-0/INFO] [dan200.computercraft.core.ComputerTestDelegate/]: 'cc.internal.syntax -> the parser (all states) -> test #65' finished with pass
[13Jan.2024 07:34:25.633] [ForkJoinPool-1-worker-1/INFO] [dan200.computercraft.core.ComputerTestDelegate/]: Finished 'cc.internal.syntax -> the parser (all states) -> test #65'
[13Jan.2024 07:34:25.633] [ForkJoinPool-1-worker-1/INFO] [dan200.computercraft.core.ComputerTestDelegate/]: Starting 'cc.internal.syntax -> the parser (all states) -> test #66'
[13Jan.2024 07:34:25.633] [ComputerCraft-Coroutine-0/INFO] [dan200.computercraft.core.ComputerTestDelegate/]: 'cc.internal.syntax -> the parser (all states) -> test #66' finished with pass
[13Jan.2024 07:34:25.633] [ForkJoinPool-1-worker-1/INFO] [dan200.computercraft.core.ComputerTestDelegate/]: Finished 'cc.internal.syntax -> the parser (all states) -> test #66'
[13Jan.2024 07:34:25.634] [ForkJoinPool-1-worker-1/INFO] [dan200.computercraft.core.ComputerTestDelegate/]: Starting 'cc.internal.syntax -> the parser (all states) -> test #67'
[13Jan.2024 07:34:25.634] [ComputerCraft-Coroutine-0/INFO] [dan200.computercraft.core.ComputerTestDelegate/]: 'cc.internal.syntax -> the parser (all states) -> test #67' finished with pass
[13Jan.2024 07:34:25.634] [ForkJoinPool-1-worker-1/INFO] [dan200.computercraft.core.ComputerTestDelegate/]: Finished 'cc.internal.syntax -> the parser (all states) -> test #67'
[13Jan.2024 07:34:25.635] [ForkJoinPool-1-worker-1/INFO] [dan200.computercraft.core.ComputerTestDelegate/]: Starting 'cc.internal.syntax -> the parser (all states) -> test #68'
[13Jan.2024 07:34:25.635] [ComputerCraft-Coroutine-0/INFO] [dan200.computercraft.core.ComputerTestDelegate/]: 'cc.internal.syntax -> the parser (all states) -> test #68' finished with pass
[13Jan.2024 07:34:25.635] [ForkJoinPool-1-worker-1/INFO] [dan200.computercraft.core.ComputerTestDelegate/]: Finished 'cc.internal.syntax -> the parser (all states) -> test #68'
[13Jan.2024 07:34:25.636] [ForkJoinPool-1-worker-1/INFO] [dan200.computercraft.core.ComputerTestDelegate/]: Starting 'cc.internal.syntax -> the parser (all states) -> test #61'
[13Jan.2024 07:34:25.636] [ComputerCraft-Coroutine-0/INFO] [dan200.computercraft.core.ComputerTestDelegate/]: 'cc.internal.syntax -> the parser (all states) -> test #61' finished with pass
[13Jan.2024 07:34:25.636] [ForkJoinPool-1-worker-1/INFO] [dan200.computercraft.core.ComputerTestDelegate/]: Finished 'cc.internal.syntax -> the parser (all states) -> test #61'
[13Jan.2024 07:34:25.636] [ForkJoinPool-1-worker-1/INFO] [dan200.computercraft.core.ComputerTestDelegate/]: Starting 'cc.internal.syntax -> the parser (all states) -> test #62'
[13Jan.2024 07:34:25.637] [ComputerCraft-Coroutine-0/INFO] [dan200.computercraft.core.ComputerTestDelegate/]: 'cc.internal.syntax -> the parser (all states) -> test #62' finished with pass
[13Jan.2024 07:34:25.637] [ForkJoinPool-1-worker-1/INFO] [dan200.computercraft.core.ComputerTestDelegate/]: Finished 'cc.internal.syntax -> the parser (all states) -> test #62'
[13Jan.2024 07:34:25.637] [ForkJoinPool-1-worker-1/INFO] [dan200.computercraft.core.ComputerTestDelegate/]: Starting 'cc.internal.syntax -> the parser (all states) -> test #63'
[13Jan.2024 07:34:25.638] [ComputerCraft-Coroutine-0/INFO] [dan200.computercraft.core.ComputerTestDelegate/]: 'cc.internal.syntax -> the parser (all states) -> test #63' finished with pass
[13Jan.2024 07:34:25.638] [ForkJoinPool-1-worker-1/INFO] [dan200.computercraft.core.ComputerTestDelegate/]: Finished 'cc.internal.syntax -> the parser (all states) -> test #63'
[13Jan.2024 07:34:25.638] [ForkJoinPool-1-worker-1/INFO] [dan200.computercraft.core.ComputerTestDelegate/]: Starting 'cc.internal.syntax -> the parser (all states) -> test #64'
[13Jan.2024 07:34:25.639] [ComputerCraft-Coroutine-0/INFO] [dan200.computercraft.core.ComputerTestDelegate/]: 'cc.internal.syntax -> the parser (all states) -> test #64' finished with pass
[13Jan.2024 07:34:25.639] [ForkJoinPool-1-worker-1/INFO] [dan200.computercraft.core.ComputerTestDelegate/]: Finished 'cc.internal.syntax -> the parser (all states) -> test #64'
[13Jan.2024 07:34:25.639] [ForkJoinPool-1-worker-1/INFO] [dan200.computercraft.core.ComputerTestDelegate/]: Starting 'cc.internal.syntax -> the parser (all states) -> test #70'
[13Jan.2024 07:34:25.639] [ComputerCraft-Coroutine-0/INFO] [dan200.computercraft.core.ComputerTestDelegate/]: 'cc.internal.syntax -> the parser (all states) -> test #70' finished with pass
[13Jan.2024 07:34:25.640] [ForkJoinPool-1-worker-1/INFO] [dan200.computercraft.core.ComputerTestDelegate/]: Finished 'cc.internal.syntax -> the parser (all states) -> test #70'
[13Jan.2024 07:34:25.640] [ForkJoinPool-1-worker-1/INFO] [dan200.computercraft.core.ComputerTestDelegate/]: Starting 'cc.internal.syntax -> the parser (all states) -> test #71'
[13Jan.2024 07:34:25.640] [ComputerCraft-Coroutine-0/INFO] [dan200.computercraft.core.ComputerTestDelegate/]: 'cc.internal.syntax -> the parser (all states) -> test #71' finished with pass
[13Jan.2024 07:34:25.641] [ForkJoinPool-1-worker-1/INFO] [dan200.computercraft.core.ComputerTestDelegate/]: Finished 'cc.internal.syntax -> the parser (all states) -> test #71'
[13Jan.2024 07:34:25.641] [ForkJoinPool-1-worker-1/INFO] [dan200.computercraft.core.ComputerTestDelegate/]: Starting 'cc.internal.syntax -> the parser (all states) -> test #76'
[13Jan.2024 07:34:25.641] [ComputerCraft-Coroutine-0/INFO] [dan200.computercraft.core.ComputerTestDelegate/]: 'cc.internal.syntax -> the parser (all states) -> test #76' finished with pass
[13Jan.2024 07:34:25.641] [ForkJoinPool-1-worker-1/INFO] [dan200.computercraft.core.ComputerTestDelegate/]: Finished 'cc.internal.syntax -> the parser (all states) -> test #76'
[13Jan.2024 07:34:25.642] [ForkJoinPool-1-worker-1/INFO] [dan200.computercraft.core.ComputerTestDelegate/]: Starting 'cc.internal.syntax -> the parser (all states) -> test #77'
[13Jan.2024 07:34:25.642] [ComputerCraft-Coroutine-0/INFO] [dan200.computercraft.core.ComputerTestDelegate/]: 'cc.internal.syntax -> the parser (all states) -> test #77' finished with pass
[13Jan.2024 07:34:25.642] [ForkJoinPool-1-worker-1/INFO] [dan200.computercraft.core.ComputerTestDelegate/]: Finished 'cc.internal.syntax -> the parser (all states) -> test #77'
[13Jan.2024 07:34:25.642] [ForkJoinPool-1-worker-1/INFO] [dan200.computercraft.core.ComputerTestDelegate/]: Starting 'cc.internal.syntax -> the parser (all states) -> test #78'
[13Jan.2024 07:34:25.643] [ComputerCraft-Coroutine-0/INFO] [dan200.computercraft.core.ComputerTestDelegate/]: 'cc.internal.syntax -> the parser (all states) -> test #78' finished with pass
[13Jan.2024 07:34:25.643] [ForkJoinPool-1-worker-1/INFO] [dan200.computercraft.core.ComputerTestDelegate/]: Finished 'cc.internal.syntax -> the parser (all states) -> test #78'
[13Jan.2024 07:34:25.643] [ForkJoinPool-1-worker-1/INFO] [dan200.computercraft.core.ComputerTestDelegate/]: Starting 'cc.internal.syntax -> the parser (all states) -> test #79'
[13Jan.2024 07:34:25.644] [ComputerCraft-Coroutine-0/INFO] [dan200.computercraft.core.ComputerTestDelegate/]: 'cc.internal.syntax -> the parser (all states) -> test #79' finished with pass
[13Jan.2024 07:34:25.644] [ForkJoinPool-1-worker-1/INFO] [dan200.computercraft.core.ComputerTestDelegate/]: Finished 'cc.internal.syntax -> the parser (all states) -> test #79'
[13Jan.2024 07:34:25.644] [ForkJoinPool-1-worker-1/INFO] [dan200.computercraft.core.ComputerTestDelegate/]: Starting 'cc.internal.syntax -> the parser (all states) -> test #72'
[13Jan.2024 07:34:25.645] [ComputerCraft-Coroutine-0/INFO] [dan200.computercraft.core.ComputerTestDelegate/]: 'cc.internal.syntax -> the parser (all states) -> test #72' finished with pass
[13Jan.2024 07:34:25.645] [ForkJoinPool-1-worker-1/INFO] [dan200.computercraft.core.ComputerTestDelegate/]: Finished 'cc.internal.syntax -> the parser (all states) -> test #72'
[13Jan.2024 07:34:25.645] [ForkJoinPool-1-worker-1/INFO] [dan200.computercraft.core.ComputerTestDelegate/]: Starting 'cc.internal.syntax -> the parser (all states) -> test #73'
[13Jan.2024 07:34:25.646] [ComputerCraft-Coroutine-0/INFO] [dan200.computercraft.core.ComputerTestDelegate/]: 'cc.internal.syntax -> the parser (all states) -> test #73' finished with pass
[13Jan.2024 07:34:25.646] [ForkJoinPool-1-worker-1/INFO] [dan200.computercraft.core.ComputerTestDelegate/]: Finished 'cc.internal.syntax -> the parser (all states) -> test #73'
[13Jan.2024 07:34:25.646] [ForkJoinPool-1-worker-1/INFO] [dan200.computercraft.core.ComputerTestDelegate/]: Starting 'cc.internal.syntax -> the parser (all states) -> test #74'
[13Jan.2024 07:34:25.647] [ComputerCraft-Coroutine-0/INFO] [dan200.computercraft.core.ComputerTestDelegate/]: 'cc.internal.syntax -> the parser (all states) -> test #74' finished with pass
[13Jan.2024 07:34:25.647] [ForkJoinPool-1-worker-1/INFO] [dan200.computercraft.core.ComputerTestDelegate/]: Finished 'cc.internal.syntax -> the parser (all states) -> test #74'
[13Jan.2024 07:34:25.647] [ForkJoinPool-1-worker-1/INFO] [dan200.computercraft.core.ComputerTestDelegate/]: Starting 'cc.internal.syntax -> the parser (all states) -> test #75'
[13Jan.2024 07:34:25.647] [ComputerCraft-Coroutine-0/INFO] [dan200.computercraft.core.ComputerTestDelegate/]: 'cc.internal.syntax -> the parser (all states) -> test #75' finished with pass
[13Jan.2024 07:34:25.647] [ForkJoinPool-1-worker-1/INFO] [dan200.computercraft.core.ComputerTestDelegate/]: Finished 'cc.internal.syntax -> the parser (all states) -> test #75'
[13Jan.2024 07:34:25.647] [ForkJoinPool-1-worker-1/INFO] [dan200.computercraft.core.ComputerTestDelegate/]: Starting 'cc.internal.syntax -> the parser (all states) -> test #80'
[13Jan.2024 07:34:25.648] [ComputerCraft-Coroutine-0/INFO] [dan200.computercraft.core.ComputerTestDelegate/]: 'cc.internal.syntax -> the parser (all states) -> test #80' finished with pass
[13Jan.2024 07:34:25.648] [ForkJoinPool-1-worker-1/INFO] [dan200.computercraft.core.ComputerTestDelegate/]: Finished 'cc.internal.syntax -> the parser (all states) -> test #80'
[13Jan.2024 07:34:25.648] [ForkJoinPool-1-worker-1/INFO] [dan200.computercraft.core.ComputerTestDelegate/]: Starting 'cc.internal.syntax -> the parser (all states) -> test #81'
[13Jan.2024 07:34:25.648] [ComputerCraft-Coroutine-0/INFO] [dan200.computercraft.core.ComputerTestDelegate/]: 'cc.internal.syntax -> the parser (all states) -> test #81' finished with pass
[13Jan.2024 07:34:25.648] [ForkJoinPool-1-worker-1/INFO] [dan200.computercraft.core.ComputerTestDelegate/]: Finished 'cc.internal.syntax -> the parser (all states) -> test #81'
[13Jan.2024 07:34:25.648] [ForkJoinPool-1-worker-1/INFO] [dan200.computercraft.core.ComputerTestDelegate/]: Starting 'cc.internal.syntax -> the parser (all states) -> test #82'
[13Jan.2024 07:34:25.649] [ComputerCraft-Coroutine-0/INFO] [dan200.computercraft.core.ComputerTestDelegate/]: 'cc.internal.syntax -> the parser (all states) -> test #82' finished with pass
[13Jan.2024 07:34:25.649] [ForkJoinPool-1-worker-1/INFO] [dan200.computercraft.core.ComputerTestDelegate/]: Finished 'cc.internal.syntax -> the parser (all states) -> test #82'
[13Jan.2024 07:34:25.649] [ForkJoinPool-1-worker-1/INFO] [dan200.computercraft.core.ComputerTestDelegate/]: Starting 'cc.internal.syntax -> the parser (all states) -> test #87'
[13Jan.2024 07:34:25.650] [ComputerCraft-Coroutine-0/INFO] [dan200.computercraft.core.ComputerTestDelegate/]: 'cc.internal.syntax -> the parser (all states) -> test #87' finished with pass
[13Jan.2024 07:34:25.650] [ForkJoinPool-1-worker-1/INFO] [dan200.computercraft.core.ComputerTestDelegate/]: Finished 'cc.internal.syntax -> the parser (all states) -> test #87'
[13Jan.2024 07:34:25.650] [ForkJoinPool-1-worker-1/INFO] [dan200.computercraft.core.ComputerTestDelegate/]: Starting 'cc.internal.syntax -> the parser (all states) -> test #88'
[13Jan.2024 07:34:25.650] [ComputerCraft-Coroutine-0/INFO] [dan200.computercraft.core.ComputerTestDelegate/]: 'cc.internal.syntax -> the parser (all states) -> test #88' finished with pass
[13Jan.2024 07:34:25.650] [ForkJoinPool-1-worker-1/INFO] [dan200.computercraft.core.ComputerTestDelegate/]: Finished 'cc.internal.syntax -> the parser (all states) -> test #88'
[13Jan.2024 07:34:25.651] [ForkJoinPool-1-worker-1/INFO] [dan200.computercraft.core.ComputerTestDelegate/]: Starting 'cc.internal.syntax -> the parser (all states) -> test #89'
[13Jan.2024 07:34:25.651] [ComputerCraft-Coroutine-0/INFO] [dan200.computercraft.core.ComputerTestDelegate/]: 'cc.internal.syntax -> the parser (all states) -> test #89' finished with pass
[13Jan.2024 07:34:25.651] [ForkJoinPool-1-worker-1/INFO] [dan200.computercraft.core.ComputerTestDelegate/]: Finished 'cc.internal.syntax -> the parser (all states) -> test #89'
[13Jan.2024 07:34:25.651] [ForkJoinPool-1-worker-1/INFO] [dan200.computercraft.core.ComputerTestDelegate/]: Starting 'cc.internal.syntax -> the parser (all states) -> test #83'
[13Jan.2024 07:34:25.652] [ComputerCraft-Coroutine-0/INFO] [dan200.computercraft.core.ComputerTestDelegate/]: 'cc.internal.syntax -> the parser (all states) -> test #83' finished with pass
[13Jan.2024 07:34:25.652] [ForkJoinPool-1-worker-1/INFO] [dan200.computercraft.core.ComputerTestDelegate/]: Finished 'cc.internal.syntax -> the parser (all states) -> test #83'
[13Jan.2024 07:34:25.652] [ForkJoinPool-1-worker-1/INFO] [dan200.computercraft.core.ComputerTestDelegate/]: Starting 'cc.internal.syntax -> the parser (all states) -> test #84'
[13Jan.2024 07:34:25.652] [ComputerCraft-Coroutine-0/INFO] [dan200.computercraft.core.ComputerTestDelegate/]: 'cc.internal.syntax -> the parser (all states) -> test #84' finished with pass
[13Jan.2024 07:34:25.652] [ForkJoinPool-1-worker-1/INFO] [dan200.computercraft.core.ComputerTestDelegate/]: Finished 'cc.internal.syntax -> the parser (all states) -> test #84'
[13Jan.2024 07:34:25.653] [ForkJoinPool-1-worker-1/INFO] [dan200.computercraft.core.ComputerTestDelegate/]: Starting 'cc.internal.syntax -> the parser (all states) -> test #85'
[13Jan.2024 07:34:25.653] [ComputerCraft-Coroutine-0/INFO] [dan200.computercraft.core.ComputerTestDelegate/]: 'cc.internal.syntax -> the parser (all states) -> test #85' finished with pass
[13Jan.2024 07:34:25.653] [ForkJoinPool-1-worker-1/INFO] [dan200.computercraft.core.ComputerTestDelegate/]: Finished 'cc.internal.syntax -> the parser (all states) -> test #85'
[13Jan.2024 07:34:25.653] [ForkJoinPool-1-worker-1/INFO] [dan200.computercraft.core.ComputerTestDelegate/]: Starting 'cc.internal.syntax -> the parser (all states) -> test #86'
[13Jan.2024 07:34:25.654] [ComputerCraft-Coroutine-0/INFO] [dan200.computercraft.core.ComputerTestDelegate/]: 'cc.internal.syntax -> the parser (all states) -> test #86' finished with pass
[13Jan.2024 07:34:25.654] [ForkJoinPool-1-worker-1/INFO] [dan200.computercraft.core.ComputerTestDelegate/]: Finished 'cc.internal.syntax -> the parser (all states) -> test #86'
[13Jan.2024 07:34:25.654] [ForkJoinPool-1-worker-1/INFO] [dan200.computercraft.core.ComputerTestDelegate/]: Starting 'cc.internal.syntax -> the parser (all states) -> test #90'
[13Jan.2024 07:34:25.654] [ComputerCraft-Coroutine-0/INFO] [dan200.computercraft.core.ComputerTestDelegate/]: 'cc.internal.syntax -> the parser (all states) -> test #90' finished with pass
[13Jan.2024 07:34:25.654] [ForkJoinPool-1-worker-1/INFO] [dan200.computercraft.core.ComputerTestDelegate/]: Finished 'cc.internal.syntax -> the parser (all states) -> test #90'
[13Jan.2024 07:34:25.655] [ForkJoinPool-1-worker-1/INFO] [dan200.computercraft.core.ComputerTestDelegate/]: Starting 'cc.internal.syntax -> the parser (all states) -> test #91'
[13Jan.2024 07:34:25.655] [ComputerCraft-Coroutine-0/INFO] [dan200.computercraft.core.ComputerTestDelegate/]: 'cc.internal.syntax -> the parser (all states) -> test #91' finished with pass
[13Jan.2024 07:34:25.655] [ForkJoinPool-1-worker-1/INFO] [dan200.computercraft.core.ComputerTestDelegate/]: Finished 'cc.internal.syntax -> the parser (all states) -> test #91'
[13Jan.2024 07:34:25.655] [ForkJoinPool-1-worker-1/INFO] [dan200.computercraft.core.ComputerTestDelegate/]: Starting 'cc.internal.syntax -> the parser (all states) -> test #92'
[13Jan.2024 07:34:25.656] [ComputerCraft-Coroutine-0/INFO] [dan200.computercraft.core.ComputerTestDelegate/]: 'cc.internal.syntax -> the parser (all states) -> test #92' finished with pass
[13Jan.2024 07:34:25.656] [ForkJoinPool-1-worker-1/INFO] [dan200.computercraft.core.ComputerTestDelegate/]: Finished 'cc.internal.syntax -> the parser (all states) -> test #92'
[13Jan.2024 07:34:25.656] [ForkJoinPool-1-worker-1/INFO] [dan200.computercraft.core.ComputerTestDelegate/]: Starting 'cc.internal.syntax -> the parser (all states) -> test #93'
[13Jan.2024 07:34:25.656] [ComputerCraft-Coroutine-0/INFO] [dan200.computercraft.core.ComputerTestDelegate/]: 'cc.internal.syntax -> the parser (all states) -> test #93' finished with pass
[13Jan.2024 07:34:25.656] [ForkJoinPool-1-worker-1/INFO] [dan200.computercraft.core.ComputerTestDelegate/]: Finished 'cc.internal.syntax -> the parser (all states) -> test #93'
[13Jan.2024 07:34:25.656] [ForkJoinPool-1-worker-1/INFO] [dan200.computercraft.core.ComputerTestDelegate/]: Starting 'cc.internal.syntax -> the parser (all states) -> test #18'
[13Jan.2024 07:34:25.657] [ComputerCraft-Coroutine-0/INFO] [dan200.computercraft.core.ComputerTestDelegate/]: 'cc.internal.syntax -> the parser (all states) -> test #18' finished with pass
[13Jan.2024 07:34:25.657] [ForkJoinPool-1-worker-1/INFO] [dan200.computercraft.core.ComputerTestDelegate/]: Finished 'cc.internal.syntax -> the parser (all states) -> test #18'
[13Jan.2024 07:34:25.657] [ForkJoinPool-1-worker-1/INFO] [dan200.computercraft.core.ComputerTestDelegate/]: Starting 'cc.internal.syntax -> the parser (all states) -> test #19'
[13Jan.2024 07:34:25.657] [ComputerCraft-Coroutine-0/INFO] [dan200.computercraft.core.ComputerTestDelegate/]: 'cc.internal.syntax -> the parser (all states) -> test #19' finished with pass
[13Jan.2024 07:34:25.657] [ForkJoinPool-1-worker-1/INFO] [dan200.computercraft.core.ComputerTestDelegate/]: Finished 'cc.internal.syntax -> the parser (all states) -> test #19'
[13Jan.2024 07:34:25.658] [ForkJoinPool-1-worker-1/INFO] [dan200.computercraft.core.ComputerTestDelegate/]: Starting 'cc.internal.syntax -> the parser (all states) -> test #14'
[13Jan.2024 07:34:25.658] [ComputerCraft-Coroutine-0/INFO] [dan200.computercraft.core.ComputerTestDelegate/]: 'cc.internal.syntax -> the parser (all states) -> test #14' finished with pass
[13Jan.2024 07:34:25.658] [ForkJoinPool-1-worker-1/INFO] [dan200.computercraft.core.ComputerTestDelegate/]: Finished 'cc.internal.syntax -> the parser (all states) -> test #14'
[13Jan.2024 07:34:25.658] [ForkJoinPool-1-worker-1/INFO] [dan200.computercraft.core.ComputerTestDelegate/]: Starting 'cc.internal.syntax -> the parser (all states) -> test #15'
[13Jan.2024 07:34:25.659] [ComputerCraft-Coroutine-0/INFO] [dan200.computercraft.core.ComputerTestDelegate/]: 'cc.internal.syntax -> the parser (all states) -> test #15' finished with pass
[13Jan.2024 07:34:25.659] [ForkJoinPool-1-worker-1/INFO] [dan200.computercraft.core.ComputerTestDelegate/]: Finished 'cc.internal.syntax -> the parser (all states) -> test #15'
[13Jan.2024 07:34:25.659] [ForkJoinPool-1-worker-1/INFO] [dan200.computercraft.core.ComputerTestDelegate/]: Starting 'cc.internal.syntax -> the parser (all states) -> test #16'
[13Jan.2024 07:34:25.659] [ComputerCraft-Coroutine-0/INFO] [dan200.computercraft.core.ComputerTestDelegate/]: 'cc.internal.syntax -> the parser (all states) -> test #16' finished with pass
[13Jan.2024 07:34:25.659] [ForkJoinPool-1-worker-1/INFO] [dan200.computercraft.core.ComputerTestDelegate/]: Finished 'cc.internal.syntax -> the parser (all states) -> test #16'
[13Jan.2024 07:34:25.660] [ForkJoinPool-1-worker-1/INFO] [dan200.computercraft.core.ComputerTestDelegate/]: Starting 'cc.internal.syntax -> the parser (all states) -> test #17'
[13Jan.2024 07:34:25.660] [ComputerCraft-Coroutine-0/INFO] [dan200.computercraft.core.ComputerTestDelegate/]: 'cc.internal.syntax -> the parser (all states) -> test #17' finished with pass
[13Jan.2024 07:34:25.660] [ForkJoinPool-1-worker-1/INFO] [dan200.computercraft.core.ComputerTestDelegate/]: Finished 'cc.internal.syntax -> the parser (all states) -> test #17'
[13Jan.2024 07:34:25.660] [ForkJoinPool-1-worker-1/INFO] [dan200.computercraft.core.ComputerTestDelegate/]: Starting 'cc.internal.syntax -> the parser (all states) -> test #10'
[13Jan.2024 07:34:25.661] [ComputerCraft-Coroutine-0/INFO] [dan200.computercraft.core.ComputerTestDelegate/]: 'cc.internal.syntax -> the parser (all states) -> test #10' finished with pass
[13Jan.2024 07:34:25.661] [ForkJoinPool-1-worker-1/INFO] [dan200.computercraft.core.ComputerTestDelegate/]: Finished 'cc.internal.syntax -> the parser (all states) -> test #10'
[13Jan.2024 07:34:25.661] [ForkJoinPool-1-worker-1/INFO] [dan200.computercraft.core.ComputerTestDelegate/]: Starting 'cc.internal.syntax -> the parser (all states) -> test #98'
[13Jan.2024 07:34:25.661] [ComputerCraft-Coroutine-0/INFO] [dan200.computercraft.core.ComputerTestDelegate/]: 'cc.internal.syntax -> the parser (all states) -> test #98' finished with pass
[13Jan.2024 07:34:25.662] [ForkJoinPool-1-worker-1/INFO] [dan200.computercraft.core.ComputerTestDelegate/]: Finished 'cc.internal.syntax -> the parser (all states) -> test #98'
[13Jan.2024 07:34:25.662] [ForkJoinPool-1-worker-1/INFO] [dan200.computercraft.core.ComputerTestDelegate/]: Starting 'cc.internal.syntax -> the parser (all states) -> test #11'
[13Jan.2024 07:34:25.662] [ComputerCraft-Coroutine-0/INFO] [dan200.computercraft.core.ComputerTestDelegate/]: 'cc.internal.syntax -> the parser (all states) -> test #11' finished with pass
[13Jan.2024 07:34:25.662] [ForkJoinPool-1-worker-1/INFO] [dan200.computercraft.core.ComputerTestDelegate/]: Finished 'cc.internal.syntax -> the parser (all states) -> test #11'
[13Jan.2024 07:34:25.663] [ForkJoinPool-1-worker-1/INFO] [dan200.computercraft.core.ComputerTestDelegate/]: Starting 'cc.internal.syntax -> the parser (all states) -> test #99'
[13Jan.2024 07:34:25.663] [ComputerCraft-Coroutine-0/INFO] [dan200.computercraft.core.ComputerTestDelegate/]: 'cc.internal.syntax -> the parser (all states) -> test #99' finished with pass
[13Jan.2024 07:34:25.663] [ForkJoinPool-1-worker-1/INFO] [dan200.computercraft.core.ComputerTestDelegate/]: Finished 'cc.internal.syntax -> the parser (all states) -> test #99'
[13Jan.2024 07:34:25.663] [ForkJoinPool-1-worker-1/INFO] [dan200.computercraft.core.ComputerTestDelegate/]: Starting 'cc.internal.syntax -> the parser (all states) -> test #12'
[13Jan.2024 07:34:25.664] [ComputerCraft-Coroutine-0/INFO] [dan200.computercraft.core.ComputerTestDelegate/]: 'cc.internal.syntax -> the parser (all states) -> test #12' finished with pass
[13Jan.2024 07:34:25.664] [ForkJoinPool-1-worker-1/INFO] [dan200.computercraft.core.ComputerTestDelegate/]: Finished 'cc.internal.syntax -> the parser (all states) -> test #12'
[13Jan.2024 07:34:25.664] [ForkJoinPool-1-worker-1/INFO] [dan200.computercraft.core.ComputerTestDelegate/]: Starting 'cc.internal.syntax -> the parser (all states) -> test #13'
[13Jan.2024 07:34:25.664] [ComputerCraft-Coroutine-0/INFO] [dan200.computercraft.core.ComputerTestDelegate/]: 'cc.internal.syntax -> the parser (all states) -> test #13' finished with pass
[13Jan.2024 07:34:25.664] [ForkJoinPool-1-worker-1/INFO] [dan200.computercraft.core.ComputerTestDelegate/]: Finished 'cc.internal.syntax -> the parser (all states) -> test #13'
[13Jan.2024 07:34:25.664] [ForkJoinPool-1-worker-1/INFO] [dan200.computercraft.core.ComputerTestDelegate/]: Starting 'cc.internal.syntax -> the parser (all states) -> test #94'
[13Jan.2024 07:34:25.665] [ComputerCraft-Coroutine-0/INFO] [dan200.computercraft.core.ComputerTestDelegate/]: 'cc.internal.syntax -> the parser (all states) -> test #94' finished with pass
[13Jan.2024 07:34:25.665] [ForkJoinPool-1-worker-1/INFO] [dan200.computercraft.core.ComputerTestDelegate/]: Finished 'cc.internal.syntax -> the parser (all states) -> test #94'
[13Jan.2024 07:34:25.665] [ForkJoinPool-1-worker-1/INFO] [dan200.computercraft.core.ComputerTestDelegate/]: Starting 'cc.internal.syntax -> the parser (all states) -> test #95'
[13Jan.2024 07:34:25.666] [ComputerCraft-Coroutine-0/INFO] [dan200.computercraft.core.ComputerTestDelegate/]: 'cc.internal.syntax -> the parser (all states) -> test #95' finished with pass
[13Jan.2024 07:34:25.666] [ForkJoinPool-1-worker-1/INFO] [dan200.computercraft.core.ComputerTestDelegate/]: Finished 'cc.internal.syntax -> the parser (all states) -> test #95'
[13Jan.2024 07:34:25.666] [ForkJoinPool-1-worker-1/INFO] [dan200.computercraft.core.ComputerTestDelegate/]: Starting 'cc.internal.syntax -> the parser (all states) -> test #96'
[13Jan.2024 07:34:25.666] [ComputerCraft-Coroutine-0/INFO] [dan200.computercraft.core.ComputerTestDelegate/]: 'cc.internal.syntax -> the parser (all states) -> test #96' finished with pass
[13Jan.2024 07:34:25.666] [ForkJoinPool-1-worker-1/INFO] [dan200.computercraft.core.ComputerTestDelegate/]: Finished 'cc.internal.syntax -> the parser (all states) -> test #96'
[13Jan.2024 07:34:25.666] [ForkJoinPool-1-worker-1/INFO] [dan200.computercraft.core.ComputerTestDelegate/]: Starting 'cc.internal.syntax -> the parser (all states) -> test #97'
[13Jan.2024 07:34:25.667] [ComputerCraft-Coroutine-0/INFO] [dan200.computercraft.core.ComputerTestDelegate/]: 'cc.internal.syntax -> the parser (all states) -> test #97' finished with pass
[13Jan.2024 07:34:25.667] [ForkJoinPool-1-worker-1/INFO] [dan200.computercraft.core.ComputerTestDelegate/]: Finished 'cc.internal.syntax -> the parser (all states) -> test #97'
[13Jan.2024 07:34:25.667] [ForkJoinPool-1-worker-1/INFO] [dan200.computercraft.core.ComputerTestDelegate/]: Starting 'cc.internal.syntax -> the parser (all states) -> test #3'
[13Jan.2024 07:34:25.667] [ComputerCraft-Coroutine-0/INFO] [dan200.computercraft.core.ComputerTestDelegate/]: 'cc.internal.syntax -> the parser (all states) -> test #3' finished with pass
[13Jan.2024 07:34:25.667] [ForkJoinPool-1-worker-1/INFO] [dan200.computercraft.core.ComputerTestDelegate/]: Finished 'cc.internal.syntax -> the parser (all states) -> test #3'
[13Jan.2024 07:34:25.668] [ForkJoinPool-1-worker-1/INFO] [dan200.computercraft.core.ComputerTestDelegate/]: Starting 'cc.internal.syntax -> the parser (all states) -> test #4'
[13Jan.2024 07:34:25.668] [ComputerCraft-Coroutine-0/INFO] [dan200.computercraft.core.ComputerTestDelegate/]: 'cc.internal.syntax -> the parser (all states) -> test #4' finished with pass
[13Jan.2024 07:34:25.668] [ForkJoinPool-1-worker-1/INFO] [dan200.computercraft.core.ComputerTestDelegate/]: Finished 'cc.internal.syntax -> the parser (all states) -> test #4'
[13Jan.2024 07:34:25.668] [ForkJoinPool-1-worker-1/INFO] [dan200.computercraft.core.ComputerTestDelegate/]: Starting 'cc.internal.syntax -> the parser (all states) -> test #1'
[13Jan.2024 07:34:25.669] [ComputerCraft-Coroutine-0/INFO] [dan200.computercraft.core.ComputerTestDelegate/]: 'cc.internal.syntax -> the parser (all states) -> test #1' finished with pass
[13Jan.2024 07:34:25.669] [ForkJoinPool-1-worker-1/INFO] [dan200.computercraft.core.ComputerTestDelegate/]: Finished 'cc.internal.syntax -> the parser (all states) -> test #1'
[13Jan.2024 07:34:25.669] [ForkJoinPool-1-worker-1/INFO] [dan200.computercraft.core.ComputerTestDelegate/]: Starting 'cc.internal.syntax -> the parser (all states) -> test #2'
[13Jan.2024 07:34:25.669] [ComputerCraft-Coroutine-0/INFO] [dan200.computercraft.core.ComputerTestDelegate/]: 'cc.internal.syntax -> the parser (all states) -> test #2' finished with pass
[13Jan.2024 07:34:25.669] [ForkJoinPool-1-worker-1/INFO] [dan200.computercraft.core.ComputerTestDelegate/]: Finished 'cc.internal.syntax -> the parser (all states) -> test #2'
[13Jan.2024 07:34:25.670] [ForkJoinPool-1-worker-1/INFO] [dan200.computercraft.core.ComputerTestDelegate/]: Starting 'cc.internal.syntax -> the parser (all states) -> test #29'
[13Jan.2024 07:34:25.670] [ComputerCraft-Coroutine-0/INFO] [dan200.computercraft.core.ComputerTestDelegate/]: 'cc.internal.syntax -> the parser (all states) -> test #29' finished with pass
[13Jan.2024 07:34:25.670] [ForkJoinPool-1-worker-1/INFO] [dan200.computercraft.core.ComputerTestDelegate/]: Finished 'cc.internal.syntax -> the parser (all states) -> test #29'
[13Jan.2024 07:34:25.670] [ForkJoinPool-1-worker-1/INFO] [dan200.computercraft.core.ComputerTestDelegate/]: Starting 'cc.internal.syntax -> the parser (all states) -> test #25'
[13Jan.2024 07:34:25.671] [ComputerCraft-Coroutine-0/INFO] [dan200.computercraft.core.ComputerTestDelegate/]: 'cc.internal.syntax -> the parser (all states) -> test #25' finished with pass
[13Jan.2024 07:34:25.671] [ForkJoinPool-1-worker-1/INFO] [dan200.computercraft.core.ComputerTestDelegate/]: Finished 'cc.internal.syntax -> the parser (all states) -> test #25'
[13Jan.2024 07:34:25.671] [ForkJoinPool-1-worker-1/INFO] [dan200.computercraft.core.ComputerTestDelegate/]: Starting 'cc.internal.syntax -> the parser (all states) -> test #26'
[13Jan.2024 07:34:25.671] [ComputerCraft-Coroutine-0/INFO] [dan200.computercraft.core.ComputerTestDelegate/]: 'cc.internal.syntax -> the parser (all states) -> test #26' finished with pass
[13Jan.2024 07:34:25.671] [ForkJoinPool-1-worker-1/INFO] [dan200.computercraft.core.ComputerTestDelegate/]: Finished 'cc.internal.syntax -> the parser (all states) -> test #26'
[13Jan.2024 07:34:25.672] [ForkJoinPool-1-worker-1/INFO] [dan200.computercraft.core.ComputerTestDelegate/]: Starting 'cc.internal.syntax -> the parser (all states) -> test #27'
[13Jan.2024 07:34:25.672] [ComputerCraft-Coroutine-0/INFO] [dan200.computercraft.core.ComputerTestDelegate/]: 'cc.internal.syntax -> the parser (all states) -> test #27' finished with pass
[13Jan.2024 07:34:25.672] [ForkJoinPool-1-worker-1/INFO] [dan200.computercraft.core.ComputerTestDelegate/]: Finished 'cc.internal.syntax -> the parser (all states) -> test #27'
[13Jan.2024 07:34:25.672] [ForkJoinPool-1-worker-1/INFO] [dan200.computercraft.core.ComputerTestDelegate/]: Starting 'cc.internal.syntax -> the parser (all states) -> test #28'
[13Jan.2024 07:34:25.673] [ComputerCraft-Coroutine-0/INFO] [dan200.computercraft.core.ComputerTestDelegate/]: 'cc.internal.syntax -> the parser (all states) -> test #28' finished with pass
[13Jan.2024 07:34:25.673] [ForkJoinPool-1-worker-1/INFO] [dan200.computercraft.core.ComputerTestDelegate/]: Finished 'cc.internal.syntax -> the parser (all states) -> test #28'
[13Jan.2024 07:34:25.673] [ForkJoinPool-1-worker-1/INFO] [dan200.computercraft.core.ComputerTestDelegate/]: Starting 'cc.internal.syntax -> the parser (all states) -> test #21'
[13Jan.2024 07:34:25.673] [ComputerCraft-Coroutine-0/INFO] [dan200.computercraft.core.ComputerTestDelegate/]: 'cc.internal.syntax -> the parser (all states) -> test #21' finished with pass
[13Jan.2024 07:34:25.673] [ForkJoinPool-1-worker-1/INFO] [dan200.computercraft.core.ComputerTestDelegate/]: Finished 'cc.internal.syntax -> the parser (all states) -> test #21'
[13Jan.2024 07:34:25.673] [ForkJoinPool-1-worker-1/INFO] [dan200.computercraft.core.ComputerTestDelegate/]: Starting 'cc.internal.syntax -> the parser (all states) -> test #22'
[13Jan.2024 07:34:25.674] [ComputerCraft-Coroutine-0/INFO] [dan200.computercraft.core.ComputerTestDelegate/]: 'cc.internal.syntax -> the parser (all states) -> test #22' finished with pass
[13Jan.2024 07:34:25.674] [ForkJoinPool-1-worker-1/INFO] [dan200.computercraft.core.ComputerTestDelegate/]: Finished 'cc.internal.syntax -> the parser (all states) -> test #22'
[13Jan.2024 07:34:25.674] [ForkJoinPool-1-worker-1/INFO] [dan200.computercraft.core.ComputerTestDelegate/]: Starting 'cc.internal.syntax -> the parser (all states) -> test #23'
[13Jan.2024 07:34:25.675] [ComputerCraft-Coroutine-0/INFO] [dan200.computercraft.core.ComputerTestDelegate/]: 'cc.internal.syntax -> the parser (all states) -> test #23' finished with pass
[13Jan.2024 07:34:25.675] [ForkJoinPool-1-worker-1/INFO] [dan200.computercraft.core.ComputerTestDelegate/]: Finished 'cc.internal.syntax -> the parser (all states) -> test #23'
[13Jan.2024 07:34:25.675] [ForkJoinPool-1-worker-1/INFO] [dan200.computercraft.core.ComputerTestDelegate/]: Starting 'cc.internal.syntax -> the parser (all states) -> test #24'
[13Jan.2024 07:34:25.675] [ComputerCraft-Coroutine-0/INFO] [dan200.computercraft.core.ComputerTestDelegate/]: 'cc.internal.syntax -> the parser (all states) -> test #24' finished with pass
[13Jan.2024 07:34:25.675] [ForkJoinPool-1-worker-1/INFO] [dan200.computercraft.core.ComputerTestDelegate/]: Finished 'cc.internal.syntax -> the parser (all states) -> test #24'
[13Jan.2024 07:34:25.676] [ForkJoinPool-1-worker-1/INFO] [dan200.computercraft.core.ComputerTestDelegate/]: Starting 'cc.internal.syntax -> the parser (all states) -> test #20'
[13Jan.2024 07:34:25.676] [ComputerCraft-Coroutine-0/INFO] [dan200.computercraft.core.ComputerTestDelegate/]: 'cc.internal.syntax -> the parser (all states) -> test #20' finished with pass
[13Jan.2024 07:34:25.676] [ForkJoinPool-1-worker-1/INFO] [dan200.computercraft.core.ComputerTestDelegate/]: Finished 'cc.internal.syntax -> the parser (all states) -> test #20'
[13Jan.2024 07:34:25.676] [ForkJoinPool-1-worker-1/INFO] [dan200.computercraft.core.ComputerTestDelegate/]: Starting 'cc.internal.syntax -> the parser (all states) -> test #36'
[13Jan.2024 07:34:25.677] [ComputerCraft-Coroutine-0/INFO] [dan200.computercraft.core.ComputerTestDelegate/]: 'cc.internal.syntax -> the parser (all states) -> test #36' finished with pass
[13Jan.2024 07:34:25.677] [ForkJoinPool-1-worker-1/INFO] [dan200.computercraft.core.ComputerTestDelegate/]: Finished 'cc.internal.syntax -> the parser (all states) -> test #36'
[13Jan.2024 07:34:25.677] [ForkJoinPool-1-worker-1/INFO] [dan200.computercraft.core.ComputerTestDelegate/]: Starting 'cc.internal.syntax -> the parser (all states) -> test #103'
[13Jan.2024 07:34:25.677] [ComputerCraft-Coroutine-0/INFO] [dan200.computercraft.core.ComputerTestDelegate/]: 'cc.internal.syntax -> the parser (all states) -> test #103' finished with pass
[13Jan.2024 07:34:25.677] [ForkJoinPool-1-worker-1/INFO] [dan200.computercraft.core.ComputerTestDelegate/]: Finished 'cc.internal.syntax -> the parser (all states) -> test #103'
[13Jan.2024 07:34:25.677] [ForkJoinPool-1-worker-1/INFO] [dan200.computercraft.core.ComputerTestDelegate/]: Starting 'cc.internal.syntax -> the parser (all states) -> test #37'
[13Jan.2024 07:34:25.678] [ComputerCraft-Coroutine-0/INFO] [dan200.computercraft.core.ComputerTestDelegate/]: 'cc.internal.syntax -> the parser (all states) -> test #37' finished with pass
[13Jan.2024 07:34:25.678] [ForkJoinPool-1-worker-1/INFO] [dan200.computercraft.core.ComputerTestDelegate/]: Finished 'cc.internal.syntax -> the parser (all states) -> test #37'
[13Jan.2024 07:34:25.678] [ForkJoinPool-1-worker-1/INFO] [dan200.computercraft.core.ComputerTestDelegate/]: Starting 'cc.internal.syntax -> the parser (all states) -> test #102'
[13Jan.2024 07:34:25.678] [ComputerCraft-Coroutine-0/INFO] [dan200.computercraft.core.ComputerTestDelegate/]: 'cc.internal.syntax -> the parser (all states) -> test #102' finished with pass
[13Jan.2024 07:34:25.678] [ForkJoinPool-1-worker-1/INFO] [dan200.computercraft.core.ComputerTestDelegate/]: Finished 'cc.internal.syntax -> the parser (all states) -> test #102'
[13Jan.2024 07:34:25.679] [ForkJoinPool-1-worker-1/INFO] [dan200.computercraft.core.ComputerTestDelegate/]: Starting 'cc.internal.syntax -> the parser (all states) -> test #38'
[13Jan.2024 07:34:25.679] [ComputerCraft-Coroutine-0/INFO] [dan200.computercraft.core.ComputerTestDelegate/]: 'cc.internal.syntax -> the parser (all states) -> test #38' finished with pass
[13Jan.2024 07:34:25.679] [ForkJoinPool-1-worker-1/INFO] [dan200.computercraft.core.ComputerTestDelegate/]: Finished 'cc.internal.syntax -> the parser (all states) -> test #38'
[13Jan.2024 07:34:25.679] [ForkJoinPool-1-worker-1/INFO] [dan200.computercraft.core.ComputerTestDelegate/]: Starting 'cc.internal.syntax -> the parser (all states) -> test #101'
[13Jan.2024 07:34:25.680] [ComputerCraft-Coroutine-0/INFO] [dan200.computercraft.core.ComputerTestDelegate/]: 'cc.internal.syntax -> the parser (all states) -> test #101' finished with pass
[13Jan.2024 07:34:25.680] [ForkJoinPool-1-worker-1/INFO] [dan200.computercraft.core.ComputerTestDelegate/]: Finished 'cc.internal.syntax -> the parser (all states) -> test #101'
[13Jan.2024 07:34:25.680] [ForkJoinPool-1-worker-1/INFO] [dan200.computercraft.core.ComputerTestDelegate/]: Starting 'cc.internal.syntax -> the parser (all states) -> test #39'
[13Jan.2024 07:34:25.680] [ComputerCraft-Coroutine-0/INFO] [dan200.computercraft.core.ComputerTestDelegate/]: 'cc.internal.syntax -> the parser (all states) -> test #39' finished with pass
[13Jan.2024 07:34:25.680] [ForkJoinPool-1-worker-1/INFO] [dan200.computercraft.core.ComputerTestDelegate/]: Finished 'cc.internal.syntax -> the parser (all states) -> test #39'
[13Jan.2024 07:34:25.681] [ForkJoinPool-1-worker-1/INFO] [dan200.computercraft.core.ComputerTestDelegate/]: Starting 'cc.internal.syntax -> the parser (all states) -> test #100'
[13Jan.2024 07:34:25.681] [ComputerCraft-Coroutine-0/INFO] [dan200.computercraft.core.ComputerTestDelegate/]: 'cc.internal.syntax -> the parser (all states) -> test #100' finished with pass
[13Jan.2024 07:34:25.681] [ForkJoinPool-1-worker-1/INFO] [dan200.computercraft.core.ComputerTestDelegate/]: Finished 'cc.internal.syntax -> the parser (all states) -> test #100'
[13Jan.2024 07:34:25.681] [ForkJoinPool-1-worker-1/INFO] [dan200.computercraft.core.ComputerTestDelegate/]: Starting 'cc.internal.syntax -> the parser (all states) -> test #32'
[13Jan.2024 07:34:25.682] [ComputerCraft-Coroutine-0/INFO] [dan200.computercraft.core.ComputerTestDelegate/]: 'cc.internal.syntax -> the parser (all states) -> test #32' finished with pass
[13Jan.2024 07:34:25.682] [ForkJoinPool-1-worker-1/INFO] [dan200.computercraft.core.ComputerTestDelegate/]: Finished 'cc.internal.syntax -> the parser (all states) -> test #32'
[13Jan.2024 07:34:25.682] [ForkJoinPool-1-worker-1/INFO] [dan200.computercraft.core.ComputerTestDelegate/]: Starting 'cc.internal.syntax -> the parser (all states) -> test #33'
[13Jan.2024 07:34:25.682] [ComputerCraft-Coroutine-0/INFO] [dan200.computercraft.core.ComputerTestDelegate/]: 'cc.internal.syntax -> the parser (all states) -> test #33' finished with pass
[13Jan.2024 07:34:25.682] [ForkJoinPool-1-worker-1/INFO] [dan200.computercraft.core.ComputerTestDelegate/]: Finished 'cc.internal.syntax -> the parser (all states) -> test #33'
[13Jan.2024 07:34:25.683] [ForkJoinPool-1-worker-1/INFO] [dan200.computercraft.core.ComputerTestDelegate/]: Starting 'cc.internal.syntax -> the parser (all states) -> test #34'
[13Jan.2024 07:34:25.683] [ComputerCraft-Coroutine-0/INFO] [dan200.computercraft.core.ComputerTestDelegate/]: 'cc.internal.syntax -> the parser (all states) -> test #34' finished with pass
[13Jan.2024 07:34:25.683] [ForkJoinPool-1-worker-1/INFO] [dan200.computercraft.core.ComputerTestDelegate/]: Finished 'cc.internal.syntax -> the parser (all states) -> test #34'
[13Jan.2024 07:34:25.683] [ForkJoinPool-1-worker-1/INFO] [dan200.computercraft.core.ComputerTestDelegate/]: Starting 'cc.internal.syntax -> the parser (all states) -> test #35'
[13Jan.2024 07:34:25.684] [ComputerCraft-Coroutine-0/INFO] [dan200.computercraft.core.ComputerTestDelegate/]: 'cc.internal.syntax -> the parser (all states) -> test #35' finished with pass
[13Jan.2024 07:34:25.684] [ForkJoinPool-1-worker-1/INFO] [dan200.computercraft.core.ComputerTestDelegate/]: Finished 'cc.internal.syntax -> the parser (all states) -> test #35'
[13Jan.2024 07:34:25.684] [ForkJoinPool-1-worker-1/INFO] [dan200.computercraft.core.ComputerTestDelegate/]: Starting 'cc.internal.syntax -> the parser (all states) -> test #30'
[13Jan.2024 07:34:25.684] [ComputerCraft-Coroutine-0/INFO] [dan200.computercraft.core.ComputerTestDelegate/]: 'cc.internal.syntax -> the parser (all states) -> test #30' finished with pass
[13Jan.2024 07:34:25.684] [ForkJoinPool-1-worker-1/INFO] [dan200.computercraft.core.ComputerTestDelegate/]: Finished 'cc.internal.syntax -> the parser (all states) -> test #30'
[13Jan.2024 07:34:25.684] [ForkJoinPool-1-worker-1/INFO] [dan200.computercraft.core.ComputerTestDelegate/]: Starting 'cc.internal.syntax -> the parser (all states) -> test #31'
[13Jan.2024 07:34:25.685] [ComputerCraft-Coroutine-0/INFO] [dan200.computercraft.core.ComputerTestDelegate/]: 'cc.internal.syntax -> the parser (all states) -> test #31' finished with pass
[13Jan.2024 07:34:25.685] [ForkJoinPool-1-worker-1/INFO] [dan200.computercraft.core.ComputerTestDelegate/]: Finished 'cc.internal.syntax -> the parser (all states) -> test #31'
[13Jan.2024 07:34:25.685] [ForkJoinPool-1-worker-1/INFO] [dan200.computercraft.core.ComputerTestDelegate/]: Starting 'cc.internal.syntax -> the parser (all states) -> test #47'
[13Jan.2024 07:34:25.685] [ComputerCraft-Coroutine-0/INFO] [dan200.computercraft.core.ComputerTestDelegate/]: 'cc.internal.syntax -> the parser (all states) -> test #47' finished with pass
[13Jan.2024 07:34:25.685] [ForkJoinPool-1-worker-1/INFO] [dan200.computercraft.core.ComputerTestDelegate/]: Finished 'cc.internal.syntax -> the parser (all states) -> test #47'
[13Jan.2024 07:34:25.685] [ForkJoinPool-1-worker-1/INFO] [dan200.computercraft.core.ComputerTestDelegate/]: Starting 'cc.internal.syntax -> the parser (all states) -> test #48'
[13Jan.2024 07:34:25.686] [ComputerCraft-Coroutine-0/INFO] [dan200.computercraft.core.ComputerTestDelegate/]: 'cc.internal.syntax -> the parser (all states) -> test #48' finished with pass
[13Jan.2024 07:34:25.686] [ForkJoinPool-1-worker-1/INFO] [dan200.computercraft.core.ComputerTestDelegate/]: Finished 'cc.internal.syntax -> the parser (all states) -> test #48'
[13Jan.2024 07:34:25.686] [ForkJoinPool-1-worker-1/INFO] [dan200.computercraft.core.ComputerTestDelegate/]: Starting 'cc.internal.syntax -> the parser (all states) -> test #49'
[13Jan.2024 07:34:25.686] [ComputerCraft-Coroutine-0/INFO] [dan200.computercraft.core.ComputerTestDelegate/]: 'cc.internal.syntax -> the parser (all states) -> test #49' finished with pass
[13Jan.2024 07:34:25.686] [ForkJoinPool-1-worker-1/INFO] [dan200.computercraft.core.ComputerTestDelegate/]: Finished 'cc.internal.syntax -> the parser (all states) -> test #49'
[13Jan.2024 07:34:25.687] [ForkJoinPool-1-worker-1/INFO] [dan200.computercraft.core.ComputerTestDelegate/]: Starting 'cc.internal.syntax -> the parser (all states) -> test #43'
[13Jan.2024 07:34:25.687] [ComputerCraft-Coroutine-0/INFO] [dan200.computercraft.core.ComputerTestDelegate/]: 'cc.internal.syntax -> the parser (all states) -> test #43' finished with pass
[13Jan.2024 07:34:25.687] [ForkJoinPool-1-worker-1/INFO] [dan200.computercraft.core.ComputerTestDelegate/]: Finished 'cc.internal.syntax -> the parser (all states) -> test #43'
[13Jan.2024 07:34:25.687] [ForkJoinPool-1-worker-1/INFO] [dan200.computercraft.core.ComputerTestDelegate/]: Starting 'cc.internal.syntax -> the parser (all states) -> test #44'
[13Jan.2024 07:34:25.688] [ComputerCraft-Coroutine-0/INFO] [dan200.computercraft.core.ComputerTestDelegate/]: 'cc.internal.syntax -> the parser (all states) -> test #44' finished with pass
[13Jan.2024 07:34:25.688] [ForkJoinPool-1-worker-1/INFO] [dan200.computercraft.core.ComputerTestDelegate/]: Finished 'cc.internal.syntax -> the parser (all states) -> test #44'
[13Jan.2024 07:34:25.688] [ForkJoinPool-1-worker-1/INFO] [dan200.computercraft.core.ComputerTestDelegate/]: Starting 'cc.internal.syntax -> the parser (all states) -> test #45'
[13Jan.2024 07:34:25.688] [ComputerCraft-Coroutine-0/INFO] [dan200.computercraft.core.ComputerTestDelegate/]: 'cc.internal.syntax -> the parser (all states) -> test #45' finished with pass
[13Jan.2024 07:34:25.688] [ForkJoinPool-1-worker-1/INFO] [dan200.computercraft.core.ComputerTestDelegate/]: Finished 'cc.internal.syntax -> the parser (all states) -> test #45'
[13Jan.2024 07:34:25.688] [ForkJoinPool-1-worker-1/INFO] [dan200.computercraft.core.ComputerTestDelegate/]: Starting 'cc.internal.syntax -> the parser (all states) -> test #46'
[13Jan.2024 07:34:25.689] [ComputerCraft-Coroutine-0/INFO] [dan200.computercraft.core.ComputerTestDelegate/]: 'cc.internal.syntax -> the parser (all states) -> test #46' finished with pass
[13Jan.2024 07:34:25.689] [ForkJoinPool-1-worker-1/INFO] [dan200.computercraft.core.ComputerTestDelegate/]: Finished 'cc.internal.syntax -> the parser (all states) -> test #46'
[13Jan.2024 07:34:25.689] [ForkJoinPool-1-worker-1/INFO] [dan200.computercraft.core.ComputerTestDelegate/]: Starting 'cc.internal.syntax -> the parser (all states) -> test #40'
[13Jan.2024 07:34:25.689] [ComputerCraft-Coroutine-0/INFO] [dan200.computercraft.core.ComputerTestDelegate/]: 'cc.internal.syntax -> the parser (all states) -> test #40' finished with pass
[13Jan.2024 07:34:25.689] [ForkJoinPool-1-worker-1/INFO] [dan200.computercraft.core.ComputerTestDelegate/]: Finished 'cc.internal.syntax -> the parser (all states) -> test #40'
[13Jan.2024 07:34:25.690] [ForkJoinPool-1-worker-1/INFO] [dan200.computercraft.core.ComputerTestDelegate/]: Starting 'cc.internal.syntax -> the parser (all states) -> test #41'
[13Jan.2024 07:34:25.690] [ComputerCraft-Coroutine-0/INFO] [dan200.computercraft.core.ComputerTestDelegate/]: 'cc.internal.syntax -> the parser (all states) -> test #41' finished with pass
[13Jan.2024 07:34:25.690] [ForkJoinPool-1-worker-1/INFO] [dan200.computercraft.core.ComputerTestDelegate/]: Finished 'cc.internal.syntax -> the parser (all states) -> test #41'
[13Jan.2024 07:34:25.690] [ForkJoinPool-1-worker-1/INFO] [dan200.computercraft.core.ComputerTestDelegate/]: Starting 'cc.internal.syntax -> the parser (all states) -> test #42'
[13Jan.2024 07:34:25.690] [ComputerCraft-Coroutine-0/INFO] [dan200.computercraft.core.ComputerTestDelegate/]: 'cc.internal.syntax -> the parser (all states) -> test #42' finished with pass
[13Jan.2024 07:34:25.690] [ForkJoinPool-1-worker-1/INFO] [dan200.computercraft.core.ComputerTestDelegate/]: Finished 'cc.internal.syntax -> the parser (all states) -> test #42'
[13Jan.2024 07:34:25.691] [ForkJoinPool-1-worker-1/INFO] [dan200.computercraft.core.ComputerTestDelegate/]: Starting 'cc.internal.syntax -> the parser (all states) -> test #9'
[13Jan.2024 07:34:25.691] [ComputerCraft-Coroutine-0/INFO] [dan200.computercraft.core.ComputerTestDelegate/]: 'cc.internal.syntax -> the parser (all states) -> test #9' finished with pass
[13Jan.2024 07:34:25.691] [ForkJoinPool-1-worker-1/INFO] [dan200.computercraft.core.ComputerTestDelegate/]: Finished 'cc.internal.syntax -> the parser (all states) -> test #9'
[13Jan.2024 07:34:25.691] [ForkJoinPool-1-worker-1/INFO] [dan200.computercraft.core.ComputerTestDelegate/]: Starting 'cc.internal.syntax -> the parser (all states) -> test #7'
[13Jan.2024 07:34:25.692] [ComputerCraft-Coroutine-0/INFO] [dan200.computercraft.core.ComputerTestDelegate/]: 'cc.internal.syntax -> the parser (all states) -> test #7' finished with pass
[13Jan.2024 07:34:25.692] [ForkJoinPool-1-worker-1/INFO] [dan200.computercraft.core.ComputerTestDelegate/]: Finished 'cc.internal.syntax -> the parser (all states) -> test #7'
[13Jan.2024 07:34:25.692] [ForkJoinPool-1-worker-1/INFO] [dan200.computercraft.core.ComputerTestDelegate/]: Starting 'cc.internal.syntax -> the parser (all states) -> test #58'
[13Jan.2024 07:34:25.692] [ComputerCraft-Coroutine-0/INFO] [dan200.computercraft.core.ComputerTestDelegate/]: 'cc.internal.syntax -> the parser (all states) -> test #58' finished with pass
[13Jan.2024 07:34:25.692] [ForkJoinPool-1-worker-1/INFO] [dan200.computercraft.core.ComputerTestDelegate/]: Finished 'cc.internal.syntax -> the parser (all states) -> test #58'
[13Jan.2024 07:34:25.693] [ForkJoinPool-1-worker-1/INFO] [dan200.computercraft.core.ComputerTestDelegate/]: Starting 'cc.internal.syntax -> the parser (all states) -> test #8'
[13Jan.2024 07:34:25.693] [ComputerCraft-Coroutine-0/INFO] [dan200.computercraft.core.ComputerTestDelegate/]: 'cc.internal.syntax -> the parser (all states) -> test #8' finished with pass
[13Jan.2024 07:34:25.693] [ForkJoinPool-1-worker-1/INFO] [dan200.computercraft.core.ComputerTestDelegate/]: Finished 'cc.internal.syntax -> the parser (all states) -> test #8'
[13Jan.2024 07:34:25.694] [ForkJoinPool-1-worker-1/INFO] [dan200.computercraft.core.ComputerTestDelegate/]: Starting 'cc.internal.syntax -> the parser (all states) -> test #59'
[13Jan.2024 07:34:25.694] [ComputerCraft-Coroutine-0/INFO] [dan200.computercraft.core.ComputerTestDelegate/]: 'cc.internal.syntax -> the parser (all states) -> test #59' finished with pass
[13Jan.2024 07:34:25.694] [ForkJoinPool-1-worker-1/INFO] [dan200.computercraft.core.ComputerTestDelegate/]: Finished 'cc.internal.syntax -> the parser (all states) -> test #59'
[13Jan.2024 07:34:25.694] [ForkJoinPool-1-worker-1/INFO] [dan200.computercraft.core.ComputerTestDelegate/]: Starting 'cc.internal.syntax -> the parser (all states) -> test #5'
[13Jan.2024 07:34:25.695] [ComputerCraft-Coroutine-0/INFO] [dan200.computercraft.core.ComputerTestDelegate/]: 'cc.internal.syntax -> the parser (all states) -> test #5' finished with pass
[13Jan.2024 07:34:25.695] [ForkJoinPool-1-worker-1/INFO] [dan200.computercraft.core.ComputerTestDelegate/]: Finished 'cc.internal.syntax -> the parser (all states) -> test #5'
[13Jan.2024 07:34:25.695] [ForkJoinPool-1-worker-1/INFO] [dan200.computercraft.core.ComputerTestDelegate/]: Starting 'cc.internal.syntax -> the parser (all states) -> test #6'
[13Jan.2024 07:34:25.695] [ComputerCraft-Coroutine-0/INFO] [dan200.computercraft.core.ComputerTestDelegate/]: 'cc.internal.syntax -> the parser (all states) -> test #6' finished with pass
[13Jan.2024 07:34:25.695] [ForkJoinPool-1-worker-1/INFO] [dan200.computercraft.core.ComputerTestDelegate/]: Finished 'cc.internal.syntax -> the parser (all states) -> test #6'
[13Jan.2024 07:34:25.696] [ForkJoinPool-1-worker-1/INFO] [dan200.computercraft.core.ComputerTestDelegate/]: Starting 'cc.internal.syntax -> the parser (all states) -> test #54'
[13Jan.2024 07:34:25.696] [ComputerCraft-Coroutine-0/INFO] [dan200.computercraft.core.ComputerTestDelegate/]: 'cc.internal.syntax -> the parser (all states) -> test #54' finished with pass
[13Jan.2024 07:34:25.696] [ForkJoinPool-1-worker-1/INFO] [dan200.computercraft.core.ComputerTestDelegate/]: Finished 'cc.internal.syntax -> the parser (all states) -> test #54'
[13Jan.2024 07:34:25.696] [ForkJoinPool-1-worker-1/INFO] [dan200.computercraft.core.ComputerTestDelegate/]: Starting 'cc.internal.syntax -> the parser (all states) -> test #55'
[13Jan.2024 07:34:25.697] [ComputerCraft-Coroutine-0/INFO] [dan200.computercraft.core.ComputerTestDelegate/]: 'cc.internal.syntax -> the parser (all states) -> test #55' finished with pass
[13Jan.2024 07:34:25.697] [ForkJoinPool-1-worker-1/INFO] [dan200.computercraft.core.ComputerTestDelegate/]: Finished 'cc.internal.syntax -> the parser (all states) -> test #55'
[13Jan.2024 07:34:25.697] [ForkJoinPool-1-worker-1/INFO] [dan200.computercraft.core.ComputerTestDelegate/]: Starting 'cc.internal.syntax -> the parser (all states) -> test #56'
[13Jan.2024 07:34:25.697] [ComputerCraft-Coroutine-0/INFO] [dan200.computercraft.core.ComputerTestDelegate/]: 'cc.internal.syntax -> the parser (all states) -> test #56' finished with pass
[13Jan.2024 07:34:25.698] [ForkJoinPool-1-worker-1/INFO] [dan200.computercraft.core.ComputerTestDelegate/]: Finished 'cc.internal.syntax -> the parser (all states) -> test #56'
[13Jan.2024 07:34:25.698] [ForkJoinPool-1-worker-1/INFO] [dan200.computercraft.core.ComputerTestDelegate/]: Starting 'cc.internal.syntax -> the parser (all states) -> test #57'
[13Jan.2024 07:34:25.698] [ComputerCraft-Coroutine-0/INFO] [dan200.computercraft.core.ComputerTestDelegate/]: 'cc.internal.syntax -> the parser (all states) -> test #57' finished with pass
[13Jan.2024 07:34:25.698] [ForkJoinPool-1-worker-1/INFO] [dan200.computercraft.core.ComputerTestDelegate/]: Finished 'cc.internal.syntax -> the parser (all states) -> test #57'
[13Jan.2024 07:34:25.698] [ForkJoinPool-1-worker-1/INFO] [dan200.computercraft.core.ComputerTestDelegate/]: Starting 'cc.internal.syntax -> the parser (all states) -> test #50'
[13Jan.2024 07:34:25.699] [ComputerCraft-Coroutine-0/INFO] [dan200.computercraft.core.ComputerTestDelegate/]: 'cc.internal.syntax -> the parser (all states) -> test #50' finished with pass
[13Jan.2024 07:34:25.699] [ForkJoinPool-1-worker-1/INFO] [dan200.computercraft.core.ComputerTestDelegate/]: Finished 'cc.internal.syntax -> the parser (all states) -> test #50'
[13Jan.2024 07:34:25.699] [ForkJoinPool-1-worker-1/INFO] [dan200.computercraft.core.ComputerTestDelegate/]: Starting 'cc.internal.syntax -> the parser (all states) -> test #51'
[13Jan.2024 07:34:25.699] [ComputerCraft-Coroutine-0/INFO] [dan200.computercraft.core.ComputerTestDelegate/]: 'cc.internal.syntax -> the parser (all states) -> test #51' finished with pass
[13Jan.2024 07:34:25.699] [ForkJoinPool-1-worker-1/INFO] [dan200.computercraft.core.ComputerTestDelegate/]: Finished 'cc.internal.syntax -> the parser (all states) -> test #51'
[13Jan.2024 07:34:25.700] [ForkJoinPool-1-worker-1/INFO] [dan200.computercraft.core.ComputerTestDelegate/]: Starting 'cc.internal.syntax -> the parser (all states) -> test #52'
[13Jan.2024 07:34:25.700] [ComputerCraft-Coroutine-0/INFO] [dan200.computercraft.core.ComputerTestDelegate/]: 'cc.internal.syntax -> the parser (all states) -> test #52' finished with pass
[13Jan.2024 07:34:25.700] [ForkJoinPool-1-worker-1/INFO] [dan200.computercraft.core.ComputerTestDelegate/]: Finished 'cc.internal.syntax -> the parser (all states) -> test #52'
[13Jan.2024 07:34:25.700] [ForkJoinPool-1-worker-1/INFO] [dan200.computercraft.core.ComputerTestDelegate/]: Starting 'cc.internal.syntax -> the parser (all states) -> test #53'
[13Jan.2024 07:34:25.701] [ComputerCraft-Coroutine-0/INFO] [dan200.computercraft.core.ComputerTestDelegate/]: 'cc.internal.syntax -> the parser (all states) -> test #53' finished with pass
[13Jan.2024 07:34:25.701] [ForkJoinPool-1-worker-1/INFO] [dan200.computercraft.core.ComputerTestDelegate/]: Finished 'cc.internal.syntax -> the parser (all states) -> test #53'
[13Jan.2024 07:34:25.701] [ForkJoinPool-1-worker-1/INFO] [dan200.computercraft.core.ComputerTestDelegate/]: Starting 'cc.internal.syntax -> can parse all of CC's Lua files -> rom/programs/advanced/bg.lua'
[13Jan.2024 07:34:25.702] [ComputerCraft-Coroutine-0/INFO] [dan200.computercraft.core.ComputerTestDelegate/]: 'cc.internal.syntax -> can parse all of CC's Lua files -> rom/programs/advanced/bg.lua' finished with pass
[13Jan.2024 07:34:25.703] [ForkJoinPool-1-worker-1/INFO] [dan200.computercraft.core.ComputerTestDelegate/]: Finished 'cc.internal.syntax -> can parse all of CC's Lua files -> rom/programs/advanced/bg.lua'
[13Jan.2024 07:34:25.703] [ForkJoinPool-1-worker-1/INFO] [dan200.computercraft.core.ComputerTestDelegate/]: Starting 'cc.internal.syntax -> can parse all of CC's Lua files -> test-rom/spec/programs/clear_spec.lua'
[13Jan.2024 07:34:25.704] [ComputerCraft-Coroutine-0/INFO] [dan200.computercraft.core.ComputerTestDelegate/]: 'cc.internal.syntax -> can parse all of CC's Lua files -> test-rom/spec/programs/clear_spec.lua' finished with pass
[13Jan.2024 07:34:25.704] [ForkJoinPool-1-worker-1/INFO] [dan200.computercraft.core.ComputerTestDelegate/]: Finished 'cc.internal.syntax -> can parse all of CC's Lua files -> test-rom/spec/programs/clear_spec.lua'
[13Jan.2024 07:34:25.704] [ForkJoinPool-1-worker-1/INFO] [dan200.computercraft.core.ComputerTestDelegate/]: Starting 'cc.internal.syntax -> can parse all of CC's Lua files -> test-rom/spec/programs/pocket/equip_spec.lua'
[13Jan.2024 07:34:25.706] [ComputerCraft-Coroutine-0/INFO] [dan200.computercraft.core.ComputerTestDelegate/]: 'cc.internal.syntax -> can parse all of CC's Lua files -> test-rom/spec/programs/pocket/equip_spec.lua' finished with pass
[13Jan.2024 07:34:25.706] [ForkJoinPool-1-worker-1/INFO] [dan200.computercraft.core.ComputerTestDelegate/]: Finished 'cc.internal.syntax -> can parse all of CC's Lua files -> test-rom/spec/programs/pocket/equip_spec.lua'
[13Jan.2024 07:34:25.706] [ForkJoinPool-1-worker-1/INFO] [dan200.computercraft.core.ComputerTestDelegate/]: Starting 'cc.internal.syntax -> can parse all of CC's Lua files -> rom/modules/main/cc/completion.lua'
[13Jan.2024 07:34:25.709] [ComputerCraft-Coroutine-0/INFO] [dan200.computercraft.core.ComputerTestDelegate/]: 'cc.internal.syntax -> can parse all of CC's Lua files -> rom/modules/main/cc/completion.lua' finished with pass
[13Jan.2024 07:34:25.709] [ForkJoinPool-1-worker-1/INFO] [dan200.computercraft.core.ComputerTestDelegate/]: Finished 'cc.internal.syntax -> can parse all of CC's Lua files -> rom/modules/main/cc/completion.lua'
[13Jan.2024 07:34:25.709] [ForkJoinPool-1-worker-1/INFO] [dan200.computercraft.core.ComputerTestDelegate/]: Starting 'cc.internal.syntax -> can parse all of CC's Lua files -> rom/programs/exit.lua'
[13Jan.2024 07:34:25.710] [ComputerCraft-Coroutine-0/INFO] [dan200.computercraft.core.ComputerTestDelegate/]: 'cc.internal.syntax -> can parse all of CC's Lua files -> rom/programs/exit.lua' finished with pass
[13Jan.2024 07:34:25.710] [ForkJoinPool-1-worker-1/INFO] [dan200.computercraft.core.ComputerTestDelegate/]: Finished 'cc.internal.syntax -> can parse all of CC's Lua files -> rom/programs/exit.lua'
[13Jan.2024 07:34:25.710] [ForkJoinPool-1-worker-1/INFO] [dan200.computercraft.core.ComputerTestDelegate/]: Starting 'cc.internal.syntax -> can parse all of CC's Lua files -> test-rom/spec/lua/vm_spec.lua'
[13Jan.2024 07:34:25.711] [ComputerCraft-Coroutine-0/INFO] [dan200.computercraft.core.ComputerTestDelegate/]: 'cc.internal.syntax -> can parse all of CC's Lua files -> test-rom/spec/lua/vm_spec.lua' finished with pass
[13Jan.2024 07:34:25.711] [ForkJoinPool-1-worker-1/INFO] [dan200.computercraft.core.ComputerTestDelegate/]: Finished 'cc.internal.syntax -> can parse all of CC's Lua files -> test-rom/spec/lua/vm_spec.lua'
[13Jan.2024 07:34:25.712] [ForkJoinPool-1-worker-1/INFO] [dan200.computercraft.core.ComputerTestDelegate/]: Starting 'cc.internal.syntax -> can parse all of CC's Lua files -> test-rom/spec/programs/advanced/fg_spec.lua'
[13Jan.2024 07:34:25.713] [ComputerCraft-Coroutine-0/INFO] [dan200.computercraft.core.ComputerTestDelegate/]: 'cc.internal.syntax -> can parse all of CC's Lua files -> test-rom/spec/programs/advanced/fg_spec.lua' finished with pass
[13Jan.2024 07:34:25.713] [ForkJoinPool-1-worker-1/INFO] [dan200.computercraft.core.ComputerTestDelegate/]: Finished 'cc.internal.syntax -> can parse all of CC's Lua files -> test-rom/spec/programs/advanced/fg_spec.lua'
[13Jan.2024 07:34:25.713] [ForkJoinPool-1-worker-1/INFO] [dan200.computercraft.core.ComputerTestDelegate/]: Starting 'cc.internal.syntax -> can parse all of CC's Lua files -> rom/programs/turtle/tunnel.lua'
[13Jan.2024 07:34:25.716] [ComputerCraft-Coroutine-0/INFO] [dan200.computercraft.core.ComputerTestDelegate/]: 'cc.internal.syntax -> can parse all of CC's Lua files -> rom/programs/turtle/tunnel.lua' finished with pass
[13Jan.2024 07:34:25.717] [ForkJoinPool-1-worker-1/INFO] [dan200.computercraft.core.ComputerTestDelegate/]: Finished 'cc.internal.syntax -> can parse all of CC's Lua files -> rom/programs/turtle/tunnel.lua'
[13Jan.2024 07:34:25.717] [ForkJoinPool-1-worker-1/INFO] [dan200.computercraft.core.ComputerTestDelegate/]: Starting 'cc.internal.syntax -> can parse all of CC's Lua files -> test-rom/spec/programs/http/pastebin_spec.lua'
[13Jan.2024 07:34:25.719] [ComputerCraft-Coroutine-0/INFO] [dan200.computercraft.core.ComputerTestDelegate/]: 'cc.internal.syntax -> can parse all of CC's Lua files -> test-rom/spec/programs/http/pastebin_spec.lua' finished with pass
[13Jan.2024 07:34:25.720] [ForkJoinPool-1-worker-1/INFO] [dan200.computercraft.core.ComputerTestDelegate/]: Finished 'cc.internal.syntax -> can parse all of CC's Lua files -> test-rom/spec/programs/http/pastebin_spec.lua'
[13Jan.2024 07:34:25.720] [ForkJoinPool-1-worker-1/INFO] [dan200.computercraft.core.ComputerTestDelegate/]: Starting 'cc.internal.syntax -> can parse all of CC's Lua files -> test-rom/spec/apis/rednet_spec.lua'
[13Jan.2024 07:34:25.729] [ComputerCraft-Coroutine-0/INFO] [dan200.computercraft.core.ComputerTestDelegate/]: 'cc.internal.syntax -> can parse all of CC's Lua files -> test-rom/spec/apis/rednet_spec.lua' finished with pass
[13Jan.2024 07:34:25.730] [ForkJoinPool-1-worker-1/INFO] [dan200.computercraft.core.ComputerTestDelegate/]: Finished 'cc.internal.syntax -> can parse all of CC's Lua files -> test-rom/spec/apis/rednet_spec.lua'
[13Jan.2024 07:34:25.730] [ForkJoinPool-1-worker-1/INFO] [dan200.computercraft.core.ComputerTestDelegate/]: Starting 'cc.internal.syntax -> can parse all of CC's Lua files -> test-rom/spec/programs/set_spec.lua'
[13Jan.2024 07:34:25.732] [ComputerCraft-Coroutine-0/INFO] [dan200.computercraft.core.ComputerTestDelegate/]: 'cc.internal.syntax -> can parse all of CC's Lua files -> test-rom/spec/programs/set_spec.lua' finished with pass
[13Jan.2024 07:34:25.732] [ForkJoinPool-1-worker-1/INFO] [dan200.computercraft.core.ComputerTestDelegate/]: Finished 'cc.internal.syntax -> can parse all of CC's Lua files -> test-rom/spec/programs/set_spec.lua'
[13Jan.2024 07:34:25.733] [ForkJoinPool-1-worker-1/INFO] [dan200.computercraft.core.ComputerTestDelegate/]: Starting 'cc.internal.syntax -> can parse all of CC's Lua files -> test-rom/spec/programs/programs_spec.lua'
[13Jan.2024 07:34:25.734] [ComputerCraft-Coroutine-0/INFO] [dan200.computercraft.core.ComputerTestDelegate/]: 'cc.internal.syntax -> can parse all of CC's Lua files -> test-rom/spec/programs/programs_spec.lua' finished with pass
[13Jan.2024 07:34:25.734] [ForkJoinPool-1-worker-1/INFO] [dan200.computercraft.core.ComputerTestDelegate/]: Finished 'cc.internal.syntax -> can parse all of CC's Lua files -> test-rom/spec/programs/programs_spec.lua'
[13Jan.2024 07:34:25.735] [ForkJoinPool-1-worker-1/INFO] [dan200.computercraft.core.ComputerTestDelegate/]: Starting 'cc.internal.syntax -> can parse all of CC's Lua files -> rom/apis/window.lua'
[13Jan.2024 07:34:25.748] [ComputerCraft-Coroutine-0/INFO] [dan200.computercraft.core.ComputerTestDelegate/]: 'cc.internal.syntax -> can parse all of CC's Lua files -> rom/apis/window.lua' finished with pass
[13Jan.2024 07:34:25.748] [ForkJoinPool-1-worker-1/INFO] [dan200.computercraft.core.ComputerTestDelegate/]: Finished 'cc.internal.syntax -> can parse all of CC's Lua files -> rom/apis/window.lua'
[13Jan.2024 07:34:25.749] [ForkJoinPool-1-worker-1/INFO] [dan200.computercraft.core.ComputerTestDelegate/]: Starting 'cc.internal.syntax -> can parse all of CC's Lua files -> rom/programs/pocket/equip.lua'
[13Jan.2024 07:34:25.750] [ComputerCraft-Coroutine-0/INFO] [dan200.computercraft.core.ComputerTestDelegate/]: 'cc.internal.syntax -> can parse all of CC's Lua files -> rom/programs/pocket/equip.lua' finished with pass
[13Jan.2024 07:34:25.750] [ForkJoinPool-1-worker-1/INFO] [dan200.computercraft.core.ComputerTestDelegate/]: Finished 'cc.internal.syntax -> can parse all of CC's Lua files -> rom/programs/pocket/equip.lua'
[13Jan.2024 07:34:25.750] [ForkJoinPool-1-worker-1/INFO] [dan200.computercraft.core.ComputerTestDelegate/]: Starting 'cc.internal.syntax -> can parse all of CC's Lua files -> rom/apis/term.lua'
[13Jan.2024 07:34:25.752] [ComputerCraft-Coroutine-0/INFO] [dan200.computercraft.core.ComputerTestDelegate/]: 'cc.internal.syntax -> can parse all of CC's Lua files -> rom/apis/term.lua' finished with pass
[13Jan.2024 07:34:25.753] [ForkJoinPool-1-worker-1/INFO] [dan200.computercraft.core.ComputerTestDelegate/]: Finished 'cc.internal.syntax -> can parse all of CC's Lua files -> rom/apis/term.lua'
[13Jan.2024 07:34:25.753] [ForkJoinPool-1-worker-1/INFO] [dan200.computercraft.core.ComputerTestDelegate/]: Starting 'cc.internal.syntax -> can parse all of CC's Lua files -> test-rom/spec/programs/alias_spec.lua'
[13Jan.2024 07:34:25.755] [ComputerCraft-Coroutine-0/INFO] [dan200.computercraft.core.ComputerTestDelegate/]: 'cc.internal.syntax -> can parse all of CC's Lua files -> test-rom/spec/programs/alias_spec.lua' finished with pass
[13Jan.2024 07:34:25.755] [ForkJoinPool-1-worker-1/INFO] [dan200.computercraft.core.ComputerTestDelegate/]: Finished 'cc.internal.syntax -> can parse all of CC's Lua files -> test-rom/spec/programs/alias_spec.lua'
[13Jan.2024 07:34:25.755] [ForkJoinPool-1-worker-1/INFO] [dan200.computercraft.core.ComputerTestDelegate/]: Starting 'cc.internal.syntax -> can parse all of CC's Lua files -> test-rom/spec/programs/monitor_spec.lua'
[13Jan.2024 07:34:25.758] [ComputerCraft-Coroutine-0/INFO] [dan200.computercraft.core.ComputerTestDelegate/]: 'cc.internal.syntax -> can parse all of CC's Lua files -> test-rom/spec/programs/monitor_spec.lua' finished with pass
[13Jan.2024 07:34:25.758] [ForkJoinPool-1-worker-1/INFO] [dan200.computercraft.core.ComputerTestDelegate/]: Finished 'cc.internal.syntax -> can parse all of CC's Lua files -> test-rom/spec/programs/monitor_spec.lua'
[13Jan.2024 07:34:25.758] [ForkJoinPool-1-worker-1/INFO] [dan200.computercraft.core.ComputerTestDelegate/]: Starting 'cc.internal.syntax -> can parse all of CC's Lua files -> test-rom/spec/programs/time_spec.lua'
[13Jan.2024 07:34:25.759] [ComputerCraft-Coroutine-0/INFO] [dan200.computercraft.core.ComputerTestDelegate/]: 'cc.internal.syntax -> can parse all of CC's Lua files -> test-rom/spec/programs/time_spec.lua' finished with pass
[13Jan.2024 07:34:25.759] [ForkJoinPool-1-worker-1/INFO] [dan200.computercraft.core.ComputerTestDelegate/]: Finished 'cc.internal.syntax -> can parse all of CC's Lua files -> test-rom/spec/programs/time_spec.lua'
[13Jan.2024 07:34:25.760] [ForkJoinPool-1-worker-1/INFO] [dan200.computercraft.core.ComputerTestDelegate/]: Starting 'cc.internal.syntax -> can parse all of CC's Lua files -> rom/programs/turtle/craft.lua'
[13Jan.2024 07:34:25.761] [ComputerCraft-Coroutine-0/INFO] [dan200.computercraft.core.ComputerTestDelegate/]: 'cc.internal.syntax -> can parse all of CC's Lua files -> rom/programs/turtle/craft.lua' finished with pass
[13Jan.2024 07:34:25.761] [ForkJoinPool-1-worker-1/INFO] [dan200.computercraft.core.ComputerTestDelegate/]: Finished 'cc.internal.syntax -> can parse all of CC's Lua files -> rom/programs/turtle/craft.lua'
[13Jan.2024 07:34:25.762] [ForkJoinPool-1-worker-1/INFO] [dan200.computercraft.core.ComputerTestDelegate/]: Starting 'cc.internal.syntax -> can parse all of CC's Lua files -> rom/programs/type.lua'
[13Jan.2024 07:34:25.763] [ComputerCraft-Coroutine-0/INFO] [dan200.computercraft.core.ComputerTestDelegate/]: 'cc.internal.syntax -> can parse all of CC's Lua files -> rom/programs/type.lua' finished with pass
[13Jan.2024 07:34:25.763] [ForkJoinPool-1-worker-1/INFO] [dan200.computercraft.core.ComputerTestDelegate/]: Finished 'cc.internal.syntax -> can parse all of CC's Lua files -> rom/programs/type.lua'
[13Jan.2024 07:34:25.763] [ForkJoinPool-1-worker-1/INFO] [dan200.computercraft.core.ComputerTestDelegate/]: Starting 'cc.internal.syntax -> can parse all of CC's Lua files -> rom/apis/help.lua'
[13Jan.2024 07:34:25.766] [ComputerCraft-Coroutine-0/INFO] [dan200.computercraft.core.ComputerTestDelegate/]: 'cc.internal.syntax -> can parse all of CC's Lua files -> rom/apis/help.lua' finished with pass
[13Jan.2024 07:34:25.766] [ForkJoinPool-1-worker-1/INFO] [dan200.computercraft.core.ComputerTestDelegate/]: Finished 'cc.internal.syntax -> can parse all of CC's Lua files -> rom/apis/help.lua'
[13Jan.2024 07:34:25.766] [ForkJoinPool-1-worker-1/INFO] [dan200.computercraft.core.ComputerTestDelegate/]: Starting 'cc.internal.syntax -> can parse all of CC's Lua files -> rom/modules/main/cc/expect.lua'
[13Jan.2024 07:34:25.769] [ComputerCraft-Coroutine-0/INFO] [dan200.computercraft.core.ComputerTestDelegate/]: 'cc.internal.syntax -> can parse all of CC's Lua files -> rom/modules/main/cc/expect.lua' finished with pass
[13Jan.2024 07:34:25.769] [ForkJoinPool-1-worker-1/INFO] [dan200.computercraft.core.ComputerTestDelegate/]: Finished 'cc.internal.syntax -> can parse all of CC's Lua files -> rom/modules/main/cc/expect.lua'
[13Jan.2024 07:34:25.769] [ForkJoinPool-1-worker-1/INFO] [dan200.computercraft.core.ComputerTestDelegate/]: Starting 'cc.internal.syntax -> can parse all of CC's Lua files -> test-rom/spec/base_spec.lua'
[13Jan.2024 07:34:25.773] [ComputerCraft-Coroutine-0/INFO] [dan200.computercraft.core.ComputerTestDelegate/]: 'cc.internal.syntax -> can parse all of CC's Lua files -> test-rom/spec/base_spec.lua' finished with pass
[13Jan.2024 07:34:25.773] [ForkJoinPool-1-worker-1/INFO] [dan200.computercraft.core.ComputerTestDelegate/]: Finished 'cc.internal.syntax -> can parse all of CC's Lua files -> test-rom/spec/base_spec.lua'
[13Jan.2024 07:34:25.774] [ForkJoinPool-1-worker-1/INFO] [dan200.computercraft.core.ComputerTestDelegate/]: Starting 'cc.internal.syntax -> can parse all of CC's Lua files -> rom/modules/main/cc/internal/syntax/parser.lua'
[13Jan.2024 07:34:25.902] [ComputerCraft-Coroutine-0/INFO] [dan200.computercraft.core.ComputerTestDelegate/]: 'cc.internal.syntax -> can parse all of CC's Lua files -> rom/modules/main/cc/internal/syntax/parser.lua' finished with pass
[13Jan.2024 07:34:25.903] [ForkJoinPool-1-worker-1/INFO] [dan200.computercraft.core.ComputerTestDelegate/]: Finished 'cc.internal.syntax -> can parse all of CC's Lua files -> rom/modules/main/cc/internal/syntax/parser.lua'
[13Jan.2024 07:34:25.903] [ForkJoinPool-1-worker-1/INFO] [dan200.computercraft.core.ComputerTestDelegate/]: Starting 'cc.internal.syntax -> can parse all of CC's Lua files -> rom/programs/delete.lua'
[13Jan.2024 07:34:25.905] [ComputerCraft-Coroutine-0/INFO] [dan200.computercraft.core.ComputerTestDelegate/]: 'cc.internal.syntax -> can parse all of CC's Lua files -> rom/programs/delete.lua' finished with pass
[13Jan.2024 07:34:25.905] [ForkJoinPool-1-worker-1/INFO] [dan200.computercraft.core.ComputerTestDelegate/]: Finished 'cc.internal.syntax -> can parse all of CC's Lua files -> rom/programs/delete.lua'
[13Jan.2024 07:34:25.905] [ForkJoinPool-1-worker-1/INFO] [dan200.computercraft.core.ComputerTestDelegate/]: Starting 'cc.internal.syntax -> can parse all of CC's Lua files -> test-rom/spec/apis/keys_spec.lua'
[13Jan.2024 07:34:25.907] [ComputerCraft-Coroutine-0/INFO] [dan200.computercraft.core.ComputerTestDelegate/]: 'cc.internal.syntax -> can parse all of CC's Lua files -> test-rom/spec/apis/keys_spec.lua' finished with pass
[13Jan.2024 07:34:25.907] [ForkJoinPool-1-worker-1/INFO] [dan200.computercraft.core.ComputerTestDelegate/]: Finished 'cc.internal.syntax -> can parse all of CC's Lua files -> test-rom/spec/apis/keys_spec.lua'
[13Jan.2024 07:34:25.907] [ForkJoinPool-1-worker-1/INFO] [dan200.computercraft.core.ComputerTestDelegate/]: Starting 'cc.internal.syntax -> can parse all of CC's Lua files -> test-rom/spec/programs/edit_spec.lua'
[13Jan.2024 07:34:25.908] [ComputerCraft-Coroutine-0/INFO] [dan200.computercraft.core.ComputerTestDelegate/]: 'cc.internal.syntax -> can parse all of CC's Lua files -> test-rom/spec/programs/edit_spec.lua' finished with pass
[13Jan.2024 07:34:25.908] [ForkJoinPool-1-worker-1/INFO] [dan200.computercraft.core.ComputerTestDelegate/]: Finished 'cc.internal.syntax -> can parse all of CC's Lua files -> test-rom/spec/programs/edit_spec.lua'
[13Jan.2024 07:34:25.908] [ForkJoinPool-1-worker-1/INFO] [dan200.computercraft.core.ComputerTestDelegate/]: Starting 'cc.internal.syntax -> can parse all of CC's Lua files -> rom/modules/main/cc/shell/completion.lua'
[13Jan.2024 07:34:25.912] [ComputerCraft-Coroutine-0/INFO] [dan200.computercraft.core.ComputerTestDelegate/]: 'cc.internal.syntax -> can parse all of CC's Lua files -> rom/modules/main/cc/shell/completion.lua' finished with pass
[13Jan.2024 07:34:25.912] [ForkJoinPool-1-worker-1/INFO] [dan200.computercraft.core.ComputerTestDelegate/]: Finished 'cc.internal.syntax -> can parse all of CC's Lua files -> rom/modules/main/cc/shell/completion.lua'
[13Jan.2024 07:34:25.912] [ForkJoinPool-1-worker-1/INFO] [dan200.computercraft.core.ComputerTestDelegate/]: Starting 'cc.internal.syntax -> can parse all of CC's Lua files -> rom/programs/fun/speaker.lua'
[13Jan.2024 07:34:25.916] [ComputerCraft-Coroutine-0/INFO] [dan200.computercraft.core.ComputerTestDelegate/]: 'cc.internal.syntax -> can parse all of CC's Lua files -> rom/programs/fun/speaker.lua' finished with pass
[13Jan.2024 07:34:25.916] [ForkJoinPool-1-worker-1/INFO] [dan200.computercraft.core.ComputerTestDelegate/]: Finished 'cc.internal.syntax -> can parse all of CC's Lua files -> rom/programs/fun/speaker.lua'
[13Jan.2024 07:34:25.916] [ForkJoinPool-1-worker-1/INFO] [dan200.computercraft.core.ComputerTestDelegate/]: Starting 'cc.internal.syntax -> can parse all of CC's Lua files -> rom/programs/set.lua'
[13Jan.2024 07:34:25.918] [ComputerCraft-Coroutine-0/INFO] [dan200.computercraft.core.ComputerTestDelegate/]: 'cc.internal.syntax -> can parse all of CC's Lua files -> rom/programs/set.lua' finished with pass
[13Jan.2024 07:34:25.918] [ForkJoinPool-1-worker-1/INFO] [dan200.computercraft.core.ComputerTestDelegate/]: Finished 'cc.internal.syntax -> can parse all of CC's Lua files -> rom/programs/set.lua'
[13Jan.2024 07:34:25.919] [ForkJoinPool-1-worker-1/INFO] [dan200.computercraft.core.ComputerTestDelegate/]: Starting 'cc.internal.syntax -> can parse all of CC's Lua files -> rom/apis/keys.lua'
[13Jan.2024 07:34:25.923] [ComputerCraft-Coroutine-0/INFO] [dan200.computercraft.core.ComputerTestDelegate/]: 'cc.internal.syntax -> can parse all of CC's Lua files -> rom/apis/keys.lua' finished with pass
[13Jan.2024 07:34:25.923] [ForkJoinPool-1-worker-1/INFO] [dan200.computercraft.core.ComputerTestDelegate/]: Finished 'cc.internal.syntax -> can parse all of CC's Lua files -> rom/apis/keys.lua'
[13Jan.2024 07:34:25.925] [ForkJoinPool-1-worker-1/INFO] [dan200.computercraft.core.ComputerTestDelegate/]: Starting 'cc.internal.syntax -> can parse all of CC's Lua files -> rom/apis/http/http.lua'
[13Jan.2024 07:34:25.929] [ComputerCraft-Coroutine-0/INFO] [dan200.computercraft.core.ComputerTestDelegate/]: 'cc.internal.syntax -> can parse all of CC's Lua files -> rom/apis/http/http.lua' finished with pass
[13Jan.2024 07:34:25.929] [ForkJoinPool-1-worker-1/INFO] [dan200.computercraft.core.ComputerTestDelegate/]: Finished 'cc.internal.syntax -> can parse all of CC's Lua files -> rom/apis/http/http.lua'
[13Jan.2024 07:34:25.929] [ForkJoinPool-1-worker-1/INFO] [dan200.computercraft.core.ComputerTestDelegate/]: Starting 'cc.internal.syntax -> can parse all of CC's Lua files -> rom/apis/turtle/turtle.lua'
[13Jan.2024 07:34:25.931] [ComputerCraft-Coroutine-0/INFO] [dan200.computercraft.core.ComputerTestDelegate/]: 'cc.internal.syntax -> can parse all of CC's Lua files -> rom/apis/turtle/turtle.lua' finished with pass
[13Jan.2024 07:34:25.931] [ForkJoinPool-1-worker-1/INFO] [dan200.computercraft.core.ComputerTestDelegate/]: Finished 'cc.internal.syntax -> can parse all of CC's Lua files -> rom/apis/turtle/turtle.lua'
[13Jan.2024 07:34:25.931] [ForkJoinPool-1-worker-1/INFO] [dan200.computercraft.core.ComputerTestDelegate/]: Starting 'cc.internal.syntax -> can parse all of CC's Lua files -> rom/apis/vector.lua'
[13Jan.2024 07:34:25.934] [ComputerCraft-Coroutine-0/INFO] [dan200.computercraft.core.ComputerTestDelegate/]: 'cc.internal.syntax -> can parse all of CC's Lua files -> rom/apis/vector.lua' finished with pass
[13Jan.2024 07:34:25.934] [ForkJoinPool-1-worker-1/INFO] [dan200.computercraft.core.ComputerTestDelegate/]: Finished 'cc.internal.syntax -> can parse all of CC's Lua files -> rom/apis/vector.lua'
[13Jan.2024 07:34:25.934] [ForkJoinPool-1-worker-1/INFO] [dan200.computercraft.core.ComputerTestDelegate/]: Starting 'cc.internal.syntax -> can parse all of CC's Lua files -> rom/programs/fun/dj.lua'
[13Jan.2024 07:34:25.936] [ComputerCraft-Coroutine-0/INFO] [dan200.computercraft.core.ComputerTestDelegate/]: 'cc.internal.syntax -> can parse all of CC's Lua files -> rom/programs/fun/dj.lua' finished with pass
[13Jan.2024 07:34:25.936] [ForkJoinPool-1-worker-1/INFO] [dan200.computercraft.core.ComputerTestDelegate/]: Finished 'cc.internal.syntax -> can parse all of CC's Lua files -> rom/programs/fun/dj.lua'
[13Jan.2024 07:34:25.936] [ForkJoinPool-1-worker-1/INFO] [dan200.computercraft.core.ComputerTestDelegate/]: Starting 'cc.internal.syntax -> can parse all of CC's Lua files -> rom/programs/list.lua'
[13Jan.2024 07:34:25.937] [ComputerCraft-Coroutine-0/INFO] [dan200.computercraft.core.ComputerTestDelegate/]: 'cc.internal.syntax -> can parse all of CC's Lua files -> rom/programs/list.lua' finished with pass
[13Jan.2024 07:34:25.937] [ForkJoinPool-1-worker-1/INFO] [dan200.computercraft.core.ComputerTestDelegate/]: Finished 'cc.internal.syntax -> can parse all of CC's Lua files -> rom/programs/list.lua'
[13Jan.2024 07:34:25.937] [ForkJoinPool-1-worker-1/INFO] [dan200.computercraft.core.ComputerTestDelegate/]: Starting 'cc.internal.syntax -> can parse all of CC's Lua files -> test-rom/spec/programs/redstone_spec.lua'
[13Jan.2024 07:34:25.938] [ComputerCraft-Coroutine-0/INFO] [dan200.computercraft.core.ComputerTestDelegate/]: 'cc.internal.syntax -> can parse all of CC's Lua files -> test-rom/spec/programs/redstone_spec.lua' finished with pass
[13Jan.2024 07:34:25.938] [ForkJoinPool-1-worker-1/INFO] [dan200.computercraft.core.ComputerTestDelegate/]: Finished 'cc.internal.syntax -> can parse all of CC's Lua files -> test-rom/spec/programs/redstone_spec.lua'
[13Jan.2024 07:34:25.938] [ForkJoinPool-1-worker-1/INFO] [dan200.computercraft.core.ComputerTestDelegate/]: Starting 'cc.internal.syntax -> can parse all of CC's Lua files -> rom/programs/fun/worm.lua'
[13Jan.2024 07:34:25.945] [ComputerCraft-Coroutine-0/INFO] [dan200.computercraft.core.ComputerTestDelegate/]: 'cc.internal.syntax -> can parse all of CC's Lua files -> rom/programs/fun/worm.lua' finished with pass
[13Jan.2024 07:34:25.945] [ForkJoinPool-1-worker-1/INFO] [dan200.computercraft.core.ComputerTestDelegate/]: Finished 'cc.internal.syntax -> can parse all of CC's Lua files -> rom/programs/fun/worm.lua'
[13Jan.2024 07:34:25.945] [ForkJoinPool-1-worker-1/INFO] [dan200.computercraft.core.ComputerTestDelegate/]: Starting 'cc.internal.syntax -> can parse all of CC's Lua files -> rom/programs/command/exec.lua'
[13Jan.2024 07:34:25.947] [ComputerCraft-Coroutine-0/INFO] [dan200.computercraft.core.ComputerTestDelegate/]: 'cc.internal.syntax -> can parse all of CC's Lua files -> rom/programs/command/exec.lua' finished with pass
[13Jan.2024 07:34:25.947] [ForkJoinPool-1-worker-1/INFO] [dan200.computercraft.core.ComputerTestDelegate/]: Finished 'cc.internal.syntax -> can parse all of CC's Lua files -> rom/programs/command/exec.lua'
[13Jan.2024 07:34:25.947] [ForkJoinPool-1-worker-1/INFO] [dan200.computercraft.core.ComputerTestDelegate/]: Starting 'cc.internal.syntax -> can parse all of CC's Lua files -> rom/apis/rednet.lua'
[13Jan.2024 07:34:25.954] [ComputerCraft-Coroutine-0/INFO] [dan200.computercraft.core.ComputerTestDelegate/]: 'cc.internal.syntax -> can parse all of CC's Lua files -> rom/apis/rednet.lua' finished with pass
[13Jan.2024 07:34:25.954] [ForkJoinPool-1-worker-1/INFO] [dan200.computercraft.core.ComputerTestDelegate/]: Finished 'cc.internal.syntax -> can parse all of CC's Lua files -> rom/apis/rednet.lua'
[13Jan.2024 07:34:25.954] [ForkJoinPool-1-worker-1/INFO] [dan200.computercraft.core.ComputerTestDelegate/]: Starting 'cc.internal.syntax -> can parse all of CC's Lua files -> test-rom/spec/support/debug_ext.lua'
[13Jan.2024 07:34:25.955] [ComputerCraft-Coroutine-0/INFO] [dan200.computercraft.core.ComputerTestDelegate/]: 'cc.internal.syntax -> can parse all of CC's Lua files -> test-rom/spec/support/debug_ext.lua' finished with pass
[13Jan.2024 07:34:25.955] [ForkJoinPool-1-worker-1/INFO] [dan200.computercraft.core.ComputerTestDelegate/]: Finished 'cc.internal.syntax -> can parse all of CC's Lua files -> test-rom/spec/support/debug_ext.lua'
[13Jan.2024 07:34:25.955] [ForkJoinPool-1-worker-1/INFO] [dan200.computercraft.core.ComputerTestDelegate/]: Starting 'cc.internal.syntax -> can parse all of CC's Lua files -> rom/apis/parallel.lua'
[13Jan.2024 07:34:25.958] [ComputerCraft-Coroutine-0/INFO] [dan200.computercraft.core.ComputerTestDelegate/]: 'cc.internal.syntax -> can parse all of CC's Lua files -> rom/apis/parallel.lua' finished with pass
[13Jan.2024 07:34:25.958] [ForkJoinPool-1-worker-1/INFO] [dan200.computercraft.core.ComputerTestDelegate/]: Finished 'cc.internal.syntax -> can parse all of CC's Lua files -> rom/apis/parallel.lua'
[13Jan.2024 07:34:25.958] [ForkJoinPool-1-worker-1/INFO] [dan200.computercraft.core.ComputerTestDelegate/]: Starting 'cc.internal.syntax -> can parse all of CC's Lua files -> rom/programs/monitor.lua'
[13Jan.2024 07:34:25.961] [ComputerCraft-Coroutine-0/INFO] [dan200.computercraft.core.ComputerTestDelegate/]: 'cc.internal.syntax -> can parse all of CC's Lua files -> rom/programs/monitor.lua' finished with pass
[13Jan.2024 07:34:25.961] [ForkJoinPool-1-worker-1/INFO] [dan200.computercraft.core.ComputerTestDelegate/]: Finished 'cc.internal.syntax -> can parse all of CC's Lua files -> rom/programs/monitor.lua'
[13Jan.2024 07:34:25.961] [ForkJoinPool-1-worker-1/INFO] [dan200.computercraft.core.ComputerTestDelegate/]: Starting 'cc.internal.syntax -> can parse all of CC's Lua files -> test-rom/spec/programs/fun/hello_spec.lua'
[13Jan.2024 07:34:25.962] [ComputerCraft-Coroutine-0/INFO] [dan200.computercraft.core.ComputerTestDelegate/]: 'cc.internal.syntax -> can parse all of CC's Lua files -> test-rom/spec/programs/fun/hello_spec.lua' finished with pass
[13Jan.2024 07:34:25.962] [ForkJoinPool-1-worker-1/INFO] [dan200.computercraft.core.ComputerTestDelegate/]: Finished 'cc.internal.syntax -> can parse all of CC's Lua files -> test-rom/spec/programs/fun/hello_spec.lua'
[13Jan.2024 07:34:25.962] [ForkJoinPool-1-worker-1/INFO] [dan200.computercraft.core.ComputerTestDelegate/]: Starting 'cc.internal.syntax -> can parse all of CC's Lua files -> rom/programs/apis.lua'
[13Jan.2024 07:34:25.963] [ComputerCraft-Coroutine-0/INFO] [dan200.computercraft.core.ComputerTestDelegate/]: 'cc.internal.syntax -> can parse all of CC's Lua files -> rom/programs/apis.lua' finished with pass
[13Jan.2024 07:34:25.963] [ForkJoinPool-1-worker-1/INFO] [dan200.computercraft.core.ComputerTestDelegate/]: Finished 'cc.internal.syntax -> can parse all of CC's Lua files -> rom/programs/apis.lua'
[13Jan.2024 07:34:25.963] [ForkJoinPool-1-worker-1/INFO] [dan200.computercraft.core.ComputerTestDelegate/]: Starting 'cc.internal.syntax -> can parse all of CC's Lua files -> test-rom/spec/programs/list_spec.lua'
[13Jan.2024 07:34:25.964] [ComputerCraft-Coroutine-0/INFO] [dan200.computercraft.core.ComputerTestDelegate/]: 'cc.internal.syntax -> can parse all of CC's Lua files -> test-rom/spec/programs/list_spec.lua' finished with pass
[13Jan.2024 07:34:25.964] [ForkJoinPool-1-worker-1/INFO] [dan200.computercraft.core.ComputerTestDelegate/]: Finished 'cc.internal.syntax -> can parse all of CC's Lua files -> test-rom/spec/programs/list_spec.lua'
[13Jan.2024 07:34:25.964] [ForkJoinPool-1-worker-1/INFO] [dan200.computercraft.core.ComputerTestDelegate/]: Starting 'cc.internal.syntax -> can parse all of CC's Lua files -> test-rom/spec/apis/peripheral_spec.lua'
[13Jan.2024 07:34:25.969] [ComputerCraft-Coroutine-0/INFO] [dan200.computercraft.core.ComputerTestDelegate/]: 'cc.internal.syntax -> can parse all of CC's Lua files -> test-rom/spec/apis/peripheral_spec.lua' finished with pass
[13Jan.2024 07:34:25.970] [ForkJoinPool-1-worker-1/INFO] [dan200.computercraft.core.ComputerTestDelegate/]: Finished 'cc.internal.syntax -> can parse all of CC's Lua files -> test-rom/spec/apis/peripheral_spec.lua'
[13Jan.2024 07:34:25.970] [ForkJoinPool-1-worker-1/INFO] [dan200.computercraft.core.ComputerTestDelegate/]: Starting 'cc.internal.syntax -> can parse all of CC's Lua files -> rom/programs/lua.lua'
[13Jan.2024 07:34:25.972] [ComputerCraft-Coroutine-0/INFO] [dan200.computercraft.core.ComputerTestDelegate/]: 'cc.internal.syntax -> can parse all of CC's Lua files -> rom/programs/lua.lua' finished with pass
[13Jan.2024 07:34:25.973] [ForkJoinPool-1-worker-1/INFO] [dan200.computercraft.core.ComputerTestDelegate/]: Finished 'cc.internal.syntax -> can parse all of CC's Lua files -> rom/programs/lua.lua'
[13Jan.2024 07:34:25.973] [ForkJoinPool-1-worker-1/INFO] [dan200.computercraft.core.ComputerTestDelegate/]: Starting 'cc.internal.syntax -> can parse all of CC's Lua files -> rom/programs/turtle/refuel.lua'
[13Jan.2024 07:34:25.974] [ComputerCraft-Coroutine-0/INFO] [dan200.computercraft.core.ComputerTestDelegate/]: 'cc.internal.syntax -> can parse all of CC's Lua files -> rom/programs/turtle/refuel.lua' finished with pass
[13Jan.2024 07:34:25.974] [ForkJoinPool-1-worker-1/INFO] [dan200.computercraft.core.ComputerTestDelegate/]: Finished 'cc.internal.syntax -> can parse all of CC's Lua files -> rom/programs/turtle/refuel.lua'
[13Jan.2024 07:34:25.974] [ForkJoinPool-1-worker-1/INFO] [dan200.computercraft.core.ComputerTestDelegate/]: Starting 'cc.internal.syntax -> can parse all of CC's Lua files -> rom/programs/fun/hello.lua'
[13Jan.2024 07:34:25.975] [ComputerCraft-Coroutine-0/INFO] [dan200.computercraft.core.ComputerTestDelegate/]: 'cc.internal.syntax -> can parse all of CC's Lua files -> rom/programs/fun/hello.lua' finished with pass
[13Jan.2024 07:34:25.975] [ForkJoinPool-1-worker-1/INFO] [dan200.computercraft.core.ComputerTestDelegate/]: Finished 'cc.internal.syntax -> can parse all of CC's Lua files -> rom/programs/fun/hello.lua'
[13Jan.2024 07:34:25.975] [ForkJoinPool-1-worker-1/INFO] [dan200.computercraft.core.ComputerTestDelegate/]: Starting 'cc.internal.syntax -> can parse all of CC's Lua files -> test-rom/spec/programs/turtle/refuel_spec.lua'
[13Jan.2024 07:34:25.977] [ComputerCraft-Coroutine-0/INFO] [dan200.computercraft.core.ComputerTestDelegate/]: 'cc.internal.syntax -> can parse all of CC's Lua files -> test-rom/spec/programs/turtle/refuel_spec.lua' finished with pass
[13Jan.2024 07:34:25.977] [ForkJoinPool-1-worker-1/INFO] [dan200.computercraft.core.ComputerTestDelegate/]: Finished 'cc.internal.syntax -> can parse all of CC's Lua files -> test-rom/spec/programs/turtle/refuel_spec.lua'
[13Jan.2024 07:34:25.978] [ForkJoinPool-1-worker-1/INFO] [dan200.computercraft.core.ComputerTestDelegate/]: Starting 'cc.internal.syntax -> can parse all of CC's Lua files -> rom/programs/id.lua'
[13Jan.2024 07:34:25.979] [ComputerCraft-Coroutine-0/INFO] [dan200.computercraft.core.ComputerTestDelegate/]: 'cc.internal.syntax -> can parse all of CC's Lua files -> rom/programs/id.lua' finished with pass
[13Jan.2024 07:34:25.979] [ForkJoinPool-1-worker-1/INFO] [dan200.computercraft.core.ComputerTestDelegate/]: Finished 'cc.internal.syntax -> can parse all of CC's Lua files -> rom/programs/id.lua'
[13Jan.2024 07:34:25.979] [ForkJoinPool-1-worker-1/INFO] [dan200.computercraft.core.ComputerTestDelegate/]: Starting 'cc.internal.syntax -> can parse all of CC's Lua files -> test-rom/spec/programs/turtle/equip_spec.lua'
[13Jan.2024 07:34:25.982] [ComputerCraft-Coroutine-0/INFO] [dan200.computercraft.core.ComputerTestDelegate/]: 'cc.internal.syntax -> can parse all of CC's Lua files -> test-rom/spec/programs/turtle/equip_spec.lua' finished with pass
[13Jan.2024 07:34:25.982] [ForkJoinPool-1-worker-1/INFO] [dan200.computercraft.core.ComputerTestDelegate/]: Finished 'cc.internal.syntax -> can parse all of CC's Lua files -> test-rom/spec/programs/turtle/equip_spec.lua'
[13Jan.2024 07:34:25.982] [ForkJoinPool-1-worker-1/INFO] [dan200.computercraft.core.ComputerTestDelegate/]: Starting 'cc.internal.syntax -> can parse all of CC's Lua files -> rom/apis/paintutils.lua'
[13Jan.2024 07:34:25.987] [ComputerCraft-Coroutine-0/INFO] [dan200.computercraft.core.ComputerTestDelegate/]: 'cc.internal.syntax -> can parse all of CC's Lua files -> rom/apis/paintutils.lua' finished with pass
[13Jan.2024 07:34:25.988] [ForkJoinPool-1-worker-1/INFO] [dan200.computercraft.core.ComputerTestDelegate/]: Finished 'cc.internal.syntax -> can parse all of CC's Lua files -> rom/apis/paintutils.lua'
[13Jan.2024 07:34:25.988] [ForkJoinPool-1-worker-1/INFO] [dan200.computercraft.core.ComputerTestDelegate/]: Starting 'cc.internal.syntax -> can parse all of CC's Lua files -> rom/programs/rename.lua'
[13Jan.2024 07:34:25.989] [ComputerCraft-Coroutine-0/INFO] [dan200.computercraft.core.ComputerTestDelegate/]: 'cc.internal.syntax -> can parse all of CC's Lua files -> rom/programs/rename.lua' finished with pass
[13Jan.2024 07:34:25.989] [ForkJoinPool-1-worker-1/INFO] [dan200.computercraft.core.ComputerTestDelegate/]: Finished 'cc.internal.syntax -> can parse all of CC's Lua files -> rom/programs/rename.lua'
[13Jan.2024 07:34:25.989] [ForkJoinPool-1-worker-1/INFO] [dan200.computercraft.core.ComputerTestDelegate/]: Starting 'cc.internal.syntax -> can parse all of CC's Lua files -> rom/programs/cd.lua'
[13Jan.2024 07:34:25.990] [ComputerCraft-Coroutine-0/INFO] [dan200.computercraft.core.ComputerTestDelegate/]: 'cc.internal.syntax -> can parse all of CC's Lua files -> rom/programs/cd.lua' finished with pass
[13Jan.2024 07:34:25.990] [ForkJoinPool-1-worker-1/INFO] [dan200.computercraft.core.ComputerTestDelegate/]: Finished 'cc.internal.syntax -> can parse all of CC's Lua files -> rom/programs/cd.lua'
[13Jan.2024 07:34:25.990] [ForkJoinPool-1-worker-1/INFO] [dan200.computercraft.core.ComputerTestDelegate/]: Starting 'cc.internal.syntax -> can parse all of CC's Lua files -> rom/programs/fun/advanced/redirection.lua'
[13Jan.2024 07:34:26.007] [ComputerCraft-Coroutine-0/INFO] [dan200.computercraft.core.ComputerTestDelegate/]: 'cc.internal.syntax -> can parse all of CC's Lua files -> rom/programs/fun/advanced/redirection.lua' finished with pass
[13Jan.2024 07:34:26.007] [ForkJoinPool-1-worker-1/INFO] [dan200.computercraft.core.ComputerTestDelegate/]: Finished 'cc.internal.syntax -> can parse all of CC's Lua files -> rom/programs/fun/advanced/redirection.lua'
[13Jan.2024 07:34:26.007] [ForkJoinPool-1-worker-1/INFO] [dan200.computercraft.core.ComputerTestDelegate/]: Starting 'cc.internal.syntax -> can parse all of CC's Lua files -> test-rom/spec/programs/import_spec.lua'
[13Jan.2024 07:34:26.009] [ComputerCraft-Coroutine-0/INFO] [dan200.computercraft.core.ComputerTestDelegate/]: 'cc.internal.syntax -> can parse all of CC's Lua files -> test-rom/spec/programs/import_spec.lua' finished with pass
[13Jan.2024 07:34:26.009] [ForkJoinPool-1-worker-1/INFO] [dan200.computercraft.core.ComputerTestDelegate/]: Finished 'cc.internal.syntax -> can parse all of CC's Lua files -> test-rom/spec/programs/import_spec.lua'
[13Jan.2024 07:34:26.009] [ForkJoinPool-1-worker-1/INFO] [dan200.computercraft.core.ComputerTestDelegate/]: Starting 'cc.internal.syntax -> can parse all of CC's Lua files -> test-rom/spec/apis/term_spec.lua'
[13Jan.2024 07:34:26.010] [ComputerCraft-Coroutine-0/INFO] [dan200.computercraft.core.ComputerTestDelegate/]: 'cc.internal.syntax -> can parse all of CC's Lua files -> test-rom/spec/apis/term_spec.lua' finished with pass
[13Jan.2024 07:34:26.010] [ForkJoinPool-1-worker-1/INFO] [dan200.computercraft.core.ComputerTestDelegate/]: Finished 'cc.internal.syntax -> can parse all of CC's Lua files -> test-rom/spec/apis/term_spec.lua'
[13Jan.2024 07:34:26.010] [ForkJoinPool-1-worker-1/INFO] [dan200.computercraft.core.ComputerTestDelegate/]: Starting 'cc.internal.syntax -> can parse all of CC's Lua files -> rom/apis/io.lua'
[13Jan.2024 07:34:26.017] [ComputerCraft-Coroutine-0/INFO] [dan200.computercraft.core.ComputerTestDelegate/]: 'cc.internal.syntax -> can parse all of CC's Lua files -> rom/apis/io.lua' finished with pass
[13Jan.2024 07:34:26.017] [ForkJoinPool-1-worker-1/INFO] [dan200.computercraft.core.ComputerTestDelegate/]: Finished 'cc.internal.syntax -> can parse all of CC's Lua files -> rom/apis/io.lua'
[13Jan.2024 07:34:26.017] [ForkJoinPool-1-worker-1/INFO] [dan200.computercraft.core.ComputerTestDelegate/]: Starting 'cc.internal.syntax -> can parse all of CC's Lua files -> test-rom/spec/programs/delete_spec.lua'
[13Jan.2024 07:34:26.019] [ComputerCraft-Coroutine-0/INFO] [dan200.computercraft.core.ComputerTestDelegate/]: 'cc.internal.syntax -> can parse all of CC's Lua files -> test-rom/spec/programs/delete_spec.lua' finished with pass
[13Jan.2024 07:34:26.020] [ForkJoinPool-1-worker-1/INFO] [dan200.computercraft.core.ComputerTestDelegate/]: Finished 'cc.internal.syntax -> can parse all of CC's Lua files -> test-rom/spec/programs/delete_spec.lua'
[13Jan.2024 07:34:26.020] [ForkJoinPool-1-worker-1/INFO] [dan200.computercraft.core.ComputerTestDelegate/]: Starting 'cc.internal.syntax -> can parse all of CC's Lua files -> rom/programs/rednet/chat.lua'
[13Jan.2024 07:34:26.029] [ComputerCraft-Coroutine-0/INFO] [dan200.computercraft.core.ComputerTestDelegate/]: 'cc.internal.syntax -> can parse all of CC's Lua files -> rom/programs/rednet/chat.lua' finished with pass
[13Jan.2024 07:34:26.029] [ForkJoinPool-1-worker-1/INFO] [dan200.computercraft.core.ComputerTestDelegate/]: Finished 'cc.internal.syntax -> can parse all of CC's Lua files -> rom/programs/rednet/chat.lua'
[13Jan.2024 07:34:26.029] [ForkJoinPool-1-worker-1/INFO] [dan200.computercraft.core.ComputerTestDelegate/]: Starting 'cc.internal.syntax -> can parse all of CC's Lua files -> rom/programs/turtle/excavate.lua'
[13Jan.2024 07:34:26.035] [ComputerCraft-Coroutine-0/INFO] [dan200.computercraft.core.ComputerTestDelegate/]: 'cc.internal.syntax -> can parse all of CC's Lua files -> rom/programs/turtle/excavate.lua' finished with pass
[13Jan.2024 07:34:26.035] [ForkJoinPool-1-worker-1/INFO] [dan200.computercraft.core.ComputerTestDelegate/]: Finished 'cc.internal.syntax -> can parse all of CC's Lua files -> rom/programs/turtle/excavate.lua'
[13Jan.2024 07:34:26.035] [ForkJoinPool-1-worker-1/INFO] [dan200.computercraft.core.ComputerTestDelegate/]: Starting 'cc.internal.syntax -> can parse all of CC's Lua files -> rom/apis/gps.lua'
[13Jan.2024 07:34:26.040] [ComputerCraft-Coroutine-0/INFO] [dan200.computercraft.core.ComputerTestDelegate/]: 'cc.internal.syntax -> can parse all of CC's Lua files -> rom/apis/gps.lua' finished with pass
[13Jan.2024 07:34:26.040] [ForkJoinPool-1-worker-1/INFO] [dan200.computercraft.core.ComputerTestDelegate/]: Finished 'cc.internal.syntax -> can parse all of CC's Lua files -> rom/apis/gps.lua'
[13Jan.2024 07:34:26.040] [ForkJoinPool-1-worker-1/INFO] [dan200.computercraft.core.ComputerTestDelegate/]: Starting 'cc.internal.syntax -> can parse all of CC's Lua files -> test-rom/data/dump-args.lua'
[13Jan.2024 07:34:26.041] [ComputerCraft-Coroutine-0/INFO] [dan200.computercraft.core.ComputerTestDelegate/]: 'cc.internal.syntax -> can parse all of CC's Lua files -> test-rom/data/dump-args.lua' finished with pass
[13Jan.2024 07:34:26.041] [ForkJoinPool-1-worker-1/INFO] [dan200.computercraft.core.ComputerTestDelegate/]: Finished 'cc.internal.syntax -> can parse all of CC's Lua files -> test-rom/data/dump-args.lua'
[13Jan.2024 07:34:26.041] [ForkJoinPool-1-worker-1/INFO] [dan200.computercraft.core.ComputerTestDelegate/]: Starting 'cc.internal.syntax -> can parse all of CC's Lua files -> test-rom/spec/test_helpers.lua'
[13Jan.2024 07:34:26.045] [ComputerCraft-Coroutine-0/INFO] [dan200.computercraft.core.ComputerTestDelegate/]: 'cc.internal.syntax -> can parse all of CC's Lua files -> test-rom/spec/test_helpers.lua' finished with pass
[13Jan.2024 07:34:26.045] [ForkJoinPool-1-worker-1/INFO] [dan200.computercraft.core.ComputerTestDelegate/]: Finished 'cc.internal.syntax -> can parse all of CC's Lua files -> test-rom/spec/test_helpers.lua'
[13Jan.2024 07:34:26.045] [ForkJoinPool-1-worker-1/INFO] [dan200.computercraft.core.ComputerTestDelegate/]: Starting 'cc.internal.syntax -> can parse all of CC's Lua files -> test-rom/data/json-parsing/skip.lua'
[13Jan.2024 07:34:26.046] [ComputerCraft-Coroutine-0/INFO] [dan200.computercraft.core.ComputerTestDelegate/]: 'cc.internal.syntax -> can parse all of CC's Lua files -> test-rom/data/json-parsing/skip.lua' finished with pass
[13Jan.2024 07:34:26.046] [ForkJoinPool-1-worker-1/INFO] [dan200.computercraft.core.ComputerTestDelegate/]: Finished 'cc.internal.syntax -> can parse all of CC's Lua files -> test-rom/data/json-parsing/skip.lua'
[13Jan.2024 07:34:26.046] [ForkJoinPool-1-worker-1/INFO] [dan200.computercraft.core.ComputerTestDelegate/]: Starting 'cc.internal.syntax -> can parse all of CC's Lua files -> rom/programs/peripherals.lua'
[13Jan.2024 07:34:26.047] [ComputerCraft-Coroutine-0/INFO] [dan200.computercraft.core.ComputerTestDelegate/]: 'cc.internal.syntax -> can parse all of CC's Lua files -> rom/programs/peripherals.lua' finished with pass
[13Jan.2024 07:34:26.047] [ForkJoinPool-1-worker-1/INFO] [dan200.computercraft.core.ComputerTestDelegate/]: Finished 'cc.internal.syntax -> can parse all of CC's Lua files -> rom/programs/peripherals.lua'
[13Jan.2024 07:34:26.047] [ForkJoinPool-1-worker-1/INFO] [dan200.computercraft.core.ComputerTestDelegate/]: Starting 'cc.internal.syntax -> can parse all of CC's Lua files -> test-rom/spec/programs/shutdown_spec.lua'
[13Jan.2024 07:34:26.048] [ComputerCraft-Coroutine-0/INFO] [dan200.computercraft.core.ComputerTestDelegate/]: 'cc.internal.syntax -> can parse all of CC's Lua files -> test-rom/spec/programs/shutdown_spec.lua' finished with pass
[13Jan.2024 07:34:26.048] [ForkJoinPool-1-worker-1/INFO] [dan200.computercraft.core.ComputerTestDelegate/]: Finished 'cc.internal.syntax -> can parse all of CC's Lua files -> test-rom/spec/programs/shutdown_spec.lua'
[13Jan.2024 07:34:26.048] [ForkJoinPool-1-worker-1/INFO] [dan200.computercraft.core.ComputerTestDelegate/]: Starting 'cc.internal.syntax -> can parse all of CC's Lua files -> test-rom/spec/apis/help_spec.lua'
[13Jan.2024 07:34:26.049] [ComputerCraft-Coroutine-0/INFO] [dan200.computercraft.core.ComputerTestDelegate/]: 'cc.internal.syntax -> can parse all of CC's Lua files -> test-rom/spec/apis/help_spec.lua' finished with pass
[13Jan.2024 07:34:26.049] [ForkJoinPool-1-worker-1/INFO] [dan200.computercraft.core.ComputerTestDelegate/]: Finished 'cc.internal.syntax -> can parse all of CC's Lua files -> test-rom/spec/apis/help_spec.lua'
[13Jan.2024 07:34:26.049] [ForkJoinPool-1-worker-1/INFO] [dan200.computercraft.core.ComputerTestDelegate/]: Starting 'cc.internal.syntax -> can parse all of CC's Lua files -> rom/programs/drive.lua'
[13Jan.2024 07:34:26.050] [ComputerCraft-Coroutine-0/INFO] [dan200.computercraft.core.ComputerTestDelegate/]: 'cc.internal.syntax -> can parse all of CC's Lua files -> rom/programs/drive.lua' finished with pass
[13Jan.2024 07:34:26.050] [ForkJoinPool-1-worker-1/INFO] [dan200.computercraft.core.ComputerTestDelegate/]: Finished 'cc.internal.syntax -> can parse all of CC's Lua files -> rom/programs/drive.lua'
[13Jan.2024 07:34:26.051] [ForkJoinPool-1-worker-1/INFO] [dan200.computercraft.core.ComputerTestDelegate/]: Starting 'cc.internal.syntax -> can parse all of CC's Lua files -> rom/programs/clear.lua'
[13Jan.2024 07:34:26.052] [ComputerCraft-Coroutine-0/INFO] [dan200.computercraft.core.ComputerTestDelegate/]: 'cc.internal.syntax -> can parse all of CC's Lua files -> rom/programs/clear.lua' finished with pass
[13Jan.2024 07:34:26.052] [ForkJoinPool-1-worker-1/INFO] [dan200.computercraft.core.ComputerTestDelegate/]: Finished 'cc.internal.syntax -> can parse all of CC's Lua files -> rom/programs/clear.lua'
[13Jan.2024 07:34:26.054] [ForkJoinPool-1-worker-1/INFO] [dan200.computercraft.core.ComputerTestDelegate/]: Starting 'cc.internal.syntax -> can parse all of CC's Lua files -> test-rom/spec/programs/reboot_spec.lua'
[13Jan.2024 07:34:26.055] [ComputerCraft-Coroutine-0/INFO] [dan200.computercraft.core.ComputerTestDelegate/]: 'cc.internal.syntax -> can parse all of CC's Lua files -> test-rom/spec/programs/reboot_spec.lua' finished with pass
[13Jan.2024 07:34:26.055] [ForkJoinPool-1-worker-1/INFO] [dan200.computercraft.core.ComputerTestDelegate/]: Finished 'cc.internal.syntax -> can parse all of CC's Lua files -> test-rom/spec/programs/reboot_spec.lua'
[13Jan.2024 07:34:26.055] [ForkJoinPool-1-worker-1/INFO] [dan200.computercraft.core.ComputerTestDelegate/]: Starting 'cc.internal.syntax -> can parse all of CC's Lua files -> rom/programs/help.lua'
[13Jan.2024 07:34:26.062] [ComputerCraft-Coroutine-0/INFO] [dan200.computercraft.core.ComputerTestDelegate/]: 'cc.internal.syntax -> can parse all of CC's Lua files -> rom/programs/help.lua' finished with pass
[13Jan.2024 07:34:26.062] [ForkJoinPool-1-worker-1/INFO] [dan200.computercraft.core.ComputerTestDelegate/]: Finished 'cc.internal.syntax -> can parse all of CC's Lua files -> rom/programs/help.lua'
[13Jan.2024 07:34:26.062] [ForkJoinPool-1-worker-1/INFO] [dan200.computercraft.core.ComputerTestDelegate/]: Starting 'cc.internal.syntax -> can parse all of CC's Lua files -> test-rom/spec/programs/pocket/unequip_spec.lua'
[13Jan.2024 07:34:26.063] [ComputerCraft-Coroutine-0/INFO] [dan200.computercraft.core.ComputerTestDelegate/]: 'cc.internal.syntax -> can parse all of CC's Lua files -> test-rom/spec/programs/pocket/unequip_spec.lua' finished with pass
[13Jan.2024 07:34:26.063] [ForkJoinPool-1-worker-1/INFO] [dan200.computercraft.core.ComputerTestDelegate/]: Finished 'cc.internal.syntax -> can parse all of CC's Lua files -> test-rom/spec/programs/pocket/unequip_spec.lua'
[13Jan.2024 07:34:26.063] [ForkJoinPool-1-worker-1/INFO] [dan200.computercraft.core.ComputerTestDelegate/]: Starting 'cc.internal.syntax -> can parse all of CC's Lua files -> rom/modules/main/cc/audio/dfpwm.lua'
[13Jan.2024 07:34:26.067] [ComputerCraft-Coroutine-0/INFO] [dan200.computercraft.core.ComputerTestDelegate/]: 'cc.internal.syntax -> can parse all of CC's Lua files -> rom/modules/main/cc/audio/dfpwm.lua' finished with pass
[13Jan.2024 07:34:26.067] [ForkJoinPool-1-worker-1/INFO] [dan200.computercraft.core.ComputerTestDelegate/]: Finished 'cc.internal.syntax -> can parse all of CC's Lua files -> rom/modules/main/cc/audio/dfpwm.lua'
[13Jan.2024 07:34:26.067] [ForkJoinPool-1-worker-1/INFO] [dan200.computercraft.core.ComputerTestDelegate/]: Starting 'cc.internal.syntax -> can parse all of CC's Lua files -> rom/modules/main/cc/internal/syntax/init.lua'
[13Jan.2024 07:34:26.071] [ComputerCraft-Coroutine-0/INFO] [dan200.computercraft.core.ComputerTestDelegate/]: 'cc.internal.syntax -> can parse all of CC's Lua files -> rom/modules/main/cc/internal/syntax/init.lua' finished with pass
[13Jan.2024 07:34:26.071] [ForkJoinPool-1-worker-1/INFO] [dan200.computercraft.core.ComputerTestDelegate/]: Finished 'cc.internal.syntax -> can parse all of CC's Lua files -> rom/modules/main/cc/internal/syntax/init.lua'
[13Jan.2024 07:34:26.071] [ForkJoinPool-1-worker-1/INFO] [dan200.computercraft.core.ComputerTestDelegate/]: Starting 'cc.internal.syntax -> can parse all of CC's Lua files -> test-rom/spec/apis/colors_spec.lua'
[13Jan.2024 07:34:26.074] [ComputerCraft-Coroutine-0/INFO] [dan200.computercraft.core.ComputerTestDelegate/]: 'cc.internal.syntax -> can parse all of CC's Lua files -> test-rom/spec/apis/colors_spec.lua' finished with pass
[13Jan.2024 07:34:26.075] [ForkJoinPool-1-worker-1/INFO] [dan200.computercraft.core.ComputerTestDelegate/]: Finished 'cc.internal.syntax -> can parse all of CC's Lua files -> test-rom/spec/apis/colors_spec.lua'
[13Jan.2024 07:34:26.075] [ForkJoinPool-1-worker-1/INFO] [dan200.computercraft.core.ComputerTestDelegate/]: Starting 'cc.internal.syntax -> can parse all of CC's Lua files -> test-rom/spec/modules/cc/shell/completion_spec.lua'
[13Jan.2024 07:34:26.077] [ComputerCraft-Coroutine-0/INFO] [dan200.computercraft.core.ComputerTestDelegate/]: 'cc.internal.syntax -> can parse all of CC's Lua files -> test-rom/spec/modules/cc/shell/completion_spec.lua' finished with pass
[13Jan.2024 07:34:26.077] [ForkJoinPool-1-worker-1/INFO] [dan200.computercraft.core.ComputerTestDelegate/]: Finished 'cc.internal.syntax -> can parse all of CC's Lua files -> test-rom/spec/modules/cc/shell/completion_spec.lua'
[13Jan.2024 07:34:26.077] [ForkJoinPool-1-worker-1/INFO] [dan200.computercraft.core.ComputerTestDelegate/]: Starting 'cc.internal.syntax -> can parse all of CC's Lua files -> test-rom/mcfly.lua'
[13Jan.2024 07:34:26.092] [ComputerCraft-Coroutine-0/INFO] [dan200.computercraft.core.ComputerTestDelegate/]: 'cc.internal.syntax -> can parse all of CC's Lua files -> test-rom/mcfly.lua' finished with pass
[13Jan.2024 07:34:26.092] [ForkJoinPool-1-worker-1/INFO] [dan200.computercraft.core.ComputerTestDelegate/]: Finished 'cc.internal.syntax -> can parse all of CC's Lua files -> test-rom/mcfly.lua'
[13Jan.2024 07:34:26.092] [ForkJoinPool-1-worker-1/INFO] [dan200.computercraft.core.ComputerTestDelegate/]: Starting 'cc.internal.syntax -> can parse all of CC's Lua files -> rom/programs/advanced/fg.lua'
[13Jan.2024 07:34:26.093] [ComputerCraft-Coroutine-0/INFO] [dan200.computercraft.core.ComputerTestDelegate/]: 'cc.internal.syntax -> can parse all of CC's Lua files -> rom/programs/advanced/fg.lua' finished with pass
[13Jan.2024 07:34:26.093] [ForkJoinPool-1-worker-1/INFO] [dan200.computercraft.core.ComputerTestDelegate/]: Finished 'cc.internal.syntax -> can parse all of CC's Lua files -> rom/programs/advanced/fg.lua'
[13Jan.2024 07:34:26.093] [ForkJoinPool-1-worker-1/INFO] [dan200.computercraft.core.ComputerTestDelegate/]: Starting 'cc.internal.syntax -> can parse all of CC's Lua files -> rom/programs/pocket/unequip.lua'
[13Jan.2024 07:34:26.094] [ComputerCraft-Coroutine-0/INFO] [dan200.computercraft.core.ComputerTestDelegate/]: 'cc.internal.syntax -> can parse all of CC's Lua files -> rom/programs/pocket/unequip.lua' finished with pass
[13Jan.2024 07:34:26.094] [ForkJoinPool-1-worker-1/INFO] [dan200.computercraft.core.ComputerTestDelegate/]: Finished 'cc.internal.syntax -> can parse all of CC's Lua files -> rom/programs/pocket/unequip.lua'
[13Jan.2024 07:34:26.094] [ForkJoinPool-1-worker-1/INFO] [dan200.computercraft.core.ComputerTestDelegate/]: Starting 'cc.internal.syntax -> can parse all of CC's Lua files -> rom/modules/main/cc/image/nft.lua'
[13Jan.2024 07:34:26.097] [ComputerCraft-Coroutine-0/INFO] [dan200.computercraft.core.ComputerTestDelegate/]: 'cc.internal.syntax -> can parse all of CC's Lua files -> rom/modules/main/cc/image/nft.lua' finished with pass
[13Jan.2024 07:34:26.097] [ForkJoinPool-1-worker-1/INFO] [dan200.computercraft.core.ComputerTestDelegate/]: Finished 'cc.internal.syntax -> can parse all of CC's Lua files -> rom/modules/main/cc/image/nft.lua'
[13Jan.2024 07:34:26.097] [ForkJoinPool-1-worker-1/INFO] [dan200.computercraft.core.ComputerTestDelegate/]: Starting 'cc.internal.syntax -> can parse all of CC's Lua files -> rom/programs/rednet/repeat.lua'
[13Jan.2024 07:34:26.099] [ComputerCraft-Coroutine-0/INFO] [dan200.computercraft.core.ComputerTestDelegate/]: 'cc.internal.syntax -> can parse all of CC's Lua files -> rom/programs/rednet/repeat.lua' finished with pass
[13Jan.2024 07:34:26.099] [ForkJoinPool-1-worker-1/INFO] [dan200.computercraft.core.ComputerTestDelegate/]: Finished 'cc.internal.syntax -> can parse all of CC's Lua files -> rom/programs/rednet/repeat.lua'
[13Jan.2024 07:34:26.099] [ForkJoinPool-1-worker-1/INFO] [dan200.computercraft.core.ComputerTestDelegate/]: Starting 'cc.internal.syntax -> can parse all of CC's Lua files -> test-rom/spec/programs/move_spec.lua'
[13Jan.2024 07:34:26.102] [ComputerCraft-Coroutine-0/INFO] [dan200.computercraft.core.ComputerTestDelegate/]: 'cc.internal.syntax -> can parse all of CC's Lua files -> test-rom/spec/programs/move_spec.lua' finished with pass
[13Jan.2024 07:34:26.102] [ForkJoinPool-1-worker-1/INFO] [dan200.computercraft.core.ComputerTestDelegate/]: Finished 'cc.internal.syntax -> can parse all of CC's Lua files -> test-rom/spec/programs/move_spec.lua'
[13Jan.2024 07:34:26.102] [ForkJoinPool-1-worker-1/INFO] [dan200.computercraft.core.ComputerTestDelegate/]: Starting 'cc.internal.syntax -> can parse all of CC's Lua files -> rom/programs/http/pastebin.lua'
[13Jan.2024 07:34:26.105] [ComputerCraft-Coroutine-0/INFO] [dan200.computercraft.core.ComputerTestDelegate/]: 'cc.internal.syntax -> can parse all of CC's Lua files -> rom/programs/http/pastebin.lua' finished with pass
[13Jan.2024 07:34:26.105] [ForkJoinPool-1-worker-1/INFO] [dan200.computercraft.core.ComputerTestDelegate/]: Finished 'cc.internal.syntax -> can parse all of CC's Lua files -> rom/programs/http/pastebin.lua'
[13Jan.2024 07:34:26.106] [ForkJoinPool-1-worker-1/INFO] [dan200.computercraft.core.ComputerTestDelegate/]: Starting 'cc.internal.syntax -> can parse all of CC's Lua files -> rom/programs/turtle/turn.lua'
[13Jan.2024 07:34:26.107] [ComputerCraft-Coroutine-0/INFO] [dan200.computercraft.core.ComputerTestDelegate/]: 'cc.internal.syntax -> can parse all of CC's Lua files -> rom/programs/turtle/turn.lua' finished with pass
[13Jan.2024 07:34:26.107] [ForkJoinPool-1-worker-1/INFO] [dan200.computercraft.core.ComputerTestDelegate/]: Finished 'cc.internal.syntax -> can parse all of CC's Lua files -> rom/programs/turtle/turn.lua'
[13Jan.2024 07:34:26.107] [ForkJoinPool-1-worker-1/INFO] [dan200.computercraft.core.ComputerTestDelegate/]: Starting 'cc.internal.syntax -> can parse all of CC's Lua files -> test-rom/spec/apis/io_spec.lua'
[13Jan.2024 07:34:26.117] [ComputerCraft-Coroutine-0/INFO] [dan200.computercraft.core.ComputerTestDelegate/]: 'cc.internal.syntax -> can parse all of CC's Lua files -> test-rom/spec/apis/io_spec.lua' finished with pass
[13Jan.2024 07:34:26.117] [ForkJoinPool-1-worker-1/INFO] [dan200.computercraft.core.ComputerTestDelegate/]: Finished 'cc.internal.syntax -> can parse all of CC's Lua files -> test-rom/spec/apis/io_spec.lua'
[13Jan.2024 07:34:26.118] [ForkJoinPool-1-worker-1/INFO] [dan200.computercraft.core.ComputerTestDelegate/]: Starting 'cc.internal.syntax -> can parse all of CC's Lua files -> rom/apis/colours.lua'
[13Jan.2024 07:34:26.119] [ComputerCraft-Coroutine-0/INFO] [dan200.computercraft.core.ComputerTestDelegate/]: 'cc.internal.syntax -> can parse all of CC's Lua files -> rom/apis/colours.lua' finished with pass
[13Jan.2024 07:34:26.119] [ForkJoinPool-1-worker-1/INFO] [dan200.computercraft.core.ComputerTestDelegate/]: Finished 'cc.internal.syntax -> can parse all of CC's Lua files -> rom/apis/colours.lua'
[13Jan.2024 07:34:26.120] [ForkJoinPool-1-worker-1/INFO] [dan200.computercraft.core.ComputerTestDelegate/]: Starting 'cc.internal.syntax -> can parse all of CC's Lua files -> test-rom/spec/apis/parallel_spec.lua'
[13Jan.2024 07:34:26.123] [ComputerCraft-Coroutine-0/INFO] [dan200.computercraft.core.ComputerTestDelegate/]: 'cc.internal.syntax -> can parse all of CC's Lua files -> test-rom/spec/apis/parallel_spec.lua' finished with pass
[13Jan.2024 07:34:26.123] [ForkJoinPool-1-worker-1/INFO] [dan200.computercraft.core.ComputerTestDelegate/]: Finished 'cc.internal.syntax -> can parse all of CC's Lua files -> test-rom/spec/apis/parallel_spec.lua'
[13Jan.2024 07:34:26.123] [ForkJoinPool-1-worker-1/INFO] [dan200.computercraft.core.ComputerTestDelegate/]: Starting 'cc.internal.syntax -> can parse all of CC's Lua files -> rom/programs/edit.lua'
[13Jan.2024 07:34:26.140] [ComputerCraft-Coroutine-0/INFO] [dan200.computercraft.core.ComputerTestDelegate/]: 'cc.internal.syntax -> can parse all of CC's Lua files -> rom/programs/edit.lua' finished with pass
[13Jan.2024 07:34:26.140] [ForkJoinPool-1-worker-1/INFO] [dan200.computercraft.core.ComputerTestDelegate/]: Finished 'cc.internal.syntax -> can parse all of CC's Lua files -> rom/programs/edit.lua'
[13Jan.2024 07:34:26.140] [ForkJoinPool-1-worker-1/INFO] [dan200.computercraft.core.ComputerTestDelegate/]: Starting 'cc.internal.syntax -> can parse all of CC's Lua files -> test-rom/spec/programs/http/wget_spec.lua'
[13Jan.2024 07:34:26.142] [ComputerCraft-Coroutine-0/INFO] [dan200.computercraft.core.ComputerTestDelegate/]: 'cc.internal.syntax -> can parse all of CC's Lua files -> test-rom/spec/programs/http/wget_spec.lua' finished with pass
[13Jan.2024 07:34:26.142] [ForkJoinPool-1-worker-1/INFO] [dan200.computercraft.core.ComputerTestDelegate/]: Finished 'cc.internal.syntax -> can parse all of CC's Lua files -> test-rom/spec/programs/http/wget_spec.lua'
[13Jan.2024 07:34:26.143] [ForkJoinPool-1-worker-1/INFO] [dan200.computercraft.core.ComputerTestDelegate/]: Starting 'cc.internal.syntax -> can parse all of CC's Lua files -> rom/programs/redstone.lua'
[13Jan.2024 07:34:26.146] [ComputerCraft-Coroutine-0/INFO] [dan200.computercraft.core.ComputerTestDelegate/]: 'cc.internal.syntax -> can parse all of CC's Lua files -> rom/programs/redstone.lua' finished with pass
[13Jan.2024 07:34:26.146] [ForkJoinPool-1-worker-1/INFO] [dan200.computercraft.core.ComputerTestDelegate/]: Finished 'cc.internal.syntax -> can parse all of CC's Lua files -> rom/programs/redstone.lua'
[13Jan.2024 07:34:26.146] [ForkJoinPool-1-worker-1/INFO] [dan200.computercraft.core.ComputerTestDelegate/]: Starting 'cc.internal.syntax -> can parse all of CC's Lua files -> rom/programs/fun/adventure.lua'
[13Jan.2024 07:34:26.171] [ComputerCraft-Coroutine-0/INFO] [dan200.computercraft.core.ComputerTestDelegate/]: 'cc.internal.syntax -> can parse all of CC's Lua files -> rom/programs/fun/adventure.lua' finished with pass
[13Jan.2024 07:34:26.171] [ForkJoinPool-1-worker-1/INFO] [dan200.computercraft.core.ComputerTestDelegate/]: Finished 'cc.internal.syntax -> can parse all of CC's Lua files -> rom/programs/fun/adventure.lua'
[13Jan.2024 07:34:26.171] [ForkJoinPool-1-worker-1/INFO] [dan200.computercraft.core.ComputerTestDelegate/]: Starting 'cc.internal.syntax -> can parse all of CC's Lua files -> startup.lua'
[13Jan.2024 07:34:26.172] [ComputerCraft-Coroutine-0/INFO] [dan200.computercraft.core.ComputerTestDelegate/]: 'cc.internal.syntax -> can parse all of CC's Lua files -> startup.lua' finished with pass
[13Jan.2024 07:34:26.172] [ForkJoinPool-1-worker-1/INFO] [dan200.computercraft.core.ComputerTestDelegate/]: Finished 'cc.internal.syntax -> can parse all of CC's Lua files -> startup.lua'
[13Jan.2024 07:34:26.172] [ForkJoinPool-1-worker-1/INFO] [dan200.computercraft.core.ComputerTestDelegate/]: Starting 'cc.internal.syntax -> can parse all of CC's Lua files -> rom/programs/turtle/dance.lua'
[13Jan.2024 07:34:26.175] [ComputerCraft-Coroutine-0/INFO] [dan200.computercraft.core.ComputerTestDelegate/]: 'cc.internal.syntax -> can parse all of CC's Lua files -> rom/programs/turtle/dance.lua' finished with pass
[13Jan.2024 07:34:26.175] [ForkJoinPool-1-worker-1/INFO] [dan200.computercraft.core.ComputerTestDelegate/]: Finished 'cc.internal.syntax -> can parse all of CC's Lua files -> rom/programs/turtle/dance.lua'
[13Jan.2024 07:34:26.175] [ForkJoinPool-1-worker-1/INFO] [dan200.computercraft.core.ComputerTestDelegate/]: Starting 'cc.internal.syntax -> can parse all of CC's Lua files -> test-rom/spec/modules/cc/internal/syntax/syntax_helpers.lua'
[13Jan.2024 07:34:26.180] [ComputerCraft-Coroutine-0/INFO] [dan200.computercraft.core.ComputerTestDelegate/]: 'cc.internal.syntax -> can parse all of CC's Lua files -> test-rom/spec/modules/cc/internal/syntax/syntax_helpers.lua' finished with pass
[13Jan.2024 07:34:26.180] [ForkJoinPool-1-worker-1/INFO] [dan200.computercraft.core.ComputerTestDelegate/]: Finished 'cc.internal.syntax -> can parse all of CC's Lua files -> test-rom/spec/modules/cc/internal/syntax/syntax_helpers.lua'
[13Jan.2024 07:34:26.180] [ForkJoinPool-1-worker-1/INFO] [dan200.computercraft.core.ComputerTestDelegate/]: Starting 'cc.internal.syntax -> can parse all of CC's Lua files -> rom/programs/about.lua'
[13Jan.2024 07:34:26.181] [ComputerCraft-Coroutine-0/INFO] [dan200.computercraft.core.ComputerTestDelegate/]: 'cc.internal.syntax -> can parse all of CC's Lua files -> rom/programs/about.lua' finished with pass
[13Jan.2024 07:34:26.181] [ForkJoinPool-1-worker-1/INFO] [dan200.computercraft.core.ComputerTestDelegate/]: Finished 'cc.internal.syntax -> can parse all of CC's Lua files -> rom/programs/about.lua'
[13Jan.2024 07:34:26.181] [ForkJoinPool-1-worker-1/INFO] [dan200.computercraft.core.ComputerTestDelegate/]: Starting 'cc.internal.syntax -> can parse all of CC's Lua files -> rom/apis/textutils.lua'
[13Jan.2024 07:34:26.199] [ComputerCraft-Coroutine-0/INFO] [dan200.computercraft.core.ComputerTestDelegate/]: 'cc.internal.syntax -> can parse all of CC's Lua files -> rom/apis/textutils.lua' finished with pass
[13Jan.2024 07:34:26.199] [ForkJoinPool-1-worker-1/INFO] [dan200.computercraft.core.ComputerTestDelegate/]: Finished 'cc.internal.syntax -> can parse all of CC's Lua files -> rom/apis/textutils.lua'
[13Jan.2024 07:34:26.200] [ForkJoinPool-1-worker-1/INFO] [dan200.computercraft.core.ComputerTestDelegate/]: Starting 'cc.internal.syntax -> can parse all of CC's Lua files -> rom/programs/gps.lua'
[13Jan.2024 07:34:26.202] [ComputerCraft-Coroutine-0/INFO] [dan200.computercraft.core.ComputerTestDelegate/]: 'cc.internal.syntax -> can parse all of CC's Lua files -> rom/programs/gps.lua' finished with pass
[13Jan.2024 07:34:26.202] [ForkJoinPool-1-worker-1/INFO] [dan200.computercraft.core.ComputerTestDelegate/]: Finished 'cc.internal.syntax -> can parse all of CC's Lua files -> rom/programs/gps.lua'
[13Jan.2024 07:34:26.202] [ForkJoinPool-1-worker-1/INFO] [dan200.computercraft.core.ComputerTestDelegate/]: Starting 'cc.internal.syntax -> can parse all of CC's Lua files -> rom/apis/disk.lua'
[13Jan.2024 07:34:26.205] [ComputerCraft-Coroutine-0/INFO] [dan200.computercraft.core.ComputerTestDelegate/]: 'cc.internal.syntax -> can parse all of CC's Lua files -> rom/apis/disk.lua' finished with pass
[13Jan.2024 07:34:26.205] [ForkJoinPool-1-worker-1/INFO] [dan200.computercraft.core.ComputerTestDelegate/]: Finished 'cc.internal.syntax -> can parse all of CC's Lua files -> rom/apis/disk.lua'
[13Jan.2024 07:34:26.205] [ForkJoinPool-1-worker-1/INFO] [dan200.computercraft.core.ComputerTestDelegate/]: Starting 'cc.internal.syntax -> can parse all of CC's Lua files -> test-rom/spec/programs/copy_spec.lua'
[13Jan.2024 07:34:26.206] [ComputerCraft-Coroutine-0/INFO] [dan200.computercraft.core.ComputerTestDelegate/]: 'cc.internal.syntax -> can parse all of CC's Lua files -> test-rom/spec/programs/copy_spec.lua' finished with pass
[13Jan.2024 07:34:26.206] [ForkJoinPool-1-worker-1/INFO] [dan200.computercraft.core.ComputerTestDelegate/]: Finished 'cc.internal.syntax -> can parse all of CC's Lua files -> test-rom/spec/programs/copy_spec.lua'
[13Jan.2024 07:34:26.207] [ForkJoinPool-1-worker-1/INFO] [dan200.computercraft.core.ComputerTestDelegate/]: Starting 'cc.internal.syntax -> can parse all of CC's Lua files -> rom/programs/turtle/go.lua'
[13Jan.2024 07:34:26.208] [ComputerCraft-Coroutine-0/INFO] [dan200.computercraft.core.ComputerTestDelegate/]: 'cc.internal.syntax -> can parse all of CC's Lua files -> rom/programs/turtle/go.lua' finished with pass
[13Jan.2024 07:34:26.208] [ForkJoinPool-1-worker-1/INFO] [dan200.computercraft.core.ComputerTestDelegate/]: Finished 'cc.internal.syntax -> can parse all of CC's Lua files -> rom/programs/turtle/go.lua'
[13Jan.2024 07:34:26.208] [ForkJoinPool-1-worker-1/INFO] [dan200.computercraft.core.ComputerTestDelegate/]: Starting 'cc.internal.syntax -> can parse all of CC's Lua files -> rom/programs/shell.lua'
[13Jan.2024 07:34:26.220] [ComputerCraft-Coroutine-0/INFO] [dan200.computercraft.core.ComputerTestDelegate/]: 'cc.internal.syntax -> can parse all of CC's Lua files -> rom/programs/shell.lua' finished with pass
[13Jan.2024 07:34:26.220] [ForkJoinPool-1-worker-1/INFO] [dan200.computercraft.core.ComputerTestDelegate/]: Finished 'cc.internal.syntax -> can parse all of CC's Lua files -> rom/programs/shell.lua'
[13Jan.2024 07:34:26.221] [ForkJoinPool-1-worker-1/INFO] [dan200.computercraft.core.ComputerTestDelegate/]: Starting 'cc.internal.syntax -> can parse all of CC's Lua files -> rom/programs/time.lua'
[13Jan.2024 07:34:26.221] [ComputerCraft-Coroutine-0/INFO] [dan200.computercraft.core.ComputerTestDelegate/]: 'cc.internal.syntax -> can parse all of CC's Lua files -> rom/programs/time.lua' finished with pass
[13Jan.2024 07:34:26.221] [ForkJoinPool-1-worker-1/INFO] [dan200.computercraft.core.ComputerTestDelegate/]: Finished 'cc.internal.syntax -> can parse all of CC's Lua files -> rom/programs/time.lua'
[13Jan.2024 07:34:26.222] [ForkJoinPool-1-worker-1/INFO] [dan200.computercraft.core.ComputerTestDelegate/]: Starting 'cc.internal.syntax -> can parse all of CC's Lua files -> test-rom/spec/apis/paintutils_spec.lua'
[13Jan.2024 07:34:26.228] [ComputerCraft-Coroutine-0/INFO] [dan200.computercraft.core.ComputerTestDelegate/]: 'cc.internal.syntax -> can parse all of CC's Lua files -> test-rom/spec/apis/paintutils_spec.lua' finished with pass
[13Jan.2024 07:34:26.228] [ForkJoinPool-1-worker-1/INFO] [dan200.computercraft.core.ComputerTestDelegate/]: Finished 'cc.internal.syntax -> can parse all of CC's Lua files -> test-rom/spec/apis/paintutils_spec.lua'
[13Jan.2024 07:34:26.228] [ForkJoinPool-1-worker-1/INFO] [dan200.computercraft.core.ComputerTestDelegate/]: Starting 'cc.internal.syntax -> can parse all of CC's Lua files -> test-rom/spec/programs/turtle/unequip_spec.lua'
[13Jan.2024 07:34:26.230] [ComputerCraft-Coroutine-0/INFO] [dan200.computercraft.core.ComputerTestDelegate/]: 'cc.internal.syntax -> can parse all of CC's Lua files -> test-rom/spec/programs/turtle/unequip_spec.lua' finished with pass
[13Jan.2024 07:34:26.230] [ForkJoinPool-1-worker-1/INFO] [dan200.computercraft.core.ComputerTestDelegate/]: Finished 'cc.internal.syntax -> can parse all of CC's Lua files -> test-rom/spec/programs/turtle/unequip_spec.lua'
[13Jan.2024 07:34:26.231] [ForkJoinPool-1-worker-1/INFO] [dan200.computercraft.core.ComputerTestDelegate/]: Starting 'cc.internal.syntax -> can parse all of CC's Lua files -> test-rom/spec/programs/fun/advanced/paint_spec.lua'
[13Jan.2024 07:34:26.232] [ComputerCraft-Coroutine-0/INFO] [dan200.computercraft.core.ComputerTestDelegate/]: 'cc.internal.syntax -> can parse all of CC's Lua files -> test-rom/spec/programs/fun/advanced/paint_spec.lua' finished with pass
[13Jan.2024 07:34:26.232] [ForkJoinPool-1-worker-1/INFO] [dan200.computercraft.core.ComputerTestDelegate/]: Finished 'cc.internal.syntax -> can parse all of CC's Lua files -> test-rom/spec/programs/fun/advanced/paint_spec.lua'
[13Jan.2024 07:34:26.232] [ForkJoinPool-1-worker-1/INFO] [dan200.computercraft.core.ComputerTestDelegate/]: Starting 'cc.internal.syntax -> can parse all of CC's Lua files -> test-rom/spec/programs/fun/dj_spec.lua'
[13Jan.2024 07:34:26.233] [ComputerCraft-Coroutine-0/INFO] [dan200.computercraft.core.ComputerTestDelegate/]: 'cc.internal.syntax -> can parse all of CC's Lua files -> test-rom/spec/programs/fun/dj_spec.lua' finished with pass
[13Jan.2024 07:34:26.233] [ForkJoinPool-1-worker-1/INFO] [dan200.computercraft.core.ComputerTestDelegate/]: Finished 'cc.internal.syntax -> can parse all of CC's Lua files -> test-rom/spec/programs/fun/dj_spec.lua'
[13Jan.2024 07:34:26.233] [ForkJoinPool-1-worker-1/INFO] [dan200.computercraft.core.ComputerTestDelegate/]: Starting 'cc.internal.syntax -> can parse all of CC's Lua files -> test-rom/spec/programs/advanced/multishell_spec.lua'
[13Jan.2024 07:34:26.234] [ComputerCraft-Coroutine-0/INFO] [dan200.computercraft.core.ComputerTestDelegate/]: 'cc.internal.syntax -> can parse all of CC's Lua files -> test-rom/spec/programs/advanced/multishell_spec.lua' finished with pass
[13Jan.2024 07:34:26.235] [ForkJoinPool-1-worker-1/INFO] [dan200.computercraft.core.ComputerTestDelegate/]: Finished 'cc.internal.syntax -> can parse all of CC's Lua files -> test-rom/spec/programs/advanced/multishell_spec.lua'
[13Jan.2024 07:34:26.235] [ForkJoinPool-1-worker-1/INFO] [dan200.computercraft.core.ComputerTestDelegate/]: Starting 'cc.internal.syntax -> can parse all of CC's Lua files -> test-rom/spec/programs/type_spec.lua'
[13Jan.2024 07:34:26.236] [ComputerCraft-Coroutine-0/INFO] [dan200.computercraft.core.ComputerTestDelegate/]: 'cc.internal.syntax -> can parse all of CC's Lua files -> test-rom/spec/programs/type_spec.lua' finished with pass
[13Jan.2024 07:34:26.236] [ForkJoinPool-1-worker-1/INFO] [dan200.computercraft.core.ComputerTestDelegate/]: Finished 'cc.internal.syntax -> can parse all of CC's Lua files -> test-rom/spec/programs/type_spec.lua'
[13Jan.2024 07:34:26.236] [ForkJoinPool-1-worker-1/INFO] [dan200.computercraft.core.ComputerTestDelegate/]: Starting 'cc.internal.syntax -> can parse all of CC's Lua files -> rom/programs/http/wget.lua'
[13Jan.2024 07:34:26.238] [ComputerCraft-Coroutine-0/INFO] [dan200.computercraft.core.ComputerTestDelegate/]: 'cc.internal.syntax -> can parse all of CC's Lua files -> rom/programs/http/wget.lua' finished with pass
[13Jan.2024 07:34:26.238] [ForkJoinPool-1-worker-1/INFO] [dan200.computercraft.core.ComputerTestDelegate/]: Finished 'cc.internal.syntax -> can parse all of CC's Lua files -> rom/programs/http/wget.lua'
[13Jan.2024 07:34:26.239] [ForkJoinPool-1-worker-1/INFO] [dan200.computercraft.core.ComputerTestDelegate/]: Starting 'cc.internal.syntax -> can parse all of CC's Lua files -> rom/programs/eject.lua'
[13Jan.2024 07:34:26.240] [ComputerCraft-Coroutine-0/INFO] [dan200.computercraft.core.ComputerTestDelegate/]: 'cc.internal.syntax -> can parse all of CC's Lua files -> rom/programs/eject.lua' finished with pass
[13Jan.2024 07:34:26.240] [ForkJoinPool-1-worker-1/INFO] [dan200.computercraft.core.ComputerTestDelegate/]: Finished 'cc.internal.syntax -> can parse all of CC's Lua files -> rom/programs/eject.lua'
[13Jan.2024 07:34:26.240] [ForkJoinPool-1-worker-1/INFO] [dan200.computercraft.core.ComputerTestDelegate/]: Starting 'cc.internal.syntax -> can parse all of CC's Lua files -> test-rom/spec/apis/textutils_spec.lua'
[13Jan.2024 07:34:26.248] [ComputerCraft-Coroutine-0/INFO] [dan200.computercraft.core.ComputerTestDelegate/]: 'cc.internal.syntax -> can parse all of CC's Lua files -> test-rom/spec/apis/textutils_spec.lua' finished with pass
[13Jan.2024 07:34:26.248] [ForkJoinPool-1-worker-1/INFO] [dan200.computercraft.core.ComputerTestDelegate/]: Finished 'cc.internal.syntax -> can parse all of CC's Lua files -> test-rom/spec/apis/textutils_spec.lua'
[13Jan.2024 07:34:26.249] [ForkJoinPool-1-worker-1/INFO] [dan200.computercraft.core.ComputerTestDelegate/]: Starting 'cc.internal.syntax -> can parse all of CC's Lua files -> test-rom/spec/programs/advanced/bg_spec.lua'
[13Jan.2024 07:34:26.250] [ComputerCraft-Coroutine-0/INFO] [dan200.computercraft.core.ComputerTestDelegate/]: 'cc.internal.syntax -> can parse all of CC's Lua files -> test-rom/spec/programs/advanced/bg_spec.lua' finished with pass
[13Jan.2024 07:34:26.250] [ForkJoinPool-1-worker-1/INFO] [dan200.computercraft.core.ComputerTestDelegate/]: Finished 'cc.internal.syntax -> can parse all of CC's Lua files -> test-rom/spec/programs/advanced/bg_spec.lua'
[13Jan.2024 07:34:26.250] [ForkJoinPool-1-worker-1/INFO] [dan200.computercraft.core.ComputerTestDelegate/]: Starting 'cc.internal.syntax -> can parse all of CC's Lua files -> rom/programs/pocket/falling.lua'
[13Jan.2024 07:34:26.266] [ComputerCraft-Coroutine-0/INFO] [dan200.computercraft.core.ComputerTestDelegate/]: 'cc.internal.syntax -> can parse all of CC's Lua files -> rom/programs/pocket/falling.lua' finished with pass
[13Jan.2024 07:34:26.266] [ForkJoinPool-1-worker-1/INFO] [dan200.computercraft.core.ComputerTestDelegate/]: Finished 'cc.internal.syntax -> can parse all of CC's Lua files -> rom/programs/pocket/falling.lua'
[13Jan.2024 07:34:26.267] [ForkJoinPool-1-worker-1/INFO] [dan200.computercraft.core.ComputerTestDelegate/]: Starting 'cc.internal.syntax -> can parse all of CC's Lua files -> test-rom/spec/modules/cc/image/nft_spec.lua'
[13Jan.2024 07:34:26.270] [ComputerCraft-Coroutine-0/INFO] [dan200.computercraft.core.ComputerTestDelegate/]: 'cc.internal.syntax -> can parse all of CC's Lua files -> test-rom/spec/modules/cc/image/nft_spec.lua' finished with pass
[13Jan.2024 07:34:26.270] [ForkJoinPool-1-worker-1/INFO] [dan200.computercraft.core.ComputerTestDelegate/]: Finished 'cc.internal.syntax -> can parse all of CC's Lua files -> test-rom/spec/modules/cc/image/nft_spec.lua'
[13Jan.2024 07:34:26.270] [ForkJoinPool-1-worker-1/INFO] [dan200.computercraft.core.ComputerTestDelegate/]: Starting 'cc.internal.syntax -> can parse all of CC's Lua files -> test-rom/spec/programs/exit_spec.lua'
[13Jan.2024 07:34:26.271] [ComputerCraft-Coroutine-0/INFO] [dan200.computercraft.core.ComputerTestDelegate/]: 'cc.internal.syntax -> can parse all of CC's Lua files -> test-rom/spec/programs/exit_spec.lua' finished with pass
[13Jan.2024 07:34:26.271] [ForkJoinPool-1-worker-1/INFO] [dan200.computercraft.core.ComputerTestDelegate/]: Finished 'cc.internal.syntax -> can parse all of CC's Lua files -> test-rom/spec/programs/exit_spec.lua'
[13Jan.2024 07:34:26.271] [ForkJoinPool-1-worker-1/INFO] [dan200.computercraft.core.ComputerTestDelegate/]: Starting 'cc.internal.syntax -> can parse all of CC's Lua files -> test-rom/spec/programs/shell_spec.lua'
[13Jan.2024 07:34:26.275] [ComputerCraft-Coroutine-0/INFO] [dan200.computercraft.core.ComputerTestDelegate/]: 'cc.internal.syntax -> can parse all of CC's Lua files -> test-rom/spec/programs/shell_spec.lua' finished with pass
[13Jan.2024 07:34:26.275] [ForkJoinPool-1-worker-1/INFO] [dan200.computercraft.core.ComputerTestDelegate/]: Finished 'cc.internal.syntax -> can parse all of CC's Lua files -> test-rom/spec/programs/shell_spec.lua'
[13Jan.2024 07:34:26.276] [ForkJoinPool-1-worker-1/INFO] [dan200.computercraft.core.ComputerTestDelegate/]: Starting 'cc.internal.syntax -> can parse all of CC's Lua files -> test-rom/spec/apis/fs_spec.lua'
[13Jan.2024 07:34:26.285] [ComputerCraft-Coroutine-0/INFO] [dan200.computercraft.core.ComputerTestDelegate/]: 'cc.internal.syntax -> can parse all of CC's Lua files -> test-rom/spec/apis/fs_spec.lua' finished with pass
[13Jan.2024 07:34:26.285] [ForkJoinPool-1-worker-1/INFO] [dan200.computercraft.core.ComputerTestDelegate/]: Finished 'cc.internal.syntax -> can parse all of CC's Lua files -> test-rom/spec/apis/fs_spec.lua'
[13Jan.2024 07:34:26.285] [ForkJoinPool-1-worker-1/INFO] [dan200.computercraft.core.ComputerTestDelegate/]: Starting 'cc.internal.syntax -> can parse all of CC's Lua files -> rom/programs/import.lua'
[13Jan.2024 07:34:26.286] [ComputerCraft-Coroutine-0/INFO] [dan200.computercraft.core.ComputerTestDelegate/]: 'cc.internal.syntax -> can parse all of CC's Lua files -> rom/programs/import.lua' finished with pass
[13Jan.2024 07:34:26.286] [ForkJoinPool-1-worker-1/INFO] [dan200.computercraft.core.ComputerTestDelegate/]: Finished 'cc.internal.syntax -> can parse all of CC's Lua files -> rom/programs/import.lua'
[13Jan.2024 07:34:26.287] [ForkJoinPool-1-worker-1/INFO] [dan200.computercraft.core.ComputerTestDelegate/]: Starting 'cc.internal.syntax -> can parse all of CC's Lua files -> rom/programs/reboot.lua'
[13Jan.2024 07:34:26.287] [ComputerCraft-Coroutine-0/INFO] [dan200.computercraft.core.ComputerTestDelegate/]: 'cc.internal.syntax -> can parse all of CC's Lua files -> rom/programs/reboot.lua' finished with pass
[13Jan.2024 07:34:26.287] [ForkJoinPool-1-worker-1/INFO] [dan200.computercraft.core.ComputerTestDelegate/]: Finished 'cc.internal.syntax -> can parse all of CC's Lua files -> rom/programs/reboot.lua'
[13Jan.2024 07:34:26.287] [ForkJoinPool-1-worker-1/INFO] [dan200.computercraft.core.ComputerTestDelegate/]: Starting 'cc.internal.syntax -> can parse all of CC's Lua files -> rom/apis/settings.lua'
[13Jan.2024 07:34:26.292] [ComputerCraft-Coroutine-0/INFO] [dan200.computercraft.core.ComputerTestDelegate/]: 'cc.internal.syntax -> can parse all of CC's Lua files -> rom/apis/settings.lua' finished with pass
[13Jan.2024 07:34:26.292] [ForkJoinPool-1-worker-1/INFO] [dan200.computercraft.core.ComputerTestDelegate/]: Finished 'cc.internal.syntax -> can parse all of CC's Lua files -> rom/apis/settings.lua'
[13Jan.2024 07:34:26.292] [ForkJoinPool-1-worker-1/INFO] [dan200.computercraft.core.ComputerTestDelegate/]: Starting 'cc.internal.syntax -> can parse all of CC's Lua files -> rom/programs/motd.lua'
[13Jan.2024 07:34:26.293] [ComputerCraft-Coroutine-0/INFO] [dan200.computercraft.core.ComputerTestDelegate/]: 'cc.internal.syntax -> can parse all of CC's Lua files -> rom/programs/motd.lua' finished with pass
[13Jan.2024 07:34:26.293] [ForkJoinPool-1-worker-1/INFO] [dan200.computercraft.core.ComputerTestDelegate/]: Finished 'cc.internal.syntax -> can parse all of CC's Lua files -> rom/programs/motd.lua'
[13Jan.2024 07:34:26.293] [ForkJoinPool-1-worker-1/INFO] [dan200.computercraft.core.ComputerTestDelegate/]: Starting 'cc.internal.syntax -> can parse all of CC's Lua files -> test-rom/spec/modules/cc/completion_spec.lua'
[13Jan.2024 07:34:26.296] [ComputerCraft-Coroutine-0/INFO] [dan200.computercraft.core.ComputerTestDelegate/]: 'cc.internal.syntax -> can parse all of CC's Lua files -> test-rom/spec/modules/cc/completion_spec.lua' finished with pass
[13Jan.2024 07:34:26.296] [ForkJoinPool-1-worker-1/INFO] [dan200.computercraft.core.ComputerTestDelegate/]: Finished 'cc.internal.syntax -> can parse all of CC's Lua files -> test-rom/spec/modules/cc/completion_spec.lua'
[13Jan.2024 07:34:26.296] [ForkJoinPool-1-worker-1/INFO] [dan200.computercraft.core.ComputerTestDelegate/]: Starting 'cc.internal.syntax -> can parse all of CC's Lua files -> rom/programs/mkdir.lua'
[13Jan.2024 07:34:26.297] [ComputerCraft-Coroutine-0/INFO] [dan200.computercraft.core.ComputerTestDelegate/]: 'cc.internal.syntax -> can parse all of CC's Lua files -> rom/programs/mkdir.lua' finished with pass
[13Jan.2024 07:34:26.297] [ForkJoinPool-1-worker-1/INFO] [dan200.computercraft.core.ComputerTestDelegate/]: Finished 'cc.internal.syntax -> can parse all of CC's Lua files -> rom/programs/mkdir.lua'
[13Jan.2024 07:34:26.297] [ForkJoinPool-1-worker-1/INFO] [dan200.computercraft.core.ComputerTestDelegate/]: Starting 'cc.internal.syntax -> can parse all of CC's Lua files -> rom/programs/shutdown.lua'
[13Jan.2024 07:34:26.298] [ComputerCraft-Coroutine-0/INFO] [dan200.computercraft.core.ComputerTestDelegate/]: 'cc.internal.syntax -> can parse all of CC's Lua files -> rom/programs/shutdown.lua' finished with pass
[13Jan.2024 07:34:26.298] [ForkJoinPool-1-worker-1/INFO] [dan200.computercraft.core.ComputerTestDelegate/]: Finished 'cc.internal.syntax -> can parse all of CC's Lua files -> rom/programs/shutdown.lua'
[13Jan.2024 07:34:26.298] [ForkJoinPool-1-worker-1/INFO] [dan200.computercraft.core.ComputerTestDelegate/]: Starting 'cc.internal.syntax -> can parse all of CC's Lua files -> test-rom/spec/programs/rename_spec.lua'
[13Jan.2024 07:34:26.300] [ComputerCraft-Coroutine-0/INFO] [dan200.computercraft.core.ComputerTestDelegate/]: 'cc.internal.syntax -> can parse all of CC's Lua files -> test-rom/spec/programs/rename_spec.lua' finished with pass
[13Jan.2024 07:34:26.300] [ForkJoinPool-1-worker-1/INFO] [dan200.computercraft.core.ComputerTestDelegate/]: Finished 'cc.internal.syntax -> can parse all of CC's Lua files -> test-rom/spec/programs/rename_spec.lua'
[13Jan.2024 07:34:26.300] [ForkJoinPool-1-worker-1/INFO] [dan200.computercraft.core.ComputerTestDelegate/]: Starting 'cc.internal.syntax -> can parse all of CC's Lua files -> test-rom/spec/programs/motd_spec.lua'
[13Jan.2024 07:34:26.301] [ComputerCraft-Coroutine-0/INFO] [dan200.computercraft.core.ComputerTestDelegate/]: 'cc.internal.syntax -> can parse all of CC's Lua files -> test-rom/spec/programs/motd_spec.lua' finished with pass
[13Jan.2024 07:34:26.301] [ForkJoinPool-1-worker-1/INFO] [dan200.computercraft.core.ComputerTestDelegate/]: Finished 'cc.internal.syntax -> can parse all of CC's Lua files -> test-rom/spec/programs/motd_spec.lua'
[13Jan.2024 07:34:26.301] [ForkJoinPool-1-worker-1/INFO] [dan200.computercraft.core.ComputerTestDelegate/]: Starting 'cc.internal.syntax -> can parse all of CC's Lua files -> rom/apis/colors.lua'
[13Jan.2024 07:34:26.306] [ComputerCraft-Coroutine-0/INFO] [dan200.computercraft.core.ComputerTestDelegate/]: 'cc.internal.syntax -> can parse all of CC's Lua files -> rom/apis/colors.lua' finished with pass
[13Jan.2024 07:34:26.307] [ForkJoinPool-1-worker-1/INFO] [dan200.computercraft.core.ComputerTestDelegate/]: Finished 'cc.internal.syntax -> can parse all of CC's Lua files -> rom/apis/colors.lua'
[13Jan.2024 07:34:26.307] [ForkJoinPool-1-worker-1/INFO] [dan200.computercraft.core.ComputerTestDelegate/]: Starting 'cc.internal.syntax -> can parse all of CC's Lua files -> test-rom/spec/modules/cc/audio/dfpwm_spec.lua'
[13Jan.2024 07:34:26.329] [ComputerCraft-Coroutine-0/INFO] [dan200.computercraft.core.ComputerTestDelegate/]: 'cc.internal.syntax -> can parse all of CC's Lua files -> test-rom/spec/modules/cc/audio/dfpwm_spec.lua' finished with pass
[13Jan.2024 07:34:26.329] [ForkJoinPool-1-worker-1/INFO] [dan200.computercraft.core.ComputerTestDelegate/]: Finished 'cc.internal.syntax -> can parse all of CC's Lua files -> test-rom/spec/modules/cc/audio/dfpwm_spec.lua'
[13Jan.2024 07:34:26.330] [ForkJoinPool-1-worker-1/INFO] [dan200.computercraft.core.ComputerTestDelegate/]: Starting 'cc.internal.syntax -> can parse all of CC's Lua files -> test-rom/spec/programs/help_spec.lua'
[13Jan.2024 07:34:26.331] [ComputerCraft-Coroutine-0/INFO] [dan200.computercraft.core.ComputerTestDelegate/]: 'cc.internal.syntax -> can parse all of CC's Lua files -> test-rom/spec/programs/help_spec.lua' finished with pass
[13Jan.2024 07:34:26.331] [ForkJoinPool-1-worker-1/INFO] [dan200.computercraft.core.ComputerTestDelegate/]: Finished 'cc.internal.syntax -> can parse all of CC's Lua files -> test-rom/spec/programs/help_spec.lua'
[13Jan.2024 07:34:26.332] [ForkJoinPool-1-worker-1/INFO] [dan200.computercraft.core.ComputerTestDelegate/]: Starting 'cc.internal.syntax -> can parse all of CC's Lua files -> rom/programs/fun/advanced/paint.lua'
[13Jan.2024 07:34:26.340] [ComputerCraft-Coroutine-0/INFO] [dan200.computercraft.core.ComputerTestDelegate/]: 'cc.internal.syntax -> can parse all of CC's Lua files -> rom/programs/fun/advanced/paint.lua' finished with pass
[13Jan.2024 07:34:26.340] [ForkJoinPool-1-worker-1/INFO] [dan200.computercraft.core.ComputerTestDelegate/]: Finished 'cc.internal.syntax -> can parse all of CC's Lua files -> rom/programs/fun/advanced/paint.lua'
[13Jan.2024 07:34:26.340] [ForkJoinPool-1-worker-1/INFO] [dan200.computercraft.core.ComputerTestDelegate/]: Starting 'cc.internal.syntax -> can parse all of CC's Lua files -> rom/apis/peripheral.lua'
[13Jan.2024 07:34:26.345] [ComputerCraft-Coroutine-0/INFO] [dan200.computercraft.core.ComputerTestDelegate/]: 'cc.internal.syntax -> can parse all of CC's Lua files -> rom/apis/peripheral.lua' finished with pass
[13Jan.2024 07:34:26.345] [ForkJoinPool-1-worker-1/INFO] [dan200.computercraft.core.ComputerTestDelegate/]: Finished 'cc.internal.syntax -> can parse all of CC's Lua files -> rom/apis/peripheral.lua'
[13Jan.2024 07:34:26.345] [ForkJoinPool-1-worker-1/INFO] [dan200.computercraft.core.ComputerTestDelegate/]: Starting 'cc.internal.syntax -> can parse all of CC's Lua files -> test-rom/spec/apis/http_spec.lua'
[13Jan.2024 07:34:26.347] [ComputerCraft-Coroutine-0/INFO] [dan200.computercraft.core.ComputerTestDelegate/]: 'cc.internal.syntax -> can parse all of CC's Lua files -> test-rom/spec/apis/http_spec.lua' finished with pass
[13Jan.2024 07:34:26.347] [ForkJoinPool-1-worker-1/INFO] [dan200.computercraft.core.ComputerTestDelegate/]: Finished 'cc.internal.syntax -> can parse all of CC's Lua files -> test-rom/spec/apis/http_spec.lua'
[13Jan.2024 07:34:26.348] [ForkJoinPool-1-worker-1/INFO] [dan200.computercraft.core.ComputerTestDelegate/]: Starting 'cc.internal.syntax -> can parse all of CC's Lua files -> rom/programs/copy.lua'
[13Jan.2024 07:34:26.349] [ComputerCraft-Coroutine-0/INFO] [dan200.computercraft.core.ComputerTestDelegate/]: 'cc.internal.syntax -> can parse all of CC's Lua files -> rom/programs/copy.lua' finished with pass
[13Jan.2024 07:34:26.349] [ForkJoinPool-1-worker-1/INFO] [dan200.computercraft.core.ComputerTestDelegate/]: Finished 'cc.internal.syntax -> can parse all of CC's Lua files -> rom/programs/copy.lua'
[13Jan.2024 07:34:26.349] [ForkJoinPool-1-worker-1/INFO] [dan200.computercraft.core.ComputerTestDelegate/]: Starting 'cc.internal.syntax -> can parse all of CC's Lua files -> rom/programs/alias.lua'
[13Jan.2024 07:34:26.350] [ComputerCraft-Coroutine-0/INFO] [dan200.computercraft.core.ComputerTestDelegate/]: 'cc.internal.syntax -> can parse all of CC's Lua files -> rom/programs/alias.lua' finished with pass
[13Jan.2024 07:34:26.350] [ForkJoinPool-1-worker-1/INFO] [dan200.computercraft.core.ComputerTestDelegate/]: Finished 'cc.internal.syntax -> can parse all of CC's Lua files -> rom/programs/alias.lua'
[13Jan.2024 07:34:26.350] [ForkJoinPool-1-worker-1/INFO] [dan200.computercraft.core.ComputerTestDelegate/]: Starting 'cc.internal.syntax -> can parse all of CC's Lua files -> test-rom/spec/lua/timeout_spec.lua'
[13Jan.2024 07:34:26.352] [ComputerCraft-Coroutine-0/INFO] [dan200.computercraft.core.ComputerTestDelegate/]: 'cc.internal.syntax -> can parse all of CC's Lua files -> test-rom/spec/lua/timeout_spec.lua' finished with pass
[13Jan.2024 07:34:26.352] [ForkJoinPool-1-worker-1/INFO] [dan200.computercraft.core.ComputerTestDelegate/]: Finished 'cc.internal.syntax -> can parse all of CC's Lua files -> test-rom/spec/lua/timeout_spec.lua'
[13Jan.2024 07:34:26.352] [ForkJoinPool-1-worker-1/INFO] [dan200.computercraft.core.ComputerTestDelegate/]: Starting 'cc.internal.syntax -> can parse all of CC's Lua files -> rom/apis/fs.lua'
[13Jan.2024 07:34:26.355] [ComputerCraft-Coroutine-0/INFO] [dan200.computercraft.core.ComputerTestDelegate/]: 'cc.internal.syntax -> can parse all of CC's Lua files -> rom/apis/fs.lua' finished with pass
[13Jan.2024 07:34:26.355] [ForkJoinPool-1-worker-1/INFO] [dan200.computercraft.core.ComputerTestDelegate/]: Finished 'cc.internal.syntax -> can parse all of CC's Lua files -> rom/apis/fs.lua'
[13Jan.2024 07:34:26.355] [ForkJoinPool-1-worker-1/INFO] [dan200.computercraft.core.ComputerTestDelegate/]: Starting 'cc.internal.syntax -> can parse all of CC's Lua files -> test-rom/spec/programs/peripherals_spec.lua'
[13Jan.2024 07:34:26.356] [ComputerCraft-Coroutine-0/INFO] [dan200.computercraft.core.ComputerTestDelegate/]: 'cc.internal.syntax -> can parse all of CC's Lua files -> test-rom/spec/programs/peripherals_spec.lua' finished with pass
[13Jan.2024 07:34:26.356] [ForkJoinPool-1-worker-1/INFO] [dan200.computercraft.core.ComputerTestDelegate/]: Finished 'cc.internal.syntax -> can parse all of CC's Lua files -> test-rom/spec/programs/peripherals_spec.lua'
[13Jan.2024 07:34:26.356] [ForkJoinPool-1-worker-1/INFO] [dan200.computercraft.core.ComputerTestDelegate/]: Starting 'cc.internal.syntax -> can parse all of CC's Lua files -> test-rom/spec/modules/cc/pretty_spec.lua'
[13Jan.2024 07:34:26.363] [ComputerCraft-Coroutine-0/INFO] [dan200.computercraft.core.ComputerTestDelegate/]: 'cc.internal.syntax -> can parse all of CC's Lua files -> test-rom/spec/modules/cc/pretty_spec.lua' finished with pass
[13Jan.2024 07:34:26.363] [ForkJoinPool-1-worker-1/INFO] [dan200.computercraft.core.ComputerTestDelegate/]: Finished 'cc.internal.syntax -> can parse all of CC's Lua files -> test-rom/spec/modules/cc/pretty_spec.lua'
[13Jan.2024 07:34:26.363] [ForkJoinPool-1-worker-1/INFO] [dan200.computercraft.core.ComputerTestDelegate/]: Starting 'cc.internal.syntax -> can parse all of CC's Lua files -> test-rom/spec/programs/mkdir_spec.lua'
[13Jan.2024 07:34:26.365] [ComputerCraft-Coroutine-0/INFO] [dan200.computercraft.core.ComputerTestDelegate/]: 'cc.internal.syntax -> can parse all of CC's Lua files -> test-rom/spec/programs/mkdir_spec.lua' finished with pass
[13Jan.2024 07:34:26.365] [ForkJoinPool-1-worker-1/INFO] [dan200.computercraft.core.ComputerTestDelegate/]: Finished 'cc.internal.syntax -> can parse all of CC's Lua files -> test-rom/spec/programs/mkdir_spec.lua'
[13Jan.2024 07:34:26.365] [ForkJoinPool-1-worker-1/INFO] [dan200.computercraft.core.ComputerTestDelegate/]: Starting 'cc.internal.syntax -> can parse all of CC's Lua files -> test-rom/spec/apis/window_spec.lua'
[13Jan.2024 07:34:26.371] [ComputerCraft-Coroutine-0/INFO] [dan200.computercraft.core.ComputerTestDelegate/]: 'cc.internal.syntax -> can parse all of CC's Lua files -> test-rom/spec/apis/window_spec.lua' finished with pass
[13Jan.2024 07:34:26.371] [ForkJoinPool-1-worker-1/INFO] [dan200.computercraft.core.ComputerTestDelegate/]: Finished 'cc.internal.syntax -> can parse all of CC's Lua files -> test-rom/spec/apis/window_spec.lua'
[13Jan.2024 07:34:26.372] [ForkJoinPool-1-worker-1/INFO] [dan200.computercraft.core.ComputerTestDelegate/]: Starting 'cc.internal.syntax -> can parse all of CC's Lua files -> rom/programs/programs.lua'
[13Jan.2024 07:34:26.373] [ComputerCraft-Coroutine-0/INFO] [dan200.computercraft.core.ComputerTestDelegate/]: 'cc.internal.syntax -> can parse all of CC's Lua files -> rom/programs/programs.lua' finished with pass
[13Jan.2024 07:34:26.373] [ForkJoinPool-1-worker-1/INFO] [dan200.computercraft.core.ComputerTestDelegate/]: Finished 'cc.internal.syntax -> can parse all of CC's Lua files -> rom/programs/programs.lua'
[13Jan.2024 07:34:26.373] [ForkJoinPool-1-worker-1/INFO] [dan200.computercraft.core.ComputerTestDelegate/]: Starting 'cc.internal.syntax -> can parse all of CC's Lua files -> test-rom/spec/apis/gps_spec.lua'
[13Jan.2024 07:34:26.374] [ComputerCraft-Coroutine-0/INFO] [dan200.computercraft.core.ComputerTestDelegate/]: 'cc.internal.syntax -> can parse all of CC's Lua files -> test-rom/spec/apis/gps_spec.lua' finished with pass
[13Jan.2024 07:34:26.374] [ForkJoinPool-1-worker-1/INFO] [dan200.computercraft.core.ComputerTestDelegate/]: Finished 'cc.internal.syntax -> can parse all of CC's Lua files -> test-rom/spec/apis/gps_spec.lua'
[13Jan.2024 07:34:26.374] [ForkJoinPool-1-worker-1/INFO] [dan200.computercraft.core.ComputerTestDelegate/]: Starting 'cc.internal.syntax -> can parse all of CC's Lua files -> test-rom/spec/programs/command/exec_spec.lua'
[13Jan.2024 07:34:26.375] [ComputerCraft-Coroutine-0/INFO] [dan200.computercraft.core.ComputerTestDelegate/]: 'cc.internal.syntax -> can parse all of CC's Lua files -> test-rom/spec/programs/command/exec_spec.lua' finished with pass
[13Jan.2024 07:34:26.375] [ForkJoinPool-1-worker-1/INFO] [dan200.computercraft.core.ComputerTestDelegate/]: Finished 'cc.internal.syntax -> can parse all of CC's Lua files -> test-rom/spec/programs/command/exec_spec.lua'
[13Jan.2024 07:34:26.376] [ForkJoinPool-1-worker-1/INFO] [dan200.computercraft.core.ComputerTestDelegate/]: Starting 'cc.internal.syntax -> can parse all of CC's Lua files -> rom/modules/main/cc/internal/exception.lua'
[13Jan.2024 07:34:26.378] [ComputerCraft-Coroutine-0/INFO] [dan200.computercraft.core.ComputerTestDelegate/]: 'cc.internal.syntax -> can parse all of CC's Lua files -> rom/modules/main/cc/internal/exception.lua' finished with pass
[13Jan.2024 07:34:26.378] [ForkJoinPool-1-worker-1/INFO] [dan200.computercraft.core.ComputerTestDelegate/]: Finished 'cc.internal.syntax -> can parse all of CC's Lua files -> rom/modules/main/cc/internal/exception.lua'
[13Jan.2024 07:34:26.379] [ForkJoinPool-1-worker-1/INFO] [dan200.computercraft.core.ComputerTestDelegate/]: Starting 'cc.internal.syntax -> can parse all of CC's Lua files -> test-rom/spec/modules/cc/expect_spec.lua'
[13Jan.2024 07:34:26.382] [ComputerCraft-Coroutine-0/INFO] [dan200.computercraft.core.ComputerTestDelegate/]: 'cc.internal.syntax -> can parse all of CC's Lua files -> test-rom/spec/modules/cc/expect_spec.lua' finished with pass
[13Jan.2024 07:34:26.382] [ForkJoinPool-1-worker-1/INFO] [dan200.computercraft.core.ComputerTestDelegate/]: Finished 'cc.internal.syntax -> can parse all of CC's Lua files -> test-rom/spec/modules/cc/expect_spec.lua'
[13Jan.2024 07:34:26.382] [ForkJoinPool-1-worker-1/INFO] [dan200.computercraft.core.ComputerTestDelegate/]: Starting 'cc.internal.syntax -> can parse all of CC's Lua files -> test-rom/spec/programs/drive_spec.lua'
[13Jan.2024 07:34:26.383] [ComputerCraft-Coroutine-0/INFO] [dan200.computercraft.core.ComputerTestDelegate/]: 'cc.internal.syntax -> can parse all of CC's Lua files -> test-rom/spec/programs/drive_spec.lua' finished with pass
[13Jan.2024 07:34:26.383] [ForkJoinPool-1-worker-1/INFO] [dan200.computercraft.core.ComputerTestDelegate/]: Finished 'cc.internal.syntax -> can parse all of CC's Lua files -> test-rom/spec/programs/drive_spec.lua'
[13Jan.2024 07:34:26.383] [ForkJoinPool-1-worker-1/INFO] [dan200.computercraft.core.ComputerTestDelegate/]: Starting 'cc.internal.syntax -> can parse all of CC's Lua files -> rom/apis/command/commands.lua'
[13Jan.2024 07:34:26.386] [ComputerCraft-Coroutine-0/INFO] [dan200.computercraft.core.ComputerTestDelegate/]: 'cc.internal.syntax -> can parse all of CC's Lua files -> rom/apis/command/commands.lua' finished with pass
[13Jan.2024 07:34:26.386] [ForkJoinPool-1-worker-1/INFO] [dan200.computercraft.core.ComputerTestDelegate/]: Finished 'cc.internal.syntax -> can parse all of CC's Lua files -> rom/apis/command/commands.lua'
[13Jan.2024 07:34:26.386] [ForkJoinPool-1-worker-1/INFO] [dan200.computercraft.core.ComputerTestDelegate/]: Starting 'cc.internal.syntax -> can parse all of CC's Lua files -> test-rom/spec/programs/label_spec.lua'
[13Jan.2024 07:34:26.388] [ComputerCraft-Coroutine-0/INFO] [dan200.computercraft.core.ComputerTestDelegate/]: 'cc.internal.syntax -> can parse all of CC's Lua files -> test-rom/spec/programs/label_spec.lua' finished with pass
[13Jan.2024 07:34:26.388] [ForkJoinPool-1-worker-1/INFO] [dan200.computercraft.core.ComputerTestDelegate/]: Finished 'cc.internal.syntax -> can parse all of CC's Lua files -> test-rom/spec/programs/label_spec.lua'
[13Jan.2024 07:34:26.388] [ForkJoinPool-1-worker-1/INFO] [dan200.computercraft.core.ComputerTestDelegate/]: Starting 'cc.internal.syntax -> can parse all of CC's Lua files -> rom/modules/main/cc/internal/syntax/lexer.lua'
[13Jan.2024 07:34:26.396] [ComputerCraft-Coroutine-0/INFO] [dan200.computercraft.core.ComputerTestDelegate/]: 'cc.internal.syntax -> can parse all of CC's Lua files -> rom/modules/main/cc/internal/syntax/lexer.lua' finished with pass
[13Jan.2024 07:34:26.396] [ForkJoinPool-1-worker-1/INFO] [dan200.computercraft.core.ComputerTestDelegate/]: Finished 'cc.internal.syntax -> can parse all of CC's Lua files -> rom/modules/main/cc/internal/syntax/lexer.lua'
[13Jan.2024 07:34:26.397] [ForkJoinPool-1-worker-1/INFO] [dan200.computercraft.core.ComputerTestDelegate/]: Starting 'cc.internal.syntax -> can parse all of CC's Lua files -> test-rom/spec/modules/cc/strings_spec.lua'
[13Jan.2024 07:34:26.398] [ComputerCraft-Coroutine-0/INFO] [dan200.computercraft.core.ComputerTestDelegate/]: 'cc.internal.syntax -> can parse all of CC's Lua files -> test-rom/spec/modules/cc/strings_spec.lua' finished with pass
[13Jan.2024 07:34:26.398] [ForkJoinPool-1-worker-1/INFO] [dan200.computercraft.core.ComputerTestDelegate/]: Finished 'cc.internal.syntax -> can parse all of CC's Lua files -> test-rom/spec/modules/cc/strings_spec.lua'
[13Jan.2024 07:34:26.399] [ForkJoinPool-1-worker-1/INFO] [dan200.computercraft.core.ComputerTestDelegate/]: Starting 'cc.internal.syntax -> can parse all of CC's Lua files -> test-rom/spec/support/fake_computer.lua'
[13Jan.2024 07:34:26.404] [ComputerCraft-Coroutine-0/INFO] [dan200.computercraft.core.ComputerTestDelegate/]: 'cc.internal.syntax -> can parse all of CC's Lua files -> test-rom/spec/support/fake_computer.lua' finished with pass
[13Jan.2024 07:34:26.404] [ForkJoinPool-1-worker-1/INFO] [dan200.computercraft.core.ComputerTestDelegate/]: Finished 'cc.internal.syntax -> can parse all of CC's Lua files -> test-rom/spec/support/fake_computer.lua'
[13Jan.2024 07:34:26.404] [ForkJoinPool-1-worker-1/INFO] [dan200.computercraft.core.ComputerTestDelegate/]: Starting 'cc.internal.syntax -> can parse all of CC's Lua files -> rom/modules/main/cc/internal/syntax/errors.lua'
[13Jan.2024 07:34:26.415] [ComputerCraft-Coroutine-0/INFO] [dan200.computercraft.core.ComputerTestDelegate/]: 'cc.internal.syntax -> can parse all of CC's Lua files -> rom/modules/main/cc/internal/syntax/errors.lua' finished with pass
[13Jan.2024 07:34:26.415] [ForkJoinPool-1-worker-1/INFO] [dan200.computercraft.core.ComputerTestDelegate/]: Finished 'cc.internal.syntax -> can parse all of CC's Lua files -> rom/modules/main/cc/internal/syntax/errors.lua'
[13Jan.2024 07:34:26.415] [ForkJoinPool-1-worker-1/INFO] [dan200.computercraft.core.ComputerTestDelegate/]: Starting 'cc.internal.syntax -> can parse all of CC's Lua files -> rom/programs/turtle/equip.lua'
[13Jan.2024 07:34:26.417] [ComputerCraft-Coroutine-0/INFO] [dan200.computercraft.core.ComputerTestDelegate/]: 'cc.internal.syntax -> can parse all of CC's Lua files -> rom/programs/turtle/equip.lua' finished with pass
[13Jan.2024 07:34:26.417] [ForkJoinPool-1-worker-1/INFO] [dan200.computercraft.core.ComputerTestDelegate/]: Finished 'cc.internal.syntax -> can parse all of CC's Lua files -> rom/programs/turtle/equip.lua'
[13Jan.2024 07:34:26.417] [ForkJoinPool-1-worker-1/INFO] [dan200.computercraft.core.ComputerTestDelegate/]: Starting 'cc.internal.syntax -> can parse all of CC's Lua files -> test-rom/spec/modules/cc/internal/syntax/init_spec.lua'
[13Jan.2024 07:34:26.419] [ComputerCraft-Coroutine-0/INFO] [dan200.computercraft.core.ComputerTestDelegate/]: 'cc.internal.syntax -> can parse all of CC's Lua files -> test-rom/spec/modules/cc/internal/syntax/init_spec.lua' finished with pass
[13Jan.2024 07:34:26.419] [ForkJoinPool-1-worker-1/INFO] [dan200.computercraft.core.ComputerTestDelegate/]: Finished 'cc.internal.syntax -> can parse all of CC's Lua files -> test-rom/spec/modules/cc/internal/syntax/init_spec.lua'
[13Jan.2024 07:34:26.419] [ForkJoinPool-1-worker-1/INFO] [dan200.computercraft.core.ComputerTestDelegate/]: Starting 'cc.internal.syntax -> can parse all of CC's Lua files -> rom/modules/main/cc/require.lua'
[13Jan.2024 07:34:26.422] [ComputerCraft-Coroutine-0/INFO] [dan200.computercraft.core.ComputerTestDelegate/]: 'cc.internal.syntax -> can parse all of CC's Lua files -> rom/modules/main/cc/require.lua' finished with pass
[13Jan.2024 07:34:26.422] [ForkJoinPool-1-worker-1/INFO] [dan200.computercraft.core.ComputerTestDelegate/]: Finished 'cc.internal.syntax -> can parse all of CC's Lua files -> rom/modules/main/cc/require.lua'
[13Jan.2024 07:34:26.423] [ForkJoinPool-1-worker-1/INFO] [dan200.computercraft.core.ComputerTestDelegate/]: Starting 'cc.internal.syntax -> can parse all of CC's Lua files -> rom/modules/main/cc/internal/error_printer.lua'
[13Jan.2024 07:34:26.427] [ComputerCraft-Coroutine-0/INFO] [dan200.computercraft.core.ComputerTestDelegate/]: 'cc.internal.syntax -> can parse all of CC's Lua files -> rom/modules/main/cc/internal/error_printer.lua' finished with pass
[13Jan.2024 07:34:26.427] [ForkJoinPool-1-worker-1/INFO] [dan200.computercraft.core.ComputerTestDelegate/]: Finished 'cc.internal.syntax -> can parse all of CC's Lua files -> rom/modules/main/cc/internal/error_printer.lua'
[13Jan.2024 07:34:26.427] [ForkJoinPool-1-worker-1/INFO] [dan200.computercraft.core.ComputerTestDelegate/]: Starting 'cc.internal.syntax -> can parse all of CC's Lua files -> rom/programs/advanced/multishell.lua'
[13Jan.2024 07:34:26.437] [ComputerCraft-Coroutine-0/INFO] [dan200.computercraft.core.ComputerTestDelegate/]: 'cc.internal.syntax -> can parse all of CC's Lua files -> rom/programs/advanced/multishell.lua' finished with pass
[13Jan.2024 07:34:26.437] [ForkJoinPool-1-worker-1/INFO] [dan200.computercraft.core.ComputerTestDelegate/]: Finished 'cc.internal.syntax -> can parse all of CC's Lua files -> rom/programs/advanced/multishell.lua'
[13Jan.2024 07:34:26.437] [ForkJoinPool-1-worker-1/INFO] [dan200.computercraft.core.ComputerTestDelegate/]: Starting 'cc.internal.syntax -> can parse all of CC's Lua files -> test-rom/spec/programs/cd_spec.lua'
[13Jan.2024 07:34:26.438] [ComputerCraft-Coroutine-0/INFO] [dan200.computercraft.core.ComputerTestDelegate/]: 'cc.internal.syntax -> can parse all of CC's Lua files -> test-rom/spec/programs/cd_spec.lua' finished with pass
[13Jan.2024 07:34:26.438] [ForkJoinPool-1-worker-1/INFO] [dan200.computercraft.core.ComputerTestDelegate/]: Finished 'cc.internal.syntax -> can parse all of CC's Lua files -> test-rom/spec/programs/cd_spec.lua'
[13Jan.2024 07:34:26.439] [ForkJoinPool-1-worker-1/INFO] [dan200.computercraft.core.ComputerTestDelegate/]: Starting 'cc.internal.syntax -> can parse all of CC's Lua files -> rom/modules/main/cc/pretty.lua'
[13Jan.2024 07:34:26.450] [ComputerCraft-Coroutine-0/INFO] [dan200.computercraft.core.ComputerTestDelegate/]: 'cc.internal.syntax -> can parse all of CC's Lua files -> rom/modules/main/cc/pretty.lua' finished with pass
[13Jan.2024 07:34:26.450] [ForkJoinPool-1-worker-1/INFO] [dan200.computercraft.core.ComputerTestDelegate/]: Finished 'cc.internal.syntax -> can parse all of CC's Lua files -> rom/modules/main/cc/pretty.lua'
[13Jan.2024 07:34:26.450] [ForkJoinPool-1-worker-1/INFO] [dan200.computercraft.core.ComputerTestDelegate/]: Starting 'cc.internal.syntax -> can parse all of CC's Lua files -> test-rom/spec/apis/os_spec.lua'
[13Jan.2024 07:34:26.456] [ComputerCraft-Coroutine-0/INFO] [dan200.computercraft.core.ComputerTestDelegate/]: 'cc.internal.syntax -> can parse all of CC's Lua files -> test-rom/spec/apis/os_spec.lua' finished with pass
[13Jan.2024 07:34:26.456] [ForkJoinPool-1-worker-1/INFO] [dan200.computercraft.core.ComputerTestDelegate/]: Finished 'cc.internal.syntax -> can parse all of CC's Lua files -> test-rom/spec/apis/os_spec.lua'
[13Jan.2024 07:34:26.456] [ForkJoinPool-1-worker-1/INFO] [dan200.computercraft.core.ComputerTestDelegate/]: Starting 'cc.internal.syntax -> can parse all of CC's Lua files -> test-rom/spec/lua/coroutine_spec.lua'
[13Jan.2024 07:34:26.465] [ComputerCraft-Coroutine-0/INFO] [dan200.computercraft.core.ComputerTestDelegate/]: 'cc.internal.syntax -> can parse all of CC's Lua files -> test-rom/spec/lua/coroutine_spec.lua' finished with pass
[13Jan.2024 07:34:26.465] [ForkJoinPool-1-worker-1/INFO] [dan200.computercraft.core.ComputerTestDelegate/]: Finished 'cc.internal.syntax -> can parse all of CC's Lua files -> test-rom/spec/lua/coroutine_spec.lua'
[13Jan.2024 07:34:26.465] [ForkJoinPool-1-worker-1/INFO] [dan200.computercraft.core.ComputerTestDelegate/]: Starting 'cc.internal.syntax -> can parse all of CC's Lua files -> test-rom/spec/apis/settings_spec.lua'
[13Jan.2024 07:34:26.472] [ComputerCraft-Coroutine-0/INFO] [dan200.computercraft.core.ComputerTestDelegate/]: 'cc.internal.syntax -> can parse all of CC's Lua files -> test-rom/spec/apis/settings_spec.lua' finished with pass
[13Jan.2024 07:34:26.472] [ForkJoinPool-1-worker-1/INFO] [dan200.computercraft.core.ComputerTestDelegate/]: Finished 'cc.internal.syntax -> can parse all of CC's Lua files -> test-rom/spec/apis/settings_spec.lua'
[13Jan.2024 07:34:26.472] [ForkJoinPool-1-worker-1/INFO] [dan200.computercraft.core.ComputerTestDelegate/]: Starting 'cc.internal.syntax -> can parse all of CC's Lua files -> test-rom/spec/apis/redstone_spec.lua'
[13Jan.2024 07:34:26.475] [ComputerCraft-Coroutine-0/INFO] [dan200.computercraft.core.ComputerTestDelegate/]: 'cc.internal.syntax -> can parse all of CC's Lua files -> test-rom/spec/apis/redstone_spec.lua' finished with pass
[13Jan.2024 07:34:26.475] [ForkJoinPool-1-worker-1/INFO] [dan200.computercraft.core.ComputerTestDelegate/]: Finished 'cc.internal.syntax -> can parse all of CC's Lua files -> test-rom/spec/apis/redstone_spec.lua'
[13Jan.2024 07:34:26.475] [ForkJoinPool-1-worker-1/INFO] [dan200.computercraft.core.ComputerTestDelegate/]: Starting 'cc.internal.syntax -> can parse all of CC's Lua files -> rom/programs/command/commands.lua'
[13Jan.2024 07:34:26.476] [ComputerCraft-Coroutine-0/INFO] [dan200.computercraft.core.ComputerTestDelegate/]: 'cc.internal.syntax -> can parse all of CC's Lua files -> rom/programs/command/commands.lua' finished with pass
[13Jan.2024 07:34:26.476] [ForkJoinPool-1-worker-1/INFO] [dan200.computercraft.core.ComputerTestDelegate/]: Finished 'cc.internal.syntax -> can parse all of CC's Lua files -> rom/programs/command/commands.lua'
[13Jan.2024 07:34:26.476] [ForkJoinPool-1-worker-1/INFO] [dan200.computercraft.core.ComputerTestDelegate/]: Starting 'cc.internal.syntax -> can parse all of CC's Lua files -> rom/startup.lua'
[13Jan.2024 07:34:26.482] [ComputerCraft-Coroutine-0/INFO] [dan200.computercraft.core.ComputerTestDelegate/]: 'cc.internal.syntax -> can parse all of CC's Lua files -> rom/startup.lua' finished with pass
[13Jan.2024 07:34:26.483] [ForkJoinPool-1-worker-1/INFO] [dan200.computercraft.core.ComputerTestDelegate/]: Finished 'cc.internal.syntax -> can parse all of CC's Lua files -> rom/startup.lua'
[13Jan.2024 07:34:26.483] [ForkJoinPool-1-worker-1/INFO] [dan200.computercraft.core.ComputerTestDelegate/]: Starting 'cc.internal.syntax -> can parse all of CC's Lua files -> rom/programs/move.lua'
[13Jan.2024 07:34:26.484] [ComputerCraft-Coroutine-0/INFO] [dan200.computercraft.core.ComputerTestDelegate/]: 'cc.internal.syntax -> can parse all of CC's Lua files -> rom/programs/move.lua' finished with pass
[13Jan.2024 07:34:26.484] [ForkJoinPool-1-worker-1/INFO] [dan200.computercraft.core.ComputerTestDelegate/]: Finished 'cc.internal.syntax -> can parse all of CC's Lua files -> rom/programs/move.lua'
[13Jan.2024 07:34:26.485] [ForkJoinPool-1-worker-1/INFO] [dan200.computercraft.core.ComputerTestDelegate/]: Starting 'cc.internal.syntax -> can parse all of CC's Lua files -> test-rom/spec/programs/eject_spec.lua'
[13Jan.2024 07:34:26.485] [ComputerCraft-Coroutine-0/INFO] [dan200.computercraft.core.ComputerTestDelegate/]: 'cc.internal.syntax -> can parse all of CC's Lua files -> test-rom/spec/programs/eject_spec.lua' finished with pass
[13Jan.2024 07:34:26.485] [ForkJoinPool-1-worker-1/INFO] [dan200.computercraft.core.ComputerTestDelegate/]: Finished 'cc.internal.syntax -> can parse all of CC's Lua files -> test-rom/spec/programs/eject_spec.lua'
[13Jan.2024 07:34:26.486] [ForkJoinPool-1-worker-1/INFO] [dan200.computercraft.core.ComputerTestDelegate/]: Starting 'cc.internal.syntax -> can parse all of CC's Lua files -> test-rom/spec/programs/turtle/craft_spec.lua'
[13Jan.2024 07:34:26.488] [ComputerCraft-Coroutine-0/INFO] [dan200.computercraft.core.ComputerTestDelegate/]: 'cc.internal.syntax -> can parse all of CC's Lua files -> test-rom/spec/programs/turtle/craft_spec.lua' finished with pass
[13Jan.2024 07:34:26.488] [ForkJoinPool-1-worker-1/INFO] [dan200.computercraft.core.ComputerTestDelegate/]: Finished 'cc.internal.syntax -> can parse all of CC's Lua files -> test-rom/spec/programs/turtle/craft_spec.lua'
[13Jan.2024 07:34:26.488] [ForkJoinPool-1-worker-1/INFO] [dan200.computercraft.core.ComputerTestDelegate/]: Starting 'cc.internal.syntax -> can parse all of CC's Lua files -> test-rom/spec/programs/id_spec.lua'
[13Jan.2024 07:34:26.489] [ComputerCraft-Coroutine-0/INFO] [dan200.computercraft.core.ComputerTestDelegate/]: 'cc.internal.syntax -> can parse all of CC's Lua files -> test-rom/spec/programs/id_spec.lua' finished with pass
[13Jan.2024 07:34:26.489] [ForkJoinPool-1-worker-1/INFO] [dan200.computercraft.core.ComputerTestDelegate/]: Finished 'cc.internal.syntax -> can parse all of CC's Lua files -> test-rom/spec/programs/id_spec.lua'
[13Jan.2024 07:34:26.489] [ForkJoinPool-1-worker-1/INFO] [dan200.computercraft.core.ComputerTestDelegate/]: Starting 'cc.internal.syntax -> can parse all of CC's Lua files -> test-rom/spec/modules/cc/shell/require_spec.lua'
[13Jan.2024 07:34:26.492] [ComputerCraft-Coroutine-0/INFO] [dan200.computercraft.core.ComputerTestDelegate/]: 'cc.internal.syntax -> can parse all of CC's Lua files -> test-rom/spec/modules/cc/shell/require_spec.lua' finished with pass
[13Jan.2024 07:34:26.492] [ForkJoinPool-1-worker-1/INFO] [dan200.computercraft.core.ComputerTestDelegate/]: Finished 'cc.internal.syntax -> can parse all of CC's Lua files -> test-rom/spec/modules/cc/shell/require_spec.lua'
[13Jan.2024 07:34:26.492] [ForkJoinPool-1-worker-1/INFO] [dan200.computercraft.core.ComputerTestDelegate/]: Starting 'cc.internal.syntax -> can parse all of CC's Lua files -> rom/programs/label.lua'
[13Jan.2024 07:34:26.494] [ComputerCraft-Coroutine-0/INFO] [dan200.computercraft.core.ComputerTestDelegate/]: 'cc.internal.syntax -> can parse all of CC's Lua files -> rom/programs/label.lua' finished with pass
[13Jan.2024 07:34:26.494] [ForkJoinPool-1-worker-1/INFO] [dan200.computercraft.core.ComputerTestDelegate/]: Finished 'cc.internal.syntax -> can parse all of CC's Lua files -> rom/programs/label.lua'
[13Jan.2024 07:34:26.494] [ForkJoinPool-1-worker-1/INFO] [dan200.computercraft.core.ComputerTestDelegate/]: Starting 'cc.internal.syntax -> can parse all of CC's Lua files -> test-rom/spec/programs/command/commands_spec.lua'
[13Jan.2024 07:34:26.496] [ComputerCraft-Coroutine-0/INFO] [dan200.computercraft.core.ComputerTestDelegate/]: 'cc.internal.syntax -> can parse all of CC's Lua files -> test-rom/spec/programs/command/commands_spec.lua' finished with pass
[13Jan.2024 07:34:26.496] [ForkJoinPool-1-worker-1/INFO] [dan200.computercraft.core.ComputerTestDelegate/]: Finished 'cc.internal.syntax -> can parse all of CC's Lua files -> test-rom/spec/programs/command/commands_spec.lua'
[13Jan.2024 07:34:26.496] [ForkJoinPool-1-worker-1/INFO] [dan200.computercraft.core.ComputerTestDelegate/]: Starting 'cc.internal.syntax -> can parse all of CC's Lua files -> rom/programs/turtle/unequip.lua'
[13Jan.2024 07:34:26.497] [ComputerCraft-Coroutine-0/INFO] [dan200.computercraft.core.ComputerTestDelegate/]: 'cc.internal.syntax -> can parse all of CC's Lua files -> rom/programs/turtle/unequip.lua' finished with pass
[13Jan.2024 07:34:26.497] [ForkJoinPool-1-worker-1/INFO] [dan200.computercraft.core.ComputerTestDelegate/]: Finished 'cc.internal.syntax -> can parse all of CC's Lua files -> rom/programs/turtle/unequip.lua'
[13Jan.2024 07:34:26.497] [ForkJoinPool-1-worker-1/INFO] [dan200.computercraft.core.ComputerTestDelegate/]: Starting 'cc.internal.syntax -> can parse all of CC's Lua files -> test-rom/spec/programs/gps_spec.lua'
[13Jan.2024 07:34:26.498] [ComputerCraft-Coroutine-0/INFO] [dan200.computercraft.core.ComputerTestDelegate/]: 'cc.internal.syntax -> can parse all of CC's Lua files -> test-rom/spec/programs/gps_spec.lua' finished with pass
[13Jan.2024 07:34:26.498] [ForkJoinPool-1-worker-1/INFO] [dan200.computercraft.core.ComputerTestDelegate/]: Finished 'cc.internal.syntax -> can parse all of CC's Lua files -> test-rom/spec/programs/gps_spec.lua'
[13Jan.2024 07:34:26.498] [ForkJoinPool-1-worker-1/INFO] [dan200.computercraft.core.ComputerTestDelegate/]: Starting 'cc.internal.syntax -> can parse all of CC's Lua files -> rom/modules/main/cc/internal/import.lua'
[13Jan.2024 07:34:26.500] [ComputerCraft-Coroutine-0/INFO] [dan200.computercraft.core.ComputerTestDelegate/]: 'cc.internal.syntax -> can parse all of CC's Lua files -> rom/modules/main/cc/internal/import.lua' finished with pass
[13Jan.2024 07:34:26.500] [ForkJoinPool-1-worker-1/INFO] [dan200.computercraft.core.ComputerTestDelegate/]: Finished 'cc.internal.syntax -> can parse all of CC's Lua files -> rom/modules/main/cc/internal/import.lua'
[13Jan.2024 07:34:26.500] [ForkJoinPool-1-worker-1/INFO] [dan200.computercraft.core.ComputerTestDelegate/]: Starting 'cc.internal.syntax -> can parse all of CC's Lua files -> rom/modules/main/cc/strings.lua'
[13Jan.2024 07:34:26.502] [ComputerCraft-Coroutine-0/INFO] [dan200.computercraft.core.ComputerTestDelegate/]: 'cc.internal.syntax -> can parse all of CC's Lua files -> rom/modules/main/cc/strings.lua' finished with pass
[13Jan.2024 07:34:26.503] [ForkJoinPool-1-worker-1/INFO] [dan200.computercraft.core.ComputerTestDelegate/]: Finished 'cc.internal.syntax -> can parse all of CC's Lua files -> rom/modules/main/cc/strings.lua'
[13Jan.2024 07:34:26.503] [ForkJoinPool-1-worker-1/INFO] [dan200.computercraft.core.ComputerTestDelegate/]: Starting 'cc.internal.syntax -> the REPL input parser -> returns true when accepted by both parsers'
[13Jan.2024 07:34:26.503] [ComputerCraft-Coroutine-0/INFO] [dan200.computercraft.core.ComputerTestDelegate/]: 'cc.internal.syntax -> the REPL input parser -> returns true when accepted by both parsers' finished with pass
[13Jan.2024 07:34:26.503] [ForkJoinPool-1-worker-1/INFO] [dan200.computercraft.core.ComputerTestDelegate/]: Finished 'cc.internal.syntax -> the REPL input parser -> returns true when accepted by both parsers'
[13Jan.2024 07:34:26.503] [ForkJoinPool-1-worker-1/INFO] [dan200.computercraft.core.ComputerTestDelegate/]: Starting 'cc.internal.syntax -> the REPL input parser -> returns true when accepted by one parser'
[13Jan.2024 07:34:26.504] [ComputerCraft-Coroutine-0/INFO] [dan200.computercraft.core.ComputerTestDelegate/]: 'cc.internal.syntax -> the REPL input parser -> returns true when accepted by one parser' finished with pass
[13Jan.2024 07:34:26.504] [ForkJoinPool-1-worker-1/INFO] [dan200.computercraft.core.ComputerTestDelegate/]: Finished 'cc.internal.syntax -> the REPL input parser -> returns true when accepted by one parser'
[13Jan.2024 07:34:26.504] [ForkJoinPool-1-worker-1/INFO] [dan200.computercraft.core.ComputerTestDelegate/]: Starting 'The wget program -> displays its usage when given no arguments'
[13Jan.2024 07:34:26.505] [ComputerCraft-Coroutine-0/INFO] [dan200.computercraft.core.ComputerTestDelegate/]: 'The wget program -> displays its usage when given no arguments' finished with pass
[13Jan.2024 07:34:26.505] [ForkJoinPool-1-worker-1/INFO] [dan200.computercraft.core.ComputerTestDelegate/]: Finished 'The wget program -> displays its usage when given no arguments'
[13Jan.2024 07:34:26.505] [ForkJoinPool-1-worker-1/INFO] [dan200.computercraft.core.ComputerTestDelegate/]: Starting 'The wget program -> cannot save to rom'
[13Jan.2024 07:34:26.506] [ComputerCraft-Coroutine-0/INFO] [dan200.computercraft.core.ComputerTestDelegate/]: 'The wget program -> cannot save to rom' finished with pass
[13Jan.2024 07:34:26.506] [ForkJoinPool-1-worker-1/INFO] [dan200.computercraft.core.ComputerTestDelegate/]: Finished 'The wget program -> cannot save to rom'
[13Jan.2024 07:34:26.507] [ForkJoinPool-1-worker-1/INFO] [dan200.computercraft.core.ComputerTestDelegate/]: Starting 'The wget program -> runs a program from the internet'
[13Jan.2024 07:34:26.507] [ComputerCraft-Coroutine-0/INFO] [dan200.computercraft.core.ComputerTestDelegate/]: 'The wget program -> runs a program from the internet' finished with pass
[13Jan.2024 07:34:26.507] [ForkJoinPool-1-worker-1/INFO] [dan200.computercraft.core.ComputerTestDelegate/]: Finished 'The wget program -> runs a program from the internet'
[13Jan.2024 07:34:26.508] [ForkJoinPool-1-worker-1/INFO] [dan200.computercraft.core.ComputerTestDelegate/]: Starting 'The wget program -> can be completed'
[13Jan.2024 07:34:26.508] [ComputerCraft-Coroutine-0/INFO] [dan200.computercraft.core.ComputerTestDelegate/]: 'The wget program -> can be completed' finished with pass
[13Jan.2024 07:34:26.508] [ForkJoinPool-1-worker-1/INFO] [dan200.computercraft.core.ComputerTestDelegate/]: Finished 'The wget program -> can be completed'
[13Jan.2024 07:34:26.508] [ForkJoinPool-1-worker-1/INFO] [dan200.computercraft.core.ComputerTestDelegate/]: Starting 'The wget program -> downloads one file'
[13Jan.2024 07:34:26.509] [ComputerCraft-Coroutine-0/INFO] [dan200.computercraft.core.ComputerTestDelegate/]: 'The wget program -> downloads one file' finished with pass
[13Jan.2024 07:34:26.509] [ForkJoinPool-1-worker-1/INFO] [dan200.computercraft.core.ComputerTestDelegate/]: Finished 'The wget program -> downloads one file'
[13Jan.2024 07:34:26.509] [ForkJoinPool-1-worker-1/INFO] [dan200.computercraft.core.ComputerTestDelegate/]: Starting 'The wget program -> downloads empty files'
[13Jan.2024 07:34:26.510] [ComputerCraft-Coroutine-0/INFO] [dan200.computercraft.core.ComputerTestDelegate/]: 'The wget program -> downloads empty files' finished with pass
[13Jan.2024 07:34:26.510] [ForkJoinPool-1-worker-1/INFO] [dan200.computercraft.core.ComputerTestDelegate/]: Finished 'The wget program -> downloads empty files'
[13Jan.2024 07:34:26.510] [ForkJoinPool-1-worker-1/INFO] [dan200.computercraft.core.ComputerTestDelegate/]: Starting 'The wget program -> downloads one file with given filename'
[13Jan.2024 07:34:26.511] [ComputerCraft-Coroutine-0/INFO] [dan200.computercraft.core.ComputerTestDelegate/]: 'The wget program -> downloads one file with given filename' finished with pass
[13Jan.2024 07:34:26.511] [ForkJoinPool-1-worker-1/INFO] [dan200.computercraft.core.ComputerTestDelegate/]: Finished 'The wget program -> downloads one file with given filename'
[13Jan.2024 07:34:26.512] [ForkJoinPool-1-worker-1/INFO] [dan200.computercraft.core.ComputerTestDelegate/]: Starting 'The help program -> launches the viewer for a longer file'
[13Jan.2024 07:34:26.514] [ComputerCraft-Coroutine-0/INFO] [dan200.computercraft.core.ComputerTestDelegate/]: 'The help program -> launches the viewer for a longer file' finished with pass
[13Jan.2024 07:34:26.514] [ForkJoinPool-1-worker-1/INFO] [dan200.computercraft.core.ComputerTestDelegate/]: Finished 'The help program -> launches the viewer for a longer file'
[13Jan.2024 07:34:26.514] [ForkJoinPool-1-worker-1/INFO] [dan200.computercraft.core.ComputerTestDelegate/]: Starting 'The help program -> errors when there is no such help file'
[13Jan.2024 07:34:26.516] [ComputerCraft-Coroutine-0/INFO] [dan200.computercraft.core.ComputerTestDelegate/]: 'The help program -> errors when there is no such help file' finished with pass
[13Jan.2024 07:34:26.516] [ForkJoinPool-1-worker-1/INFO] [dan200.computercraft.core.ComputerTestDelegate/]: Finished 'The help program -> errors when there is no such help file'
[13Jan.2024 07:34:26.516] [ForkJoinPool-1-worker-1/INFO] [dan200.computercraft.core.ComputerTestDelegate/]: Starting 'The help program -> prints a short file directly'
[13Jan.2024 07:34:26.518] [ComputerCraft-Coroutine-0/INFO] [dan200.computercraft.core.ComputerTestDelegate/]: 'The help program -> prints a short file directly' finished with pass
[13Jan.2024 07:34:26.518] [ForkJoinPool-1-worker-1/INFO] [dan200.computercraft.core.ComputerTestDelegate/]: Finished 'The help program -> prints a short file directly'
[13Jan.2024 07:34:26.519] [ForkJoinPool-1-worker-1/INFO] [dan200.computercraft.core.ComputerTestDelegate/]: Starting 'The edit program -> displays its usage when given no argument'
[13Jan.2024 07:34:26.520] [ComputerCraft-Coroutine-0/INFO] [dan200.computercraft.core.ComputerTestDelegate/]: 'The edit program -> displays its usage when given no argument' finished with pass
[13Jan.2024 07:34:26.520] [ForkJoinPool-1-worker-1/INFO] [dan200.computercraft.core.ComputerTestDelegate/]: Finished 'The edit program -> displays its usage when given no argument'
[13Jan.2024 07:34:26.521] [ForkJoinPool-1-worker-1/INFO] [dan200.computercraft.core.ComputerTestDelegate/]: Starting 'The os library -> os.date -> produces output consistent with PUC Lua -> for code '%H''
[13Jan.2024 07:34:26.524] [ComputerCraft-Coroutine-0/INFO] [dan200.computercraft.core.ComputerTestDelegate/]: 'The os library -> os.date -> produces output consistent with PUC Lua -> for code '%H'' finished with pass
[13Jan.2024 07:34:26.524] [ForkJoinPool-1-worker-1/INFO] [dan200.computercraft.core.ComputerTestDelegate/]: Finished 'The os library -> os.date -> produces output consistent with PUC Lua -> for code '%H''
[13Jan.2024 07:34:26.524] [ForkJoinPool-1-worker-1/INFO] [dan200.computercraft.core.ComputerTestDelegate/]: Starting 'The os library -> os.date -> produces output consistent with PUC Lua -> for code '%g''
[13Jan.2024 07:34:26.525] [ComputerCraft-Coroutine-0/INFO] [dan200.computercraft.core.ComputerTestDelegate/]: 'The os library -> os.date -> produces output consistent with PUC Lua -> for code '%g'' finished with pass
[13Jan.2024 07:34:26.525] [ForkJoinPool-1-worker-1/INFO] [dan200.computercraft.core.ComputerTestDelegate/]: Finished 'The os library -> os.date -> produces output consistent with PUC Lua -> for code '%g''
[13Jan.2024 07:34:26.525] [ForkJoinPool-1-worker-1/INFO] [dan200.computercraft.core.ComputerTestDelegate/]: Starting 'The os library -> os.date -> produces output consistent with PUC Lua -> for code '%F''
[13Jan.2024 07:34:26.526] [ComputerCraft-Coroutine-0/INFO] [dan200.computercraft.core.ComputerTestDelegate/]: 'The os library -> os.date -> produces output consistent with PUC Lua -> for code '%F'' finished with pass
[13Jan.2024 07:34:26.526] [ForkJoinPool-1-worker-1/INFO] [dan200.computercraft.core.ComputerTestDelegate/]: Finished 'The os library -> os.date -> produces output consistent with PUC Lua -> for code '%F''
[13Jan.2024 07:34:26.526] [ForkJoinPool-1-worker-1/INFO] [dan200.computercraft.core.ComputerTestDelegate/]: Starting 'The os library -> os.date -> produces output consistent with PUC Lua -> for code '%e''
[13Jan.2024 07:34:26.526] [ComputerCraft-Coroutine-0/INFO] [dan200.computercraft.core.ComputerTestDelegate/]: 'The os library -> os.date -> produces output consistent with PUC Lua -> for code '%e'' finished with pass
[13Jan.2024 07:34:26.526] [ForkJoinPool-1-worker-1/INFO] [dan200.computercraft.core.ComputerTestDelegate/]: Finished 'The os library -> os.date -> produces output consistent with PUC Lua -> for code '%e''
[13Jan.2024 07:34:26.527] [ForkJoinPool-1-worker-1/INFO] [dan200.computercraft.core.ComputerTestDelegate/]: Starting 'The os library -> os.date -> produces output consistent with PUC Lua -> for code '%%''
[13Jan.2024 07:34:26.527] [ComputerCraft-Coroutine-0/INFO] [dan200.computercraft.core.ComputerTestDelegate/]: 'The os library -> os.date -> produces output consistent with PUC Lua -> for code '%%'' finished with pass
[13Jan.2024 07:34:26.527] [ForkJoinPool-1-worker-1/INFO] [dan200.computercraft.core.ComputerTestDelegate/]: Finished 'The os library -> os.date -> produces output consistent with PUC Lua -> for code '%%''
[13Jan.2024 07:34:26.527] [ForkJoinPool-1-worker-1/INFO] [dan200.computercraft.core.ComputerTestDelegate/]: Starting 'The os library -> os.date -> produces output consistent with PUC Lua -> zones id is made of letters'
[13Jan.2024 07:34:26.527] [ComputerCraft-Coroutine-0/INFO] [dan200.computercraft.core.ComputerTestDelegate/]: 'The os library -> os.date -> produces output consistent with PUC Lua -> zones id is made of letters' finished with pass
[13Jan.2024 07:34:26.528] [ForkJoinPool-1-worker-1/INFO] [dan200.computercraft.core.ComputerTestDelegate/]: Finished 'The os library -> os.date -> produces output consistent with PUC Lua -> zones id is made of letters'
[13Jan.2024 07:34:26.528] [ForkJoinPool-1-worker-1/INFO] [dan200.computercraft.core.ComputerTestDelegate/]: Starting 'The os library -> os.date -> produces output consistent with PUC Lua -> for code '%D''
[13Jan.2024 07:34:26.528] [ComputerCraft-Coroutine-0/INFO] [dan200.computercraft.core.ComputerTestDelegate/]: 'The os library -> os.date -> produces output consistent with PUC Lua -> for code '%D'' finished with pass
[13Jan.2024 07:34:26.528] [ForkJoinPool-1-worker-1/INFO] [dan200.computercraft.core.ComputerTestDelegate/]: Finished 'The os library -> os.date -> produces output consistent with PUC Lua -> for code '%D''
[13Jan.2024 07:34:26.528] [ForkJoinPool-1-worker-1/INFO] [dan200.computercraft.core.ComputerTestDelegate/]: Starting 'The os library -> os.date -> produces output consistent with PUC Lua -> for code '%c''
[13Jan.2024 07:34:26.533] [ComputerCraft-Coroutine-0/INFO] [dan200.computercraft.core.ComputerTestDelegate/]: 'The os library -> os.date -> produces output consistent with PUC Lua -> for code '%c'' finished with pass
[13Jan.2024 07:34:26.533] [ForkJoinPool-1-worker-1/INFO] [dan200.computercraft.core.ComputerTestDelegate/]: Finished 'The os library -> os.date -> produces output consistent with PUC Lua -> for code '%c''
[13Jan.2024 07:34:26.534] [ForkJoinPool-1-worker-1/INFO] [dan200.computercraft.core.ComputerTestDelegate/]: Starting 'The os library -> os.date -> produces output consistent with PUC Lua -> for code '%B''
[13Jan.2024 07:34:26.534] [ComputerCraft-Coroutine-0/INFO] [dan200.computercraft.core.ComputerTestDelegate/]: 'The os library -> os.date -> produces output consistent with PUC Lua -> for code '%B'' finished with pass
[13Jan.2024 07:34:26.534] [ForkJoinPool-1-worker-1/INFO] [dan200.computercraft.core.ComputerTestDelegate/]: Finished 'The os library -> os.date -> produces output consistent with PUC Lua -> for code '%B''
[13Jan.2024 07:34:26.534] [ForkJoinPool-1-worker-1/INFO] [dan200.computercraft.core.ComputerTestDelegate/]: Starting 'The os library -> os.date -> produces output consistent with PUC Lua -> for code '%m''
[13Jan.2024 07:34:26.534] [ComputerCraft-Coroutine-0/INFO] [dan200.computercraft.core.ComputerTestDelegate/]: 'The os library -> os.date -> produces output consistent with PUC Lua -> for code '%m'' finished with pass
[13Jan.2024 07:34:26.534] [ForkJoinPool-1-worker-1/INFO] [dan200.computercraft.core.ComputerTestDelegate/]: Finished 'The os library -> os.date -> produces output consistent with PUC Lua -> for code '%m''
[13Jan.2024 07:34:26.535] [ForkJoinPool-1-worker-1/INFO] [dan200.computercraft.core.ComputerTestDelegate/]: Starting 'The os library -> os.date -> produces output consistent with PUC Lua -> for code '%y''
[13Jan.2024 07:34:26.535] [ComputerCraft-Coroutine-0/INFO] [dan200.computercraft.core.ComputerTestDelegate/]: 'The os library -> os.date -> produces output consistent with PUC Lua -> for code '%y'' finished with pass
[13Jan.2024 07:34:26.535] [ForkJoinPool-1-worker-1/INFO] [dan200.computercraft.core.ComputerTestDelegate/]: Finished 'The os library -> os.date -> produces output consistent with PUC Lua -> for code '%y''
[13Jan.2024 07:34:26.535] [ForkJoinPool-1-worker-1/INFO] [dan200.computercraft.core.ComputerTestDelegate/]: Starting 'The os library -> os.date -> produces output consistent with PUC Lua -> for code '%X''
[13Jan.2024 07:34:26.536] [ComputerCraft-Coroutine-0/INFO] [dan200.computercraft.core.ComputerTestDelegate/]: 'The os library -> os.date -> produces output consistent with PUC Lua -> for code '%X'' finished with pass
[13Jan.2024 07:34:26.536] [ForkJoinPool-1-worker-1/INFO] [dan200.computercraft.core.ComputerTestDelegate/]: Finished 'The os library -> os.date -> produces output consistent with PUC Lua -> for code '%X''
[13Jan.2024 07:34:26.536] [ForkJoinPool-1-worker-1/INFO] [dan200.computercraft.core.ComputerTestDelegate/]: Starting 'The os library -> os.date -> produces output consistent with PUC Lua -> for code '%w''
[13Jan.2024 07:34:26.536] [ComputerCraft-Coroutine-0/INFO] [dan200.computercraft.core.ComputerTestDelegate/]: 'The os library -> os.date -> produces output consistent with PUC Lua -> for code '%w'' finished with pass
[13Jan.2024 07:34:26.536] [ForkJoinPool-1-worker-1/INFO] [dan200.computercraft.core.ComputerTestDelegate/]: Finished 'The os library -> os.date -> produces output consistent with PUC Lua -> for code '%w''
[13Jan.2024 07:34:26.536] [ForkJoinPool-1-worker-1/INFO] [dan200.computercraft.core.ComputerTestDelegate/]: Starting 'The os library -> os.date -> produces output consistent with PUC Lua -> for code '%I' #2'
[13Jan.2024 07:34:26.537] [ComputerCraft-Coroutine-0/INFO] [dan200.computercraft.core.ComputerTestDelegate/]: 'The os library -> os.date -> produces output consistent with PUC Lua -> for code '%I' #2' finished with pass
[13Jan.2024 07:34:26.537] [ForkJoinPool-1-worker-1/INFO] [dan200.computercraft.core.ComputerTestDelegate/]: Finished 'The os library -> os.date -> produces output consistent with PUC Lua -> for code '%I' #2'
[13Jan.2024 07:34:26.537] [ForkJoinPool-1-worker-1/INFO] [dan200.computercraft.core.ComputerTestDelegate/]: Starting 'The os library -> os.date -> produces output consistent with PUC Lua -> for code '%V''
[13Jan.2024 07:34:26.537] [ComputerCraft-Coroutine-0/INFO] [dan200.computercraft.core.ComputerTestDelegate/]: 'The os library -> os.date -> produces output consistent with PUC Lua -> for code '%V'' finished with pass
[13Jan.2024 07:34:26.537] [ForkJoinPool-1-worker-1/INFO] [dan200.computercraft.core.ComputerTestDelegate/]: Finished 'The os library -> os.date -> produces output consistent with PUC Lua -> for code '%V''
[13Jan.2024 07:34:26.537] [ForkJoinPool-1-worker-1/INFO] [dan200.computercraft.core.ComputerTestDelegate/]: Starting 'The os library -> os.date -> produces output consistent with PUC Lua -> for code '%u''
[13Jan.2024 07:34:26.538] [ComputerCraft-Coroutine-0/INFO] [dan200.computercraft.core.ComputerTestDelegate/]: 'The os library -> os.date -> produces output consistent with PUC Lua -> for code '%u'' finished with pass
[13Jan.2024 07:34:26.538] [ForkJoinPool-1-worker-1/INFO] [dan200.computercraft.core.ComputerTestDelegate/]: Finished 'The os library -> os.date -> produces output consistent with PUC Lua -> for code '%u''
[13Jan.2024 07:34:26.538] [ForkJoinPool-1-worker-1/INFO] [dan200.computercraft.core.ComputerTestDelegate/]: Starting 'The os library -> os.date -> produces output consistent with PUC Lua -> for code '%T''
[13Jan.2024 07:34:26.538] [ComputerCraft-Coroutine-0/INFO] [dan200.computercraft.core.ComputerTestDelegate/]: 'The os library -> os.date -> produces output consistent with PUC Lua -> for code '%T'' finished with pass
[13Jan.2024 07:34:26.538] [ForkJoinPool-1-worker-1/INFO] [dan200.computercraft.core.ComputerTestDelegate/]: Finished 'The os library -> os.date -> produces output consistent with PUC Lua -> for code '%T''
[13Jan.2024 07:34:26.538] [ForkJoinPool-1-worker-1/INFO] [dan200.computercraft.core.ComputerTestDelegate/]: Starting 'The os library -> os.date -> produces output consistent with PUC Lua -> for code '%R''
[13Jan.2024 07:34:26.538] [ComputerCraft-Coroutine-0/INFO] [dan200.computercraft.core.ComputerTestDelegate/]: 'The os library -> os.date -> produces output consistent with PUC Lua -> for code '%R'' finished with pass
[13Jan.2024 07:34:26.539] [ForkJoinPool-1-worker-1/INFO] [dan200.computercraft.core.ComputerTestDelegate/]: Finished 'The os library -> os.date -> produces output consistent with PUC Lua -> for code '%R''
[13Jan.2024 07:34:26.539] [ForkJoinPool-1-worker-1/INFO] [dan200.computercraft.core.ComputerTestDelegate/]: Starting 'The os library -> os.date -> produces output consistent with PUC Lua -> for code '%A''
[13Jan.2024 07:34:26.539] [ComputerCraft-Coroutine-0/INFO] [dan200.computercraft.core.ComputerTestDelegate/]: 'The os library -> os.date -> produces output consistent with PUC Lua -> for code '%A'' finished with pass
[13Jan.2024 07:34:26.539] [ForkJoinPool-1-worker-1/INFO] [dan200.computercraft.core.ComputerTestDelegate/]: Finished 'The os library -> os.date -> produces output consistent with PUC Lua -> for code '%A''
[13Jan.2024 07:34:26.539] [ForkJoinPool-1-worker-1/INFO] [dan200.computercraft.core.ComputerTestDelegate/]: Starting 'The os library -> os.date -> produces output consistent with PUC Lua -> for code '%I''
[13Jan.2024 07:34:26.540] [ComputerCraft-Coroutine-0/INFO] [dan200.computercraft.core.ComputerTestDelegate/]: 'The os library -> os.date -> produces output consistent with PUC Lua -> for code '%I'' finished with pass
[13Jan.2024 07:34:26.540] [ForkJoinPool-1-worker-1/INFO] [dan200.computercraft.core.ComputerTestDelegate/]: Finished 'The os library -> os.date -> produces output consistent with PUC Lua -> for code '%I''
[13Jan.2024 07:34:26.540] [ForkJoinPool-1-worker-1/INFO] [dan200.computercraft.core.ComputerTestDelegate/]: Starting 'The os library -> os.date -> produces output consistent with PUC Lua -> for code '%h''
[13Jan.2024 07:34:26.540] [ComputerCraft-Coroutine-0/INFO] [dan200.computercraft.core.ComputerTestDelegate/]: 'The os library -> os.date -> produces output consistent with PUC Lua -> for code '%h'' finished with pass
[13Jan.2024 07:34:26.540] [ForkJoinPool-1-worker-1/INFO] [dan200.computercraft.core.ComputerTestDelegate/]: Finished 'The os library -> os.date -> produces output consistent with PUC Lua -> for code '%h''
[13Jan.2024 07:34:26.540] [ForkJoinPool-1-worker-1/INFO] [dan200.computercraft.core.ComputerTestDelegate/]: Starting 'The os library -> os.date -> produces output consistent with PUC Lua -> for code '%G''
[13Jan.2024 07:34:26.541] [ComputerCraft-Coroutine-0/INFO] [dan200.computercraft.core.ComputerTestDelegate/]: 'The os library -> os.date -> produces output consistent with PUC Lua -> for code '%G'' finished with pass
[13Jan.2024 07:34:26.541] [ForkJoinPool-1-worker-1/INFO] [dan200.computercraft.core.ComputerTestDelegate/]: Finished 'The os library -> os.date -> produces output consistent with PUC Lua -> for code '%G''
[13Jan.2024 07:34:26.541] [ForkJoinPool-1-worker-1/INFO] [dan200.computercraft.core.ComputerTestDelegate/]: Starting 'The os library -> os.date -> produces output consistent with PUC Lua -> for code '%d''
[13Jan.2024 07:34:26.541] [ComputerCraft-Coroutine-0/INFO] [dan200.computercraft.core.ComputerTestDelegate/]: 'The os library -> os.date -> produces output consistent with PUC Lua -> for code '%d'' finished with pass
[13Jan.2024 07:34:26.541] [ForkJoinPool-1-worker-1/INFO] [dan200.computercraft.core.ComputerTestDelegate/]: Finished 'The os library -> os.date -> produces output consistent with PUC Lua -> for code '%d''
[13Jan.2024 07:34:26.541] [ForkJoinPool-1-worker-1/INFO] [dan200.computercraft.core.ComputerTestDelegate/]: Starting 'The os library -> os.date -> produces output consistent with PUC Lua -> for code '%C''
[13Jan.2024 07:34:26.541] [ComputerCraft-Coroutine-0/INFO] [dan200.computercraft.core.ComputerTestDelegate/]: 'The os library -> os.date -> produces output consistent with PUC Lua -> for code '%C'' finished with pass
[13Jan.2024 07:34:26.542] [ForkJoinPool-1-worker-1/INFO] [dan200.computercraft.core.ComputerTestDelegate/]: Finished 'The os library -> os.date -> produces output consistent with PUC Lua -> for code '%C''
[13Jan.2024 07:34:26.542] [ForkJoinPool-1-worker-1/INFO] [dan200.computercraft.core.ComputerTestDelegate/]: Starting 'The os library -> os.date -> produces output consistent with PUC Lua -> for code '%b''
[13Jan.2024 07:34:26.542] [ComputerCraft-Coroutine-0/INFO] [dan200.computercraft.core.ComputerTestDelegate/]: 'The os library -> os.date -> produces output consistent with PUC Lua -> for code '%b'' finished with pass
[13Jan.2024 07:34:26.542] [ForkJoinPool-1-worker-1/INFO] [dan200.computercraft.core.ComputerTestDelegate/]: Finished 'The os library -> os.date -> produces output consistent with PUC Lua -> for code '%b''
[13Jan.2024 07:34:26.542] [ForkJoinPool-1-worker-1/INFO] [dan200.computercraft.core.ComputerTestDelegate/]: Starting 'The os library -> os.date -> produces output consistent with PUC Lua -> %r at 12 AM'
[13Jan.2024 07:34:26.543] [ComputerCraft-Coroutine-0/INFO] [dan200.computercraft.core.ComputerTestDelegate/]: 'The os library -> os.date -> produces output consistent with PUC Lua -> %r at 12 AM' finished with pass
[13Jan.2024 07:34:26.543] [ForkJoinPool-1-worker-1/INFO] [dan200.computercraft.core.ComputerTestDelegate/]: Finished 'The os library -> os.date -> produces output consistent with PUC Lua -> %r at 12 AM'
[13Jan.2024 07:34:26.543] [ForkJoinPool-1-worker-1/INFO] [dan200.computercraft.core.ComputerTestDelegate/]: Starting 'The os library -> os.date -> produces output consistent with PUC Lua -> for code '%p''
[13Jan.2024 07:34:26.543] [ComputerCraft-Coroutine-0/INFO] [dan200.computercraft.core.ComputerTestDelegate/]: 'The os library -> os.date -> produces output consistent with PUC Lua -> for code '%p'' finished with pass
[13Jan.2024 07:34:26.543] [ForkJoinPool-1-worker-1/INFO] [dan200.computercraft.core.ComputerTestDelegate/]: Finished 'The os library -> os.date -> produces output consistent with PUC Lua -> for code '%p''
[13Jan.2024 07:34:26.543] [ForkJoinPool-1-worker-1/INFO] [dan200.computercraft.core.ComputerTestDelegate/]: Starting 'The os library -> os.date -> produces output consistent with PUC Lua -> zones are numbers'
[13Jan.2024 07:34:26.544] [ComputerCraft-Coroutine-0/INFO] [dan200.computercraft.core.ComputerTestDelegate/]: 'The os library -> os.date -> produces output consistent with PUC Lua -> zones are numbers' finished with pass
[13Jan.2024 07:34:26.544] [ForkJoinPool-1-worker-1/INFO] [dan200.computercraft.core.ComputerTestDelegate/]: Finished 'The os library -> os.date -> produces output consistent with PUC Lua -> zones are numbers'
[13Jan.2024 07:34:26.544] [ForkJoinPool-1-worker-1/INFO] [dan200.computercraft.core.ComputerTestDelegate/]: Starting 'The os library -> os.date -> produces output consistent with PUC Lua -> for code '%n''
[13Jan.2024 07:34:26.544] [ComputerCraft-Coroutine-0/INFO] [dan200.computercraft.core.ComputerTestDelegate/]: 'The os library -> os.date -> produces output consistent with PUC Lua -> for code '%n'' finished with pass
[13Jan.2024 07:34:26.544] [ForkJoinPool-1-worker-1/INFO] [dan200.computercraft.core.ComputerTestDelegate/]: Finished 'The os library -> os.date -> produces output consistent with PUC Lua -> for code '%n''
[13Jan.2024 07:34:26.544] [ForkJoinPool-1-worker-1/INFO] [dan200.computercraft.core.ComputerTestDelegate/]: Starting 'The os library -> os.date -> produces output consistent with PUC Lua -> %I at 12 AM'
[13Jan.2024 07:34:26.545] [ComputerCraft-Coroutine-0/INFO] [dan200.computercraft.core.ComputerTestDelegate/]: 'The os library -> os.date -> produces output consistent with PUC Lua -> %I at 12 AM' finished with pass
[13Jan.2024 07:34:26.545] [ForkJoinPool-1-worker-1/INFO] [dan200.computercraft.core.ComputerTestDelegate/]: Finished 'The os library -> os.date -> produces output consistent with PUC Lua -> %I at 12 AM'
[13Jan.2024 07:34:26.545] [ForkJoinPool-1-worker-1/INFO] [dan200.computercraft.core.ComputerTestDelegate/]: Starting 'The os library -> os.date -> produces output consistent with PUC Lua -> for code '%M''
[13Jan.2024 07:34:26.545] [ComputerCraft-Coroutine-0/INFO] [dan200.computercraft.core.ComputerTestDelegate/]: 'The os library -> os.date -> produces output consistent with PUC Lua -> for code '%M'' finished with pass
[13Jan.2024 07:34:26.545] [ForkJoinPool-1-worker-1/INFO] [dan200.computercraft.core.ComputerTestDelegate/]: Finished 'The os library -> os.date -> produces output consistent with PUC Lua -> for code '%M''
[13Jan.2024 07:34:26.545] [ForkJoinPool-1-worker-1/INFO] [dan200.computercraft.core.ComputerTestDelegate/]: Starting 'The os library -> os.date -> produces output consistent with PUC Lua -> for code '%j''
[13Jan.2024 07:34:26.546] [ComputerCraft-Coroutine-0/INFO] [dan200.computercraft.core.ComputerTestDelegate/]: 'The os library -> os.date -> produces output consistent with PUC Lua -> for code '%j'' finished with pass
[13Jan.2024 07:34:26.546] [ForkJoinPool-1-worker-1/INFO] [dan200.computercraft.core.ComputerTestDelegate/]: Finished 'The os library -> os.date -> produces output consistent with PUC Lua -> for code '%j''
[13Jan.2024 07:34:26.546] [ForkJoinPool-1-worker-1/INFO] [dan200.computercraft.core.ComputerTestDelegate/]: Starting 'The os library -> os.date -> produces output consistent with PUC Lua -> for code '%Y''
[13Jan.2024 07:34:26.546] [ComputerCraft-Coroutine-0/INFO] [dan200.computercraft.core.ComputerTestDelegate/]: 'The os library -> os.date -> produces output consistent with PUC Lua -> for code '%Y'' finished with pass
[13Jan.2024 07:34:26.546] [ForkJoinPool-1-worker-1/INFO] [dan200.computercraft.core.ComputerTestDelegate/]: Finished 'The os library -> os.date -> produces output consistent with PUC Lua -> for code '%Y''
[13Jan.2024 07:34:26.546] [ForkJoinPool-1-worker-1/INFO] [dan200.computercraft.core.ComputerTestDelegate/]: Starting 'The os library -> os.date -> produces output consistent with PUC Lua -> for code '%x''
[13Jan.2024 07:34:26.547] [ComputerCraft-Coroutine-0/INFO] [dan200.computercraft.core.ComputerTestDelegate/]: 'The os library -> os.date -> produces output consistent with PUC Lua -> for code '%x'' finished with pass
[13Jan.2024 07:34:26.547] [ForkJoinPool-1-worker-1/INFO] [dan200.computercraft.core.ComputerTestDelegate/]: Finished 'The os library -> os.date -> produces output consistent with PUC Lua -> for code '%x''
[13Jan.2024 07:34:26.547] [ForkJoinPool-1-worker-1/INFO] [dan200.computercraft.core.ComputerTestDelegate/]: Starting 'The os library -> os.date -> produces output consistent with PUC Lua -> for code '%W''
[13Jan.2024 07:34:26.547] [ComputerCraft-Coroutine-0/INFO] [dan200.computercraft.core.ComputerTestDelegate/]: 'The os library -> os.date -> produces output consistent with PUC Lua -> for code '%W'' finished with pass
[13Jan.2024 07:34:26.547] [ForkJoinPool-1-worker-1/INFO] [dan200.computercraft.core.ComputerTestDelegate/]: Finished 'The os library -> os.date -> produces output consistent with PUC Lua -> for code '%W''
[13Jan.2024 07:34:26.547] [ForkJoinPool-1-worker-1/INFO] [dan200.computercraft.core.ComputerTestDelegate/]: Starting 'The os library -> os.date -> produces output consistent with PUC Lua -> for code '%U''
[13Jan.2024 07:34:26.548] [ComputerCraft-Coroutine-0/INFO] [dan200.computercraft.core.ComputerTestDelegate/]: 'The os library -> os.date -> produces output consistent with PUC Lua -> for code '%U'' finished with pass
[13Jan.2024 07:34:26.548] [ForkJoinPool-1-worker-1/INFO] [dan200.computercraft.core.ComputerTestDelegate/]: Finished 'The os library -> os.date -> produces output consistent with PUC Lua -> for code '%U''
[13Jan.2024 07:34:26.548] [ForkJoinPool-1-worker-1/INFO] [dan200.computercraft.core.ComputerTestDelegate/]: Starting 'The os library -> os.date -> produces output consistent with PUC Lua -> for code '%t''
[13Jan.2024 07:34:26.548] [ComputerCraft-Coroutine-0/INFO] [dan200.computercraft.core.ComputerTestDelegate/]: 'The os library -> os.date -> produces output consistent with PUC Lua -> for code '%t'' finished with pass
[13Jan.2024 07:34:26.548] [ForkJoinPool-1-worker-1/INFO] [dan200.computercraft.core.ComputerTestDelegate/]: Finished 'The os library -> os.date -> produces output consistent with PUC Lua -> for code '%t''
[13Jan.2024 07:34:26.548] [ForkJoinPool-1-worker-1/INFO] [dan200.computercraft.core.ComputerTestDelegate/]: Starting 'The os library -> os.date -> produces output consistent with PUC Lua -> for code '%S''
[13Jan.2024 07:34:26.548] [ComputerCraft-Coroutine-0/INFO] [dan200.computercraft.core.ComputerTestDelegate/]: 'The os library -> os.date -> produces output consistent with PUC Lua -> for code '%S'' finished with pass
[13Jan.2024 07:34:26.549] [ForkJoinPool-1-worker-1/INFO] [dan200.computercraft.core.ComputerTestDelegate/]: Finished 'The os library -> os.date -> produces output consistent with PUC Lua -> for code '%S''
[13Jan.2024 07:34:26.549] [ForkJoinPool-1-worker-1/INFO] [dan200.computercraft.core.ComputerTestDelegate/]: Starting 'The os library -> os.date -> produces output consistent with PUC Lua -> for code '%r''
[13Jan.2024 07:34:26.549] [ComputerCraft-Coroutine-0/INFO] [dan200.computercraft.core.ComputerTestDelegate/]: 'The os library -> os.date -> produces output consistent with PUC Lua -> for code '%r'' finished with pass
[13Jan.2024 07:34:26.549] [ForkJoinPool-1-worker-1/INFO] [dan200.computercraft.core.ComputerTestDelegate/]: Finished 'The os library -> os.date -> produces output consistent with PUC Lua -> for code '%r''
[13Jan.2024 07:34:26.549] [ForkJoinPool-1-worker-1/INFO] [dan200.computercraft.core.ComputerTestDelegate/]: Starting 'The os library -> os.date -> produces output consistent with PUC Lua -> for code '%a''
[13Jan.2024 07:34:26.549] [ComputerCraft-Coroutine-0/INFO] [dan200.computercraft.core.ComputerTestDelegate/]: 'The os library -> os.date -> produces output consistent with PUC Lua -> for code '%a'' finished with pass
[13Jan.2024 07:34:26.549] [ForkJoinPool-1-worker-1/INFO] [dan200.computercraft.core.ComputerTestDelegate/]: Finished 'The os library -> os.date -> produces output consistent with PUC Lua -> for code '%a''
[13Jan.2024 07:34:26.550] [ForkJoinPool-1-worker-1/INFO] [dan200.computercraft.core.ComputerTestDelegate/]: Starting 'The os library -> os.date -> formats as expected'
[13Jan.2024 07:34:26.551] [ComputerCraft-Coroutine-0/INFO] [dan200.computercraft.core.ComputerTestDelegate/]: 'The os library -> os.date -> formats as expected' finished with pass
[13Jan.2024 07:34:26.551] [ForkJoinPool-1-worker-1/INFO] [dan200.computercraft.core.ComputerTestDelegate/]: Finished 'The os library -> os.date -> formats as expected'
[13Jan.2024 07:34:26.551] [ForkJoinPool-1-worker-1/INFO] [dan200.computercraft.core.ComputerTestDelegate/]: Starting 'The os library -> os.day -> supports local and utc time'
[13Jan.2024 07:34:26.551] [ComputerCraft-Coroutine-0/INFO] [dan200.computercraft.core.ComputerTestDelegate/]: 'The os library -> os.day -> supports local and utc time' finished with pass
[13Jan.2024 07:34:26.551] [ForkJoinPool-1-worker-1/INFO] [dan200.computercraft.core.ComputerTestDelegate/]: Finished 'The os library -> os.day -> supports local and utc time'
[13Jan.2024 07:34:26.552] [ForkJoinPool-1-worker-1/INFO] [dan200.computercraft.core.ComputerTestDelegate/]: Starting 'The os library -> os.day -> fails on other times'
[13Jan.2024 07:34:26.552] [ComputerCraft-Coroutine-0/INFO] [dan200.computercraft.core.ComputerTestDelegate/]: 'The os library -> os.day -> fails on other times' finished with pass
[13Jan.2024 07:34:26.552] [ForkJoinPool-1-worker-1/INFO] [dan200.computercraft.core.ComputerTestDelegate/]: Finished 'The os library -> os.day -> fails on other times'
[13Jan.2024 07:34:26.552] [ForkJoinPool-1-worker-1/INFO] [dan200.computercraft.core.ComputerTestDelegate/]: Starting 'The os library -> os.day -> supports in-game time'
[13Jan.2024 07:34:26.553] [ComputerCraft-Coroutine-0/INFO] [dan200.computercraft.core.ComputerTestDelegate/]: 'The os library -> os.day -> supports in-game time' finished with pass
[13Jan.2024 07:34:26.553] [ForkJoinPool-1-worker-1/INFO] [dan200.computercraft.core.ComputerTestDelegate/]: Finished 'The os library -> os.day -> supports in-game time'
[13Jan.2024 07:34:26.553] [ForkJoinPool-1-worker-1/INFO] [dan200.computercraft.core.ComputerTestDelegate/]: Starting 'The os library -> os.loadAPI -> validates arguments'
[13Jan.2024 07:34:26.553] [ComputerCraft-Coroutine-0/INFO] [dan200.computercraft.core.ComputerTestDelegate/]: 'The os library -> os.loadAPI -> validates arguments' finished with pass
[13Jan.2024 07:34:26.553] [ForkJoinPool-1-worker-1/INFO] [dan200.computercraft.core.ComputerTestDelegate/]: Finished 'The os library -> os.loadAPI -> validates arguments'
[13Jan.2024 07:34:26.554] [ForkJoinPool-1-worker-1/INFO] [dan200.computercraft.core.ComputerTestDelegate/]: Starting 'The os library -> os.time -> supports local and utc time'
[13Jan.2024 07:34:26.554] [ComputerCraft-Coroutine-0/INFO] [dan200.computercraft.core.ComputerTestDelegate/]: 'The os library -> os.time -> supports local and utc time' finished with pass
[13Jan.2024 07:34:26.554] [ForkJoinPool-1-worker-1/INFO] [dan200.computercraft.core.ComputerTestDelegate/]: Finished 'The os library -> os.time -> supports local and utc time'
[13Jan.2024 07:34:26.554] [ForkJoinPool-1-worker-1/INFO] [dan200.computercraft.core.ComputerTestDelegate/]: Starting 'The os library -> os.time -> fails on other times'
[13Jan.2024 07:34:26.555] [ComputerCraft-Coroutine-0/INFO] [dan200.computercraft.core.ComputerTestDelegate/]: 'The os library -> os.time -> fails on other times' finished with pass
[13Jan.2024 07:34:26.555] [ForkJoinPool-1-worker-1/INFO] [dan200.computercraft.core.ComputerTestDelegate/]: Finished 'The os library -> os.time -> fails on other times'
[13Jan.2024 07:34:26.555] [ForkJoinPool-1-worker-1/INFO] [dan200.computercraft.core.ComputerTestDelegate/]: Starting 'The os library -> os.time -> supports in-game time'
[13Jan.2024 07:34:26.555] [ComputerCraft-Coroutine-0/INFO] [dan200.computercraft.core.ComputerTestDelegate/]: 'The os library -> os.time -> supports in-game time' finished with pass
[13Jan.2024 07:34:26.555] [ForkJoinPool-1-worker-1/INFO] [dan200.computercraft.core.ComputerTestDelegate/]: Finished 'The os library -> os.time -> supports in-game time'
[13Jan.2024 07:34:26.555] [ForkJoinPool-1-worker-1/INFO] [dan200.computercraft.core.ComputerTestDelegate/]: Starting 'The os library -> os.time -> maps directly to seconds'
[13Jan.2024 07:34:26.556] [ComputerCraft-Coroutine-0/INFO] [dan200.computercraft.core.ComputerTestDelegate/]: 'The os library -> os.time -> maps directly to seconds' finished with pass
[13Jan.2024 07:34:26.556] [ForkJoinPool-1-worker-1/INFO] [dan200.computercraft.core.ComputerTestDelegate/]: Finished 'The os library -> os.time -> maps directly to seconds'
[13Jan.2024 07:34:26.556] [ForkJoinPool-1-worker-1/INFO] [dan200.computercraft.core.ComputerTestDelegate/]: Starting 'The os library -> os.unloadAPI -> validates arguments'
[13Jan.2024 07:34:26.556] [ComputerCraft-Coroutine-0/INFO] [dan200.computercraft.core.ComputerTestDelegate/]: 'The os library -> os.unloadAPI -> validates arguments' finished with pass
[13Jan.2024 07:34:26.556] [ForkJoinPool-1-worker-1/INFO] [dan200.computercraft.core.ComputerTestDelegate/]: Finished 'The os library -> os.unloadAPI -> validates arguments'
[13Jan.2024 07:34:26.556] [ForkJoinPool-1-worker-1/INFO] [dan200.computercraft.core.ComputerTestDelegate/]: Starting 'The os library -> os.epoch -> supports local and utc time'
[13Jan.2024 07:34:26.557] [ComputerCraft-Coroutine-0/INFO] [dan200.computercraft.core.ComputerTestDelegate/]: 'The os library -> os.epoch -> supports local and utc time' finished with pass
[13Jan.2024 07:34:26.557] [ForkJoinPool-1-worker-1/INFO] [dan200.computercraft.core.ComputerTestDelegate/]: Finished 'The os library -> os.epoch -> supports local and utc time'
[13Jan.2024 07:34:26.557] [ForkJoinPool-1-worker-1/INFO] [dan200.computercraft.core.ComputerTestDelegate/]: Starting 'The os library -> os.epoch -> fails on other times'
[13Jan.2024 07:34:26.557] [ComputerCraft-Coroutine-0/INFO] [dan200.computercraft.core.ComputerTestDelegate/]: 'The os library -> os.epoch -> fails on other times' finished with pass
[13Jan.2024 07:34:26.557] [ForkJoinPool-1-worker-1/INFO] [dan200.computercraft.core.ComputerTestDelegate/]: Finished 'The os library -> os.epoch -> fails on other times'
[13Jan.2024 07:34:26.557] [ForkJoinPool-1-worker-1/INFO] [dan200.computercraft.core.ComputerTestDelegate/]: Starting 'The os library -> os.epoch -> supports in-game time'
[13Jan.2024 07:34:26.558] [ComputerCraft-Coroutine-0/INFO] [dan200.computercraft.core.ComputerTestDelegate/]: 'The os library -> os.epoch -> supports in-game time' finished with pass
[13Jan.2024 07:34:26.558] [ForkJoinPool-1-worker-1/INFO] [dan200.computercraft.core.ComputerTestDelegate/]: Finished 'The os library -> os.epoch -> supports in-game time'
[13Jan.2024 07:34:26.558] [ForkJoinPool-1-worker-1/INFO] [dan200.computercraft.core.ComputerTestDelegate/]: Starting 'The os library -> os.date and os.time -> has 365 days in a year'
[13Jan.2024 07:34:26.558] [ComputerCraft-Coroutine-0/INFO] [dan200.computercraft.core.ComputerTestDelegate/]: 'The os library -> os.date and os.time -> has 365 days in a year' finished with pass
[13Jan.2024 07:34:26.558] [ForkJoinPool-1-worker-1/INFO] [dan200.computercraft.core.ComputerTestDelegate/]: Finished 'The os library -> os.date and os.time -> has 365 days in a year'
[13Jan.2024 07:34:26.558] [ForkJoinPool-1-worker-1/INFO] [dan200.computercraft.core.ComputerTestDelegate/]: Starting 'The os library -> os.date and os.time -> os.date uses local timezone'
[13Jan.2024 07:34:26.559] [ComputerCraft-Coroutine-0/INFO] [dan200.computercraft.core.ComputerTestDelegate/]: 'The os library -> os.date and os.time -> os.date uses local timezone' finished with pass
[13Jan.2024 07:34:26.559] [ForkJoinPool-1-worker-1/INFO] [dan200.computercraft.core.ComputerTestDelegate/]: Finished 'The os library -> os.date and os.time -> os.date uses local timezone'
[13Jan.2024 07:34:26.559] [ForkJoinPool-1-worker-1/INFO] [dan200.computercraft.core.ComputerTestDelegate/]: Starting 'The os library -> os.date and os.time -> round trips correctly'
[13Jan.2024 07:34:26.559] [ComputerCraft-Coroutine-0/INFO] [dan200.computercraft.core.ComputerTestDelegate/]: 'The os library -> os.date and os.time -> round trips correctly' finished with pass
[13Jan.2024 07:34:26.559] [ForkJoinPool-1-worker-1/INFO] [dan200.computercraft.core.ComputerTestDelegate/]: Finished 'The os library -> os.date and os.time -> round trips correctly'
[13Jan.2024 07:34:26.559] [ForkJoinPool-1-worker-1/INFO] [dan200.computercraft.core.ComputerTestDelegate/]: Starting 'The os library -> os.date and os.time -> dst field is guessed'
[13Jan.2024 07:34:26.559] [ComputerCraft-Coroutine-0/INFO] [dan200.computercraft.core.ComputerTestDelegate/]: 'The os library -> os.date and os.time -> dst field is guessed' finished with pass
[13Jan.2024 07:34:26.559] [ForkJoinPool-1-worker-1/INFO] [dan200.computercraft.core.ComputerTestDelegate/]: Finished 'The os library -> os.date and os.time -> dst field is guessed'
[13Jan.2024 07:34:26.560] [ForkJoinPool-1-worker-1/INFO] [dan200.computercraft.core.ComputerTestDelegate/]: Finished execution
[13Jan.2024 07:34:26.562] [ComputerCraft-Coroutine-0/INFO] [dan200.computercraft.core.ComputerTestDelegate/]: Finished
[13Jan.2024 07:34:26.562] [ComputerCraft-Coroutine-0/INFO] [dan200.computercraft.core.ComputerTestDelegate/]: Finished
[13Jan.2024 07:34:26.615] [ForkJoinPool-1-worker-1/WARN] [computercraft/]: LuaFunction method class dan200.computercraft.core.asm.GeneratorTest$NonInstance.go should be an instance method.
[13Jan.2024 07:34:26.616] [ForkJoinPool-1-worker-1/DEBUG] [computercraft/]: Generating method wrapper for dan200.computercraft.core.asm.GeneratorTest$Basic.go.
[13Jan.2024 07:34:26.618] [ForkJoinPool-1-worker-1/ERROR] [computercraft/]: Lua Method dan200.computercraft.core.asm.GeneratorTest$NonPublic.go should be on a public class.
[13Jan.2024 07:34:26.619] [ForkJoinPool-1-worker-1/DEBUG] [computercraft/]: Generating method wrapper for dan200.computercraft.core.asm.GeneratorTest$IllegalThrows.go.
[13Jan.2024 07:34:26.619] [ForkJoinPool-1-worker-1/ERROR] [computercraft/]: Lua Method dan200.computercraft.core.asm.GeneratorTest$IllegalThrows.go cannot throw java.io.IOException.
[13Jan.2024 07:34:26.620] [ForkJoinPool-1-worker-1/DEBUG] [computercraft/]: Generating method wrapper for dan200.computercraft.core.asm.GeneratorTest$EnumMethods.getEnum.
[13Jan.2024 07:34:26.620] [ForkJoinPool-1-worker-1/DEBUG] [computercraft/]: Generating method wrapper for dan200.computercraft.core.asm.GeneratorTest$EnumMethods.optEnum.
[13Jan.2024 07:34:26.623] [ForkJoinPool-1-worker-1/DEBUG] [computercraft/]: Generating method wrapper for dan200.computercraft.core.asm.GeneratorTest$ArgKinds.unknown.
[13Jan.2024 07:34:26.623] [ForkJoinPool-1-worker-1/ERROR] [computercraft/]: Unknown parameter type dan200.computercraft.api.peripheral.IComputerAccess for method dan200.computercraft.core.asm.GeneratorTest$ArgKinds.unknown.
[13Jan.2024 07:34:26.623] [ForkJoinPool-1-worker-1/DEBUG] [computercraft/]: Generating method wrapper for dan200.computercraft.core.asm.GeneratorTest$ArgKinds.context.
[13Jan.2024 07:34:26.623] [ForkJoinPool-1-worker-1/DEBUG] [computercraft/]: Generating method wrapper for dan200.computercraft.core.asm.GeneratorTest$ArgKinds.arguments.
[13Jan.2024 07:34:26.623] [ForkJoinPool-1-worker-1/DEBUG] [computercraft/]: Generating method wrapper for dan200.computercraft.core.asm.GeneratorTest$ArgKinds.optIllegalMap.
[13Jan.2024 07:34:26.626] [ForkJoinPool-1-worker-1/ERROR] [computercraft/]: Method class dan200.computercraft.core.asm.GeneratorTest$ArgKinds.optIllegalMap has generic type java.util.Map<java.lang.String, java.lang.Integer> with non-wildcard argument class java.lang.String.
[13Jan.2024 07:34:26.626] [ForkJoinPool-1-worker-1/DEBUG] [computercraft/]: Generating method wrapper for dan200.computercraft.core.asm.GeneratorTest$ArgKinds.intArg.
[13Jan.2024 07:34:26.626] [ForkJoinPool-1-worker-1/DEBUG] [computercraft/]: Generating method wrapper for dan200.computercraft.core.asm.GeneratorTest$ArgKinds.objectArg.
[13Jan.2024 07:34:26.626] [ForkJoinPool-1-worker-1/DEBUG] [computercraft/]: Generating method wrapper for dan200.computercraft.core.asm.GeneratorTest$ArgKinds.optIntArg.
[13Jan.2024 07:34:26.627] [ForkJoinPool-1-worker-1/DEBUG] [computercraft/]: Generating method wrapper for dan200.computercraft.core.asm.GeneratorTest$ArgKinds.illegalMap.
[13Jan.2024 07:34:26.627] [ForkJoinPool-1-worker-1/ERROR] [computercraft/]: Method class dan200.computercraft.core.asm.GeneratorTest$ArgKinds.illegalMap has generic type java.util.Map<java.lang.String, java.lang.Integer> with non-wildcard argument class java.lang.String.
[13Jan.2024 07:34:26.627] [ForkJoinPool-1-worker-1/DEBUG] [computercraft/]: Generating method wrapper for dan200.computercraft.core.asm.GeneratorTest$MainThread.go.
[13Jan.2024 07:34:26.630] [ForkJoinPool-1-worker-1/DEBUG] [computercraft/]: Generating method wrapper for dan200.computercraft.core.asm.GeneratorTest$Unsafe.invalid.
[13Jan.2024 07:34:26.630] [ForkJoinPool-1-worker-1/ERROR] [computercraft/]: Lua Method dan200.computercraft.core.asm.GeneratorTest$Unsafe.invalid cannot use unsafe and mainThread
[13Jan.2024 07:34:26.630] [ForkJoinPool-1-worker-1/DEBUG] [computercraft/]: Generating method wrapper for dan200.computercraft.core.asm.GeneratorTest$Unsafe.withoutUnsafe.
[13Jan.2024 07:34:26.630] [ForkJoinPool-1-worker-1/ERROR] [computercraft/]: Unknown parameter type dan200.computercraft.api.lua.LuaTable for method dan200.computercraft.core.asm.GeneratorTest$Unsafe.withoutUnsafe.
[13Jan.2024 07:34:26.630] [ForkJoinPool-1-worker-1/DEBUG] [computercraft/]: Generating method wrapper for dan200.computercraft.core.asm.GeneratorTest$Unsafe.withUnsafe.
[13Jan.2024 07:34:26.631] [ForkJoinPool-1-worker-1/DEBUG] [computercraft/]: Generating method wrapper for dan200.computercraft.core.asm.GeneratorTest$CustomNames.go.
[13Jan.2024 07:34:26.635] [ForkJoinPool-1-worker-1/DEBUG] [computercraft/]: Generating method wrapper for dan200.computercraft.core.asm.MethodTest$Dynamic.bar.
[13Jan.2024 07:34:26.638] [ComputerCraft-Computer-Worker-5/DEBUG] [computercraft/]: Generating method wrapper for dan200.computercraft.core.computer.ComputerBootstrap$AssertApi.log.
[13Jan.2024 07:34:26.639] [ComputerCraft-Computer-Worker-5/DEBUG] [computercraft/]: Generating method wrapper for dan200.computercraft.core.computer.ComputerBootstrap$AssertApi.doAssert.
[13Jan.2024 07:34:28.832] [ForkJoinPool-1-worker-1/DEBUG] [computercraft/]: Generating method wrapper for dan200.computercraft.core.asm.MethodTest$PeripheralThrow.thisThread.
[13Jan.2024 07:34:28.833] [ForkJoinPool-1-worker-1/DEBUG] [computercraft/]: Generating method wrapper for dan200.computercraft.core.asm.MethodTest$PeripheralThrow.mainThread.
[13Jan.2024 07:34:29.952] [ComputerCraft-Computer-Worker-7/DEBUG] [computercraft/]: Generating method wrapper for dan200.computercraft.core.asm.MethodTest$ExtraObject.go2.
[13Jan.2024 07:34:34.313] [ComputerCraft-Computer-Worker-9/DEBUG] [computercraft/]: Generating method wrapper for dan200.computercraft.core.asm.MethodTest$MainThread.go.
[13Jan.2024 07:34:35.425] [ForkJoinPool-1-worker-1/DEBUG] [computercraft/]: Generating method wrapper for dan200.computercraft.core.asm.MethodTest$MainThread.go.
[13Jan.2024 07:34:36.549] [ComputerCraft-Computer-Worker-11/DEBUG] [computercraft/]: Generating method wrapper for dan200.computercraft.core.asm.MethodTest$Dynamic.bar.
[13Jan.2024 07:34:38.757] [ComputerCraft-Computer-Worker-12/DEBUG] [computercraft/]: Generating method wrapper for dan200.computercraft.core.asm.MethodTest$ReturnFunction.call.
[13Jan.2024 07:34:48.025] [junit-timeout-thread-1/DEBUG] [computercraft/]: Shutting down due to error
[13Jan.2024 07:34:49.124] [ForkJoinPool-1-worker-1/INFO] [net.minecraft.server.packs.resources.ReloadableResourceManager/]: Reloading ResourceManager: resources
[13Jan.2024 07:34:49.182] [ForkJoinPool-1-worker-1/INFO] [net.minecraft.server.packs.resources.ReloadableResourceManager/]: Reloading ResourceManager: resources
[13Jan.2024 07:34:49.182] [ForkJoinPool-1-worker-1/INFO] [net.minecraft.server.packs.resources.ReloadableResourceManager/]: Reloading ResourceManager: resources
[13Jan.2024 07:34:49.184] [ForkJoinPool-1-worker-1/INFO] [net.minecraft.server.packs.resources.ReloadableResourceManager/]: Reloading ResourceManager: resources
[13Jan.2024 07:34:49.185] [ForkJoinPool-1-worker-1/INFO] [net.minecraft.server.packs.resources.ReloadableResourceManager/]: Reloading ResourceManager: resources
